Filename,Document Name,Document Name-Answer,Parties,Parties-Answer,Agreement Date,Agreement Date-Answer,Effective Date,Effective Date-Answer,Expiration Date,Expiration Date-Answer,Renewal Term,Renewal Term-Answer,Notice Period To Terminate Renewal,Notice Period To Terminate Renewal- Answer,Governing Law,Governing Law-Answer
CybergyHoldingsInc_20140520_10-Q_EX-10.27_8605784_EX-10.27_Affiliate Agreement.pdf,['MARKETING AFFILIATE AGREEMENT'],MARKETING AFFILIATE AGREEMENT,"['BIRCH FIRST GLOBAL INVESTMENTS INC.', 'MA', 'Marketing Affiliate', 'MOUNT KNOWLEDGE HOLDINGS INC.', 'Company']","Birch First Global Investments Inc. (""Company""); Mount Kowledge Holdings Inc. (""Marketing Affiliate"", ""MA"")","['8th day of May 2014', 'May 8, 2014']",5/8/14,['This agreement shall begin upon the date of its execution by MA and acceptance in writing by Company'],,['This agreement shall begin upon the date of its execution by MA and acceptance in writing by Company and shall remain in effect until the end of the current calendar year and shall be automatically renewed for successive one (1) year periods unless otherwise terminated according to the cancellation or termination provisions contained in paragraph 18 of this Agreement.'],12/31/14,['This agreement shall begin upon the date of its execution by MA and acceptance in writing by Company and shall remain in effect until the end of the current calendar year and shall be automatically renewed for successive one (1) year periods unless otherwise terminated according to the cancellation or termination provisions contained in paragraph 18 of this Agreement.'],successive 1 year,['This Agreement may be terminated by either party at the expiration of its term or any renewal term upon thirty (30) days written notice to the other party.'],30 days,"['This Agreement is accepted by Company in the State of Nevada and shall be governed by and construed in accordance with the laws thereof, which laws shall prevail in the event of any conflict.']",Nevada
EuromediaHoldingsCorp_20070215_10SB12G_EX-10.B(01)_525118_EX-10.B(01)_Content License Agreement.pdf,['VIDEO-ON-DEMAND CONTENT LICENSE AGREEMENT'],VIDEO-ON-DEMAND CONTENT LICENSE AGREEMENT,"['EuroMedia Holdings Corp.', 'Rogers', 'Rogers Cable Communications Inc.', 'Licensor']","Rogers Cable Communications Inc. (""Rogers""); EuroMedia Holdings Corp. (""Licensor"")","['July 11 , 2006']",7/11/06,"['July 11 , 2006']",7/11/06,"['The term of this Agreement (the ""Initial Term"") shall commence as of the Effective Date and, unless earlier terminated in accordance with this Agreement, shall terminate on June 30, 2010.']",6/30/10,"['At Rogers\' option, this Agreement shall renew for a subsequent term of two (2) years on the terms and conditions herein (the ""Renewal Term"").']",2 years,"[""Notwithstanding the foregoing, if, at the expiry of this Agreement following the Initial Term or the Renewal Term (if any), as applicable, Licensor and Rogers have not executed a new agreement governing the VOD distribution and exhibition of Licensed Programs and Rogers (or its permitted assigns) continues to distribute and exhibit Licensed Programs on the ROD Service following such expiry, such continued distribution and exhibition shall be governed by the terms of this Agreement in effect at the time of expiry, except that each of Licensor and Rogers shall have the right, on sixty (60) days' prior written notice, to terminate this Agreement, as so extended.""]",60 days,"['This Agreement is subject to all laws, regulations, license conditions and decisions of the Canadian Radio-television and Telecommunications Commission (""CRTC"") municipal, provincial and federal governments or other authorities which are applicable to Rogers and/or Licensor, and which are now in force or hereafter adopted (""Applicable Law"").', 'This Agreement shall be governed by laws of the Province of Ontario and the federal laws of Canada applicable therein.']","Ontario, Canada"
FulucaiProductionsLtd_20131223_10-Q_EX-10.9_8368347_EX-10.9_Content License Agreement.pdf,['CONTENT DISTRIBUTION AND LICENSE AGREEMENT'],CONTENT DISTRIBUTION AND LICENSE AGREEMENT,"['Producer', 'Fulucai Productions Ltd.', 'ConvergTV', 'CONVERGTV, INC.']","CONVERGTV, INC. (“ConvergTV”); Fulucai Productions Ltd. (""Producer"")","['November 15, 2012']",11/15/12,"['November 15, 2012']",11/15/12,[],,"['License Term Perpetual, unlimited runs x Other: 2 years Commencing: November 15, 2012']","perpetual, 11/15/2014",[],,"['All questions with respect to the construction of this Agreement, and the rights and liabilities of the Parties hereto, shall be governed by the laws of the State of Florida.']",Florida
GopageCorp_20140221_10-K_EX-10.1_8432966_EX-10.1_Content License Agreement.pdf,['WEBSITE CONTENT LICENSE AGREEMENT'],WEBSITE CONTENT LICENSE AGREEMENT,"['PSiTech Corporation', 'Licensor', 'Licensee', 'Empirical Ventures, Inc.']","PSiTech Corporation (""Licensor""); Empirical Ventures, Inc (""Licensee"")","['Feb 10, 2014']",2/10/14,"['Feb 10, 2014']",2/10/14,"['The initial term of this Agreement commences as of the Effective Date and, unless terminated earlier pursuant to any express provision of this Agreement, shall continue until five (5) years following the Effective Date (the ""Initial Term"").']",2/10/19,"['Thereafter, this Agreement shall renew automatically for one (1) additional three (3) year period (the ""Renewal Term"" and collectively, together with the Initial Term, the ""Term"") unless either party provides the other with written notice of non-renewal at least ninety (90) days before the expiration of the Initial Term].']",3 years,"['Thereafter, this Agreement shall renew automatically for one (1) additional three (3) year period (the ""Renewal Term"" and collectively, together with the Initial Term, the ""Term"") unless either party provides the other with written notice of non-renewal at least ninety (90) days before the expiration of the Initial Term].']",90 days,['This Agreement shall be governed by and construed in accordance with the internal laws of the State of Nevada without giving effect to any choice or conflict of law provision or rule.'],Nevada
IdeanomicsInc_20160330_10-K_EX-10.26_9512211_EX-10.26_Content License Agreement.pdf,['CONTENT LICENSE AGREEMENT'],CONTENT LICENSE AGREEMENT,"['YOU ON DEMAND HOLDINGS, INC.', 'Licensor', 'Licensee', 'Beijing Sun Seven Stars Culture Development Limited']","Beijing Sun Seven Stars Culture Development Limited (""Licensor""); YOU ON DEMAND HOLDINGS, INC (""Licensee"")","['December 21, 2015']",12/21/15,"['December 21, 2015']",12/21/15,"['The Term of this Agreement (the ""Term"") shall commence on the Effective Date listed above and continue for twenty (20) years, unless sooner terminated as provided in Section 7(b) [Term and Termination].']",12/21/35,[],,[],,"['This Agreement shall be governed by and construed in all respects in accordance with the laws of the State of New York, without giving effect to any conflicts of laws principles.']",New York
DeltathreeInc_19991102_S-1A_EX-10.19_6227850_EX-10.19_Co-Branding Agreement_ Service Agreement.pdf,['CO-BRANDING AND SERVICES AGREEMENT'],CO-BRANDING AND SERVICES AGREEMENT,"['PrimeCall', 'deltathree.com, Inc. (formerly known as Delta Three, Inc.)', 'RSL COM PrimeCall, Inc.', 'DeltaThree']","RSL COM PrimeCall, Inc. (""PrimeCall""); deltathree.com, Inc. (formerly known as Delta Three, Inc.) (""DeltaThree"")","['October 1, 1999']",10/1/99,"['October 1, 1999']",10/1/99,"['The term of this Agreement shall be effective as of the date first stated above and shall continue for a term of three (3) years, unless terminated earlier in accordance with the provisions of this Agreement (the ""Term""); provided, however, that PrimeCall may elect to terminate this Agreement, upon thirty (30) days\' written notice, at any time from and after the time that collectively RSL Communications, Ltd. and/or its Affiliates holds less than fifty percent (50%) of the voting control of DeltaThree\'s outstanding shares.']",10/1/02,[],,[],,"['This Agreement shall be governed by, and construed in accordance with, the laws of the State of New York, without giving effect to the conflict of laws principles thereof.']",New York
EdietsComInc_20001030_10QSB_EX-10.4_2606646_EX-10.4_Co-Branding Agreement.pdf,['CO-BRANDING AGREEMENT'],CO-BRANDING AGREEMENT,"['Women.com', 'eDiets', 'WOMEN.COM NETWORKS, INC.', 'EDIETS.COM, INC.']","WOMEN.COM NETWORKS, INC. (""Women.com""); EDIETS.COM, INC. (""eDiets"")","['May 22, 2000']",5/22/00,"['May 22, 2000']",5/22/00,"['This Agreement will become effective as of the Effective Date and, unless sooner terminated pursuant to Sections 3.1<omitted>, shall remain effective for two (2) years from and after the Effective Date (the ""Initial Term"").']",5/22/02,"['This agreement shall automatically renew for additional successive terms of twelve (12) months each at the end of the Initial Term (""Renewal Terms""), unless either party notifies the other in writing at least sixty (60) days prior to the end of the Initial Term.']",successive 1 year,"['This agreement shall automatically renew for additional successive terms of twelve (12) months each at the end of the Initial Term (""Renewal Terms""), unless either party notifies the other in writing at least sixty (60) days prior to the end of the Initial Term.']",60 days,"['This Agreement shall be interpreted and enforced in accordance with the laws of the State of California as applied to agreements made, entered into and performed entirely in California by California residents, notwithstanding the actual residence of the parties, without giving effect to any choice of laws of California that would require the application of the laws of a state other than California.']",California
IntegrityMediaInc_20010329_10-K405_EX-10.17_2373875_EX-10.17_Co-Branding Agreement.pdf,['PRODUCT DEVELOPMENT AND CO-BRANDING AGREEMENT'],PRODUCT DEVELOPMENT AND CO-BRANDING AGREEMENT,"['d/b/a Time Life Music', 'Integrity', 'TL', 'TIME LIFE, INC.', 'INTEGRITY INCORPORATED']","INTEGRITY INCORPORATED (""Integrity""); TIME LIFE, INC. d/b/a Time Life Music (""TL"")",['10th day of January 2000'],1/10/00,[],,"['This agreement shall commence as of date first above written, and          shall Continue through December 31, 2004 (""the Term"").']",12/31/04,[],,[],,"['This Agreement has been entered into in the State of                   Tennessee, and the validity, interpretation and legal effect                   of this Agreement will be governed by the laws of the State of                   Tennessee applicable to contracts entered into and performed                   entirely within the State of Tennessee.']",Tennessee
MusclepharmCorp_20170208_10-KA_EX-10.38_9893581_EX-10.38_Co-Branding Agreement.pdf,['ENDORSEMENT LICENSING AND CO-BRANDING AGREEMENT'],ENDORSEMENT LICENSING AND CO-BRANDING AGREEMENT,"['Endorser', 'collectively, Lender, Endorser, and Fitness are referred to as the ""AS Parties""', 'MusclePharm Corporation', 'Lender', 'Marine MP, LLC', 'Arnold Schwarzenegger', 'Fitness', 'collectively, ""MusclePharm"" or the ""Company""', 'Fitness Publications, Inc.']","Marine MP, LLC (“Lender”); Arnold Schwarzenegger (“Endorser”); Fitness Publications, Inc. (“Fitness”); Lender, Endorser and Fitness (“AS Parties”);  MusclePharm Corporation (""MusclePharm"" or ""Company"")","['July 26, 2013']",7/26/13,"['July 26, 2013']",7/26/13,"['The Term shall commence on July 23, 2013 and shall expire on July 22, 2016, unless otherwise terminated earlier pursuant to Section 9 of this Agreement.', 'This Agreement shall have an Initial Term of three (3) years.']",7/22/16,"['If this Agreement is renewed for the Second Additional Term, then the Second Additional Term shall commence on July 23, 2019 and the Agreement shall expire and terminate automatically without further notice on July 22, 2022.', 'In the event that MusclePharm shall achieve Net Sales (as defined below) of $20 million (the ""First Renewal Threshold"") in the aggregate during the Third Contract Year, then this Agreement shall automatically be renewed for an additional term of three (3) years (the ""First Additional Term"") on the same terms and conditions for the Initial Term except that: (i) no additional Stock Compensation (as defined below) shall be issued in connection with the renewal Term, (ii) the Cash Compensation for the First Additional Term shall be as set forth in Section 7 and Exhibit ""C"" Section (2) attached hereto, (iii) Endorser shall only be obligated to make two (2) Appearances in each Contract Year during the First Additional Term pursuant to Section 4(a)(ii) below and (iv) the marketing budget to promote the Licensed Products shall be $5.0 million during each Contract Year of the First Additional Term (subject to Section 12(b) of this Agreement).', 'If this Agreement is renewed for the First Additional Term, then the First Additional Term shall commence on July 23, 2016, and the Agreement shall expire and terminate automatically without further notice on July 22, 2019.', 'In the event that MusclePharm shall achieve Net Sales of $50 million (the ""Second Renewal Threshold"") in the aggregate during the sixth Contract Year, then this Agreement shall automatically be renewed for an additional term of three (3) years (the ""Second Additional Term"") on the same terms and conditions for the initial Term except that: (i) no additional Stock Compensation (as defined below) shall be issued in connection with the renewal Term, (ii) the Cash Compensation for the renewal Term shall be as set forth in Section 7 and Exhibit ""C"" Section (3) attached hereto, (iii) Endorser shall only be obligated to make two (2) Appearances in each Contract Year during the Second Additional Term pursuant to Section 4(a)(ii) below and (iv) the marketing budget to promote the Licensed Products shall be $5.0 in each Contract Year of the Second Additional Term (subject to Section 12(b) of this Agreement).']",7/22/2019; 7/22/2022,[],,"['This Agreement has been executed and delivered in Los Angeles County in the State of California, and its interpretation, validity and performance shall be construed and enforced in accordance with the laws of the State of California.']",California
TomOnlineInc_20060501_20-F_EX-4.46_749700_EX-4.46_Co-Branding Agreement.pdf,['CO-BRANDING AGREEMENT'],CO-BRANDING AGREEMENT,"['Skype, Online BVI and the Company may be referred to individually as ""Party"" and collectively as ""Parties."" Skype, Online BVI, the Company, Skype Holding and Tom Holding may be referred to individually as ""party to this Agreement"" and collectively as ""parties to this Agreement.""', 'Skype', 'Tel-Online Limited', 'Online BVI', 'Skype Technologies, S.A.', 'TOM Online (BVI) Limited', 'Skype Communications, S.A.', 'Tom Holding', 'Company', 'TOM Online Inc.', 'Skype Holding']","Skype Communications, S.A. (""Skype""); Skype Technologies, S.A. (""Skype Holding""); TOM Online (BVI) limited(""Online BVI""); TOM Online Inc. (""Tom Holding""); Tel Online Limited (""Company""). Skype, Online BVI and the Company (“Party” and collectively as “Parties.”); Skype, Online BVI, the Company, Skype Holding and Tom Holding (“party to this Agreement” and collectively as “parties to this Agreement.”)",['22nd day of August 2005'],8/22/05,['22nd day of August 2005'],8/22/05,"['The term of this Agreement shall continue for a period of five years following the initial date of execution of the Memorandum, unless terminated earlier pursuant to Section 6.2 or Section 2.8 (""Initial Term"").']",8/22/10,"['This Agreement shall automatically continue following the Initial Term, for an additional period of three (3) years, unless a party to this Agreement provides written notice of termination to the other parties at least sixty (60) days prior to the expiration of the Initial Term or this Agreement (""Extended Term"" and, with the Initial Term, ""Term"").']",3 years,"['This Agreement shall automatically continue following the Initial Term, for an additional period of three (3) years, unless a party to this Agreement provides written notice of termination to the other parties at least sixty (60) days prior to the expiration of the Initial Term or this Agreement (""Extended Term"" and, with the Initial Term, ""Term"").']",60 days,"['This Agreement will be governed by and construed in accordance with the laws of England and Wales, without regard to conflict of laws principles.']","England, United Kingdom; Wales, United Kingdom"
ConformisInc_20191101_10-Q_EX-10.6_11861402_EX-10.6_Development Agreement.pdf,['DEVELOPMENT AGREEMENT'],DEVELOPMENT AGREEMENT,"['also known as Stryker Orthopaedics   (""Stryker"")', 'Conformis', 'Howmedica Osteonics Corp.', 'Conformis, Inc.', 'Stryker and Conformis are collectively referred to herein as the ""Parties"" and   individually as a ""Party.""']","Howmedica Ostenonics Corp. (""Stryker""); Conformis, Inc. (""Conformis""); Stryker and Conformis (“Parties” and   individually as a “Party.”)","['September 30, 2019']",9/30/19,"['September 30, 2019']",9/30/19,"['The term of this Agreement shall begin as of the Effective Date and continue until Acceptance of all Deliverables   for Milestones #1 and #2 pursuant to Section 3.4 and completion of Milestone #3, unless earlier terminated under Section 8.2, as   provided for under the Other Agreements, or as mutually agreed by the Parties.']",,[],,[],,['This Agreement shall be governed and construed in accordance with the laws of New York State   (without regard to the conflict of laws provisions thereof).'],New York
EtonPharmaceuticalsInc_20191114_10-Q_EX-10.1_11893941_EX-10.1_Development Agreement.pdf,['EXCLUSIVE LICENSE AND PRODUCT DEVELOPMENT AGREEMENT'],EXCLUSIVE LICENSE AND PRODUCT DEVELOPMENT AGREEMENT,"['Aucta Pharmaceuticals, Inc.', 'Eton Pharmaceuticals, Inc.', 'Aucta', 'ETON']","Eton Pharmaceuticals, Inc. (“ETON”); Aucta Pharmaceuticals, Inc.(“Aucta”)","['June 12, 2019']",6/12/19,"['The term of this Agreement shall automatically become effective upon the occurrence of (i) ETON executing a commercial supply agreement with a contract manufacturing organization within forty-five (45) days of the Execution Date, provided that ETON has exercised best efforts to execute such agreement and the failure to execute is solely caused by the refusal or inability of the proposed manufacturing organization to sign a reasonable agreement; and (ii) acceptance for review of the Dossier or marketing application for [ * * * ] by the FDA no later than September 2, 2019 (such date, the ""Effective Date"") and shall end upon the termination or expiration of the Agreement as set forth in Section 11 (the ""Term"").']",9/2/19,"['The term of this Agreement shall automatically become effective upon the occurrence of (i) ETON executing a commercial supply agreement with a contract manufacturing organization within forty-five (45) days of the Execution Date, provided that ETON has exercised best efforts to execute such agreement and the failure to execute is solely caused by the refusal or inability of the proposed manufacturing organization to sign a reasonable agreement; and (ii) acceptance for review of the Dossier or marketing application for [ * * * ] by the FDA no later than September 2, 2019 (such date, the ""Effective Date"") and shall end upon the termination or expiration of the Agreement as set forth in Section 11 (the ""Term"").']",Perpetual,[],,[],,"['This Agreement shall be governed, interpreted and construed in accordance with the substantive laws of the Delaware, in the country of the United State of America, without regard to its conflict of laws principles.']",Delaware
FuelcellEnergyInc_20191106_8-K_EX-10.1_11868007_EX-10.1_Development Agreement.pdf,['JOINT DEVELOPMENT AGREEMENT'],JOINT DEVELOPMENT AGREEMENT,"['FuelCell Energy, Inc.', 'FCE', 'ExxonMobil', 'ExxonMobil Research and Engineering Company']","ExxonMobil Research and Engineering Company (“ExxonMobil”); FuelCell Energy, Inc. (“FCE”)","['November 5, 2019']",11/5/19,"['""Effective Date"" means October 31, 2019.']",10/31/19,"['Unless sooner terminated in accordance with this Article, this Agreement will continue in full force beginning on the Effective Date and ending two (2) years thereafter (""Term"").']",10/31/21,[],,[],,['The validity and interpretation of this Agreement and the legal relations of the Parties to it will be governed by the laws of the State of New York without recourse to its conflicts of law rules.'],New York
ReedsInc_20191113_10-Q_EX-10.4_11888303_EX-10.4_Development Agreement.pdf,['RECIPE DEVELOPMENT AGREEMENT'],RECIPE DEVELOPMENT AGREEMENT,"['B C Marketing Concepts Inc., dba Full Sail Brewing Company', ""Reed's"", ""Reed's, Inc."", 'Company']","Reed's, Inc. (""Reed's""); BC Marketing Concepts Inc., dba Full Sail Brewing Company (""Company"")","['October 11, 2019']",10/11/19,"['October 11, 2019']",10/11/19,"['The term of this Agreement shall commence on the Effective Date and shall continue for the longer of the first anniversary of the Effective Date or the duration of the Manufacturing and Distribution Agreement (the ""Term"").']",,[],,[],,"['This Agreement shall be governed by, and any dispute arising hereunder shall be determined in accordance with, the laws of State of New York (without giving effect to conflict of laws principles) including all matters of construction, validity and performance.']",New York
FuseMedicalInc_20190321_10-K_EX-10.43_11575454_EX-10.43_Distributor Agreement.pdf,['Distributorship agreement'],Distributorship agreement,"['CPM Medical Consultants, LLC', 'Signature Orthopaedics Pty Ltd']","Signature Orthopaedics Pty Ltd; CPM Medical Consultants, LLC",['29/3/18'],3/29/18,[],,"[""This agreement begins on the Commencement Date and, subject to clause 11.2, shall continue for an initial term of one (1) years (Initial Term) and indefinitely after that until terminated by either party giving at least twelve (12) months' prior written notice to expire on or after the expiry date of the initial term.""]",3/29/19,"[""This agreement begins on the Commencement Date and, subject to clause 11.2, shall continue for an initial term of one (1) years (Initial Term) and indefinitely after that until terminated by either party giving at least twelve (12) months' prior written notice to expire on or after the expiry date of the initial term.""]",perpetual,"[""This agreement begins on the Commencement Date and, subject to clause 11.2, shall continue for an initial term of one (1) years (Initial Term) and indefinitely after that until terminated by either party giving at least twelve (12) months' prior written notice to expire on or after the expiry date of the initial term.""]",12 months,['This agreement and any dispute or claim arising out of or in connection with it or its subject matter or formation (including non-contractual disputes or claims) shall be governed by and construed in accordance with Ohio law.'],Ohio
GentechHoldingsInc_20190808_1-A_EX1A-6 MAT CTRCT_11776814_EX1A-6 MAT CTRCT_Distributor Agreement.pdf,['DISTRIBUTOR AGREEMENT'],DISTRIBUTOR AGREEMENT,"['XXXXXXXXXXXXXXXXXXXXX', 'Distributor', 'Company', 'B & C General Warehouse Corporation LLC']","B & C General Warehouse Corporation LLC (""Company""); XXXXXXXXXXXXXXXXXXXXX (""Distributor"")",['1 August 2019'],8/1/19,['1 August 2019'],8/1/19,['This Agreement shall become effective on the date first written above and shall continue in effect for a period of Three (3) years.'],8/1/22,['Distributor shall have the option to renew this Agreement for an additional Three (3) year period by providing prior written notice to Company within Ninety (90) days of the end of the initial period of this Agreement.'],3 years,[],,"['This Agreement is a contract under the laws of the State of Florida and for all purposes shall be governed by and construed in accordance with the substantive laws of the State of Florida, without regard to its principles of conflicts of laws provisions.']",Florida
ImineCorp_20180725_S-1_EX-10.5_11275970_EX-10.5_Distributor Agreement.pdf,['NON-EXCLUSIVE DISTRIBUTOR AGREEMENT'],NON-EXCLUSIVE DISTRIBUTOR AGREEMENT,"['SUNWAI Technology', 'Distributor', 'iMine Corporation', 'JRVS']","iMine Corporation (""JRVS""); SUNWAI Technology (""Distributor"")",['19th day of July 2018'],7/19/18,"['This Agreement shall become effective upon the date first written above and shall remain in full force and effect for a period of two years (2), unless earlier terminated pursuant to the provisions in this Agreement.']",7/19/18,"['This Agreement shall become effective upon the date first written above and shall remain in full force and effect for a period of two years (2), unless earlier terminated pursuant to the provisions in this Agreement.']",7/19/20,[],,[],,"['This Agreement shall be governed by and construed pursuant to the laws of the State of Indiana, U.S.A., without reference to principals of conflicts of laws.']",Indiana
InnerscopeHearingTechnologiesInc_20181109_8-K_EX-10.6_11419704_EX-10.6_Distributor Agreement.pdf,['EXCLUSIVE DISTRIBUTOR AGREEMENT'],EXCLUSIVE DISTRIBUTOR AGREEMENT,"['Erchonia Corporation', 'Distributor', 'InnerScope Hearing Technologies Inc', 'Erchonia']","Erchonia Corporation (""Erchonia""); InnerScope Hearing Technologies Inc (""Distributor"")",[],,[],,"['Unless terminated earlier as provided in this agreement, this Agreement shall have an initial term of three (3) years.']",,['This agreement shall automatically renew for a period of three (3) years and upon the parties mutual agreement on new minimum performance goals for the renewal period.'],3 years,[],,"['This Agreement shall be governed in all respects by the laws of the United States and the State of Florida, except for conflict of laws provisions.']",Florida
WaterNowInc_20191120_10-Q_EX-10.12_11900227_EX-10.12_Distributor Agreement.pdf,['EXCLUSIVE DISTRIBUTOR AGREEMENT'],EXCLUSIVE DISTRIBUTOR AGREEMENT,"['Distributor', 'Hydraspin and Distributor are sometimes hereinafter referred to individually as a ""Party"" and collectively as the ""Parties.""', 'the ""Subsidiary,"" and collectively with Water Now, ""Hydraspin"")', 'Hydraspin USA, Inc.', 'WATER NOW, INC.', 'BESTEV MANAGEMENT, LLC', 'Water Now']","WATER NOW, INC.; (""Water Now""); Hydraspin USA, Inc. (""Subsidiary"", collectively with Water Now, ""Hydraspin""); BESTEV MANAGEMENT, LLC (""Distributor""); Hydraspin and Distributor (“Party” and collectively as the “Parties.”)","['12th day of November, 2019']",11/12/19,"['12th day of November, 2019']",11/12/19,"['The initial term of this Agreement shall commence on the Effective Date and end on the five (5) year anniversary of the Effective Date (the ""Initial Term""), unless sooner terminated pursuant to the terms hereo']",11/12/24,"['Upon expiration of the Initial Term of this Agreement, this Agreement will automatically renew for additional, successive five (5) year periods unless either Party provides the other Party written notice of its desire to terminate at least one hundred twenty (120) days prior to the end of the Initial Term or any renewal.']",successive 5 year,"['Upon expiration of the Initial Term of this Agreement, this Agreement will automatically renew for additional, successive five (5) year periods unless either Party provides the other Party written notice of its desire to terminate at least one hundred twenty (120) days prior to the end of the Initial Term or any renewal.']",120 days,"['THIS AGREEMENT, AND THE RIGHTS AND OBLIGATIONS OF THE PARTIES, SHALL BE GOVERNED BY AND CONSTRUED AND ENFORCED IN ACCORDANCE WITH THE SUBSTANTIVE LAWS OF THE STATE OF TEXAS, U.S.A. WITHOUT REGARD TO ITS PRINCIPLES OF CONFLICTS OF LAWS.']",Texas
GridironBionutrientsInc_20171206_8-K_EX-10.2_10972556_EX-10.2_Endorsement Agreement.pdf,['ENDORSEMENT AGREEMENT ADDENDUM I'],ENDORSEMENT AGREEMENT ADDENDUM I,"['(""NFLA"")', 'Gridiron BioNutrients™', '(""NFLA-NC"")', 'National Football League Alumni, Inc', 'National Football League Alumni - Northern California Chapter', 'Food For Athletes, Inc', '(collectively the ""Company"").']","National Football League Alumni - Northern California Chapter (""NFLA-NC""); National Football League Alumni, Inc (""NFLA""); Food For Athletes, Inc./ Gridiron Gridiron BioNutrients™ (collectively, the ""Company"")","['November 7, 2017']",11/7/17,"['November 7, 2017']",11/7/17,[],,[],,[],,[],
EcoScienceSolutionsInc_20171117_8-K_EX-10.1_10956472_EX-10.1_Endorsement Agreement.pdf,['ENDORSEMENT AGREEMENT'],ENDORSEMENT AGREEMENT,"['Eco Science Solutions, Inc.', 'Stephen Marley', 'Talent', 'ESSI']","Eco Science Solutions, Inc (""ESSI""); Stephen Marley (""Talent"")",['14th day of November 2017'],11/14/17,['14th day of November 2017'],11/14/17,"['The term of this Agreement shall be for one (1) year commencing on the Effective Date and automatically renewing annually thereafter, unless either party provides a thirty-day notice of written termination one to the other (""Term"").']",11/14/18,"['The term of this Agreement shall be for one (1) year commencing on the Effective Date and automatically renewing annually thereafter, unless either party provides a thirty-day notice of written termination one to the other (""Term"").']",successive 1 year,"['The term of this Agreement shall be for one (1) year commencing on the Effective Date and automatically renewing annually thereafter, unless either party provides a thirty-day notice of written termination one to the other (""Term"").']",30 days,"['Regardless of the place of execution hereof, this Agreement, all amendments hereto, and any and all issues or controversies arising here from or related hereto, shall be governed by and construed exclusively in accordance with the laws and decisions of the State of Michigan.']",Michigan
NakedBrandGroupInc_20150731_POS AM (on S-1)_EX-10.75_9196027_EX-10.75_Endorsement Agreement.pdf,['COLLABORATION & ENDORSEMENT AGREEMENT'],COLLABORATION & ENDORSEMENT AGREEMENT,"['Wade Enterprises, Athlete and together with Naked, are each referred to herein as a ""Party"" and collectively, the ""Parties"".', 'Naked', 'Athlete', 'Wade Enterprises', 'The Naked Brands Group, Inc.', '""Athlete"" and together with Wade Enterprises, collectively ""Wade"")', 'Wade Enterprises, LLC', 'f/s/o Dwyane Wade']","The Naked Brands Group, Inc (""Naked""); Wade Enterprises, LLC (""Wade Enterprises""); f/s/o Dwayne Wade (""Athlete"" and together with Wade Enterprises (collectively, ""Wade""); Wade Enterprises, Athlete and togetherwith Naked, (“Party” and collectively, the “Parties”)","['15th day of June, 2015']",6/15/15,"['15th day of June, 2015']",6/15/15,"['The initial term of this Agreement shall be for a period of four (4) years, commencing on the Effective Date, which term may be extended for up to three (3) years by written agreement of both Parties prior to the expiration date of the initial term or any extension thereof (collectively, the ""Term"").']",6/15/19,"['In the event that either Wade or Naked wishes to extend the Term of the Agreement as contemplated above, it shall provide the other Party with written notice at least ninety (90) days prior to the expiration of the Term.', 'The other Party will then have a period of fourteen (14) days from the date of the notice to indicate whether it also desires to extend the Term, on the terms and conditions set forth herein and if no such indication is made, the other Party will be deemed to have declined the offer to extend', 'The initial term of this Agreement shall be for a period of four (4) years, commencing on the Effective Date, which term may be extended for up to three (3) years by written agreement of both Parties prior to the expiration date of the initial term or any extension thereof (collectively, the ""Term"").']",three (3) years,[],,"['This Agreement, all amendments hereto, and any and all issues or controversies arising here from or related hereto, shall be governed by and construed exclusively in accordance with the laws of the State of New York.']",New York
RgcResourcesInc_20151216_8-K_EX-10.3_9372751_EX-10.3_Franchise Agreement.pdf,['GAS FRANCHISE AGREEMENT'],GAS FRANCHISE AGREEMENT,"['TOWN OF VINTON, VIRGINIA', 'ROANOKE GAS COMPANY', 'Grantor', 'Grantee']","TOWN OF VINTON, VIRGINIA (""Grantor""); ROANOKE GAS COMPANY (""Grantee"")","['17th day of November, 2015']",11/17/15,"['The effective date of the Franchise will be January 1, 2016.']",1/1/16,"['The term of the Franchise shall be twenty (20) years, commencing on January 1, 2016.']",1/1/36,[],,[],,[],
SimplicityEsportsGamingCompany_20181130_8-K_EX-10.1_11444071_EX-10.1_Franchise Agreement.pdf,['MASTER FRANCHISE AGREEMENT'],MASTER FRANCHISE AGREEMENT,"['Franchisor', 'Smaaash Entertainment Private Limited', 'I-AM Capital Acquisition Company', 'Franchisee']","Smaaash Entertainment Private Limited (""Franchisor""); I-AM Capital Acquisition Company (""Franchise"")","['20t h day of November, 2018']",11/20/18,"['20t h day of November, 2018']",11/20/18,"['The term of this Agreement shall commence as of the Effective Date and shall continue until terminated as hereinafter provided (the ""Term"").']",perpetual,[],,[],,"['The parties hereto have expressly agreed that this Agreement shall be governed by, and construed in accordance with, the laws of the State of New York, applicable to contracts executed and fully to be performed therein, to the exclusion of any other applicable body of governing law.']",New York
Freecook_20180605_S-1_EX-10.3_11233807_EX-10.3_Hosting Agreement.pdf,"['Website Design, Development and Hosting Agreement']","Website Design, Development and Hosting Agreement","[""Mitchell's Web Advance, PLC"", 'Client', 'FreeCook', 'Company']","FreeCook (""Client""); Mitchell's Web Advance, PLC (""Company"")","['January 11, 2018']",1/11/18,[],,"['Terms of the project: 12 weeks from February 8, 2018 to May 3, 2018']",5/3/18,[],,[],,[],
PareteumCorp_20081001_8-K_EX-99.1_2654808_EX-99.1_Hosting Agreement.pdf,['MOBILE VIRTUALNETWORK ENABLER HOSTING AGREEMENT'],MOBILE VIRTUALNETWORK ENABLER HOSTING AGREEMENT,"['each individually referred to as ""Party"" and together as ""Parties"".', 'Elephant Talk Communication Holding AG', 'T-Mobile', 'T-Mobile Netherlands B.V.', 'ELEPHANT TALK']","Elephant Talk Communication Holding AG (""ELEPHANT TALK""); T-Mobile Netherlands B.V. (""T-Mobile"")(""Party"" and together as ""Parties"")",['18/9/2008'],9/18/08,"['This Agreement shall come into force on the Date of the Agreement, and shall, subject to article 18, remain in full force and effect for an initial period of *** from the Commercial Launch Date.']",9/18/08,"['This Agreement shall come into force on the Date of the Agreement, and shall, subject to article 18, remain in full force and effect for an initial period of *** from the Commercial Launch Date.']",,"['At the end of *** Parties will negotiate in good faith regarding a possible extension of the Initial Term.', 'Parties can mutually agree in writing to deviate from an automatic extension of *** by extending this Agreement for a longer period than ***.', 'If no termination notice is provided, the Agreement will be automatically extended for consecutive *** periods until such time as *** termination notice is provided.']",,[],,['This Agreement shall be governed by and construed in all respects exclusively in accordance with the laws of the Netherlands.'],Netherlands
VitalibisInc_20180316_8-K_EX-10.2_11100168_EX-10.2_Hosting Agreement.pdf,['SERVICES AND HOSTING AGREEMENT'],SERVICES AND HOSTING AGREEMENT,"['VITALIBIS INC', '-Licensee""', 'VOTOCAST, Inc.', '""VOTOCAST']","VITALIBIS INC (""Licensee""); VOTOCAST, Inc. (""VOTOCAST"")",['3-14-18'],3/14/18,['The Effective Date of this Agreement shall be the later of the dates shown by the signatures below.'],3/14/18,"['This Agreement shall commence as of the Effective Date and shall continue in effect for one (I) year, unless earlier terminated as expressly provided in Sections 1.3. 10.1. or 10.2 of this Agreement (the *Initial Term"")']",3/14/19,"['This Agreement shall automatically renew beyond the Initial Term for successive one (I) year terms (each, a ""Renewal Term""), unless a Party provides the other with written notice of termination at least one hundred eighty (180) days prior to the expiration of the Initial Term or the then-current Renewal Term.']",Successive 1 year,"['This Agreement shall automatically renew beyond the Initial Term for successive one (I) year terms (each, a ""Renewal Term""), unless a Party provides the other with written notice of termination at least one hundred eighty (180) days prior to the expiration of the Initial Term or the then-current Renewal Term.']",180 days,['This Agreement shall be governed by the laws of the State of California without giving effect to conflict or choice of law principles.'],California
QuantumGroupIncFl_20090120_8-K_EX-99.2_3672910_EX-99.2_Hosting Agreement.pdf,['e-business Hosting Agreement'],e-business Hosting Agreement,"['IBM', 'The Quantum Group Inc.', 'Customer', 'International Business Machines Corporation']","International Business Machines Corporation (""IBM”); The Quantum Group Inc. (""Customer"")",[],12/2/08,"['This Agreement will be effective beginning on 12:01 a.m., Eastern Time, on the day after the date of last signature to these Base Terms (""Effective Date"").']",12/3/08,"['This Agreement will remain in effect for Thirty-six (36)<omitted>months following the Hosting Service Ready Date (""Term""), unless terminated earlier in accordance with the terms herein.']",12/3/11,[],,[],,"['This Agreement will be governed by the substantive laws of the State of New York, without regard for its conflict of laws provisions.']",New York
CerenceInc_20191002_8-K_EX-10.4_11827494_EX-10.4_Intellectual Property Agreement.pdf,"['INTELLECTUAL PROPERTY AGREEMENT, d']","INTELLECTUAL PROPERTY AGREEMENT, d","['CERENCE INC.', 'SpinCo', 'Nuance', 'NUANCE COMMUNICATIONS, INC.']","NUANCE COMMUNICATIONS, INC (""Nuance""); CERENCE INC. (""SpinCo"")","['September 30, 2019']",9/30/19,"['This Agreement may be executed in one or more counterparts, all of which counterparts shall be considered one and the same agreement, and shall become effective when one or more counterparts have been signed by each Party and delivered to the other Party.']",,[],,[],,[],,"['Any disputes relating to, arising out of or resulting from this Agreement, including to its execution, performance, or enforcement, shall be governed by, and construed in accordance with, the Laws of the State of Delaware, regardless of the Laws that might otherwise govern under applicable principles of conflicts of Laws thereof.']",Delaware
GarrettMotionInc_20181001_8-K_EX-2.4_11364532_EX-2.4_Intellectual Property Agreement.pdf,"['INTELLECTUAL PROPERTY AGREEMENT, d']","INTELLECTUAL PROPERTY AGREEMENT, d","['HONEYWELL INTERNATIONAL INC.', 'GARRETT MOTION INC.', 'SpinCo', 'Honeywell']","HONEYWELL INTERNATIONAL INC. (""Honeywell""); GARRETT MOTION INC. (""SpinCo"")","['September 27, 2018']",9/27/18,"['This Agreement may be executed in one or more counterparts, all of which counterparts shall be considered one and the same agreement, and shall become effective when one or more counterparts have been signed by each Party and delivered to the other Party.']",9/27/18,[],,[],,[],,"['Any disputes arising out of or relating to this Agreement, including to its execution, performance or enforcement, shall be governed by, and construed in accordance with, the Laws of the State of New York, regardless of the Laws that might otherwise govern under applicable principles of conflicts of Laws thereof.']",New York
RareElementResourcesLtd_20171019_SC 13D_EX-99.4_10897534_EX-99.4_Intellectual Property Agreement.pdf,['INTELLECTUAL PROPERTY RIGHTS AGREEMENT'],INTELLECTUAL PROPERTY RIGHTS AGREEMENT,"['Investor', 'Company', 'Synchron', 'Rare Element Resources Ltd.']","Synchron (""Investor""); Rare Element Resources Ltd. (""Company"")","['October 2, 2017']",10/2/17,"['""Effective Date"" has the meaning of the ""Closing Date"" set forth in the Investment Agreement.']",,"['Unless earlier terminated in accordance with the terms of this Article XVI, this IP Agreement and the licenses granted herein will continue in effect from the Effective Date until the expiration of the last to expire of the Patents and any additional period of time thereafter that any of the Patents remain enforceable such as in the United States where a party can sue for infringement after a patent expires and seek damages for any infringement of the patent during the six years immediately preceding the filing of a suit for infringement.']",,[],,[],,['This IP Agreement will be construed in accordance with the substantive laws of the state of New York and of the United States of America.'],New York
ArtaraTherapeuticsInc_20200110_8-K_EX-10.5_11943350_EX-10.5_License Agreement.pdf,['SPONSORED RESEARCH AND LICENSE AGREEMENT'],SPONSORED RESEARCH AND LICENSE AGREEMENT,"['University', 'ArTara', 'ArTara, Inc.', 'The University of Iowa']","Artara Therapeutics, Inc. (""ArTara"",""ArTara, Inc.""); The University of Iowa (""University"")","['November 28, 2018']",11/28/18,"['November 28, 2018']",11/28/18,[],,[],,[],,['This Agreement shall be governed by the laws of the State of Iowa.'],Iowa
GpaqAcquisitionHoldingsInc_20200123_S-4A_EX-10.6_11951677_EX-10.6_License Agreement.pdf,['MEDIA LICENSE AGREEMENT'],MEDIA LICENSE AGREEMENT,"['PFHOF', 'HOFV', 'Village Media Company', 'NATIONAL FOOTBALL MUSEUM, INC.', 'doing business as Pro Football Hall of Fame', 'HOF Village, LLC', 'HOF Village Media Group, LLC']","NATIONAL FOOTBALL MUSEUM, INC. d/b/a Pro Football Hall of Fame (""PFHOF""); HOF Village, LLC (""Village Media Company""); HOF Village, LLC (""HOFV"")",['the date of the Closing'],,['the date of the Closing'],,"['Unless otherwise terminated as provided herein, the term of this Agreement shall commence on the Effective Date and shall terminate on December 31, 2034 (such period, including as may be extended in accordance with the subsequent sentence, the ""Term"").']",12/31/34,"['If either party elects not to renew the Agreement and the other party wishes to continue the Agreement, the Parties shall attempt in good faith to negotiate an amendment to the Agreement to renew the Term on such terms as may be negotiated by the Parties.', 'Thereafter, the agreement shall automatically renew for successive five (5)-year terms, unless either Party gives written notice to the other Party of intent not to renew at least six (6) months prior to the expiration of the then-current Term.']",successive 5 years,"['Thereafter, the agreement shall automatically renew for successive five (5)-year terms, unless either Party gives written notice to the other Party of intent not to renew at least six (6) months prior to the expiration of the then-current Term.']",180 days / 6 months,"['This Agreement will be governed in all respects by the laws of the State of Ohio (without regard to conflicts of law provisions), as such laws are applied to agreements entered into and to be performed entirely within the State of Ohio between Ohio residents.']",Ohio
CytodynInc_20200109_10-Q_EX-10.5_11941634_EX-10.5_License Agreement.pdf,['COMMERCIALIZATION AND LICENSE AGREEMENT'],COMMERCIALIZATION AND LICENSE AGREEMENT,"['Vyera', 'CytoDyn Inc.', 'Vyera Pharmaceuticals, LLC', 'CytoDyn', 'CytoDyn and Vyera are sometimes referred to herein individually as a ""Party"" and collectively as the ""Parties.""']","Vyera Pharmaceuticals, LLC ('Vyera""); CytoDyn Inc. (""CytoDyn""); CytoDyn and Vyera (“Party” and collectively as the “Parties.”)","['December 17, 2019']",12/17/19,"['December 17, 2019']",12/17/19,"['The term of this Agreement (""Term"") shall commence upon the Effective Date and, unless earlier terminated pursuant to this Article 11, shall expire on the last day of the Royalty Term.']",,[],,[],,"['This Agreement and all disputes arising out of or related to this Agreement or any breach hereof shall be governed by and construed in accordance with the laws of the State of New York, without giving effect to any choice of law principles that would result in the application of the laws of any other jurisdiction.']",New York
VirtuosoSurgicalInc_20191227_1-A_EX1A-6 MAT CTRCT_11933379_EX1A-6 MAT CTRCT_License Agreement.pdf,['NON-EXCLUSIVE LICENSE AGREEMENT- FOR SALES'],NON-EXCLUSIVE LICENSE AGREEMENT- FOR SALES,"['Virtuoso Surgical, Inc.', 'The Johns Hopkins University', 'Company', 'JHU']","The John Hopkins University (""JHU""); Virtuoso Surgical, Inc. (""Company"")","['May 3, 2016']",5/3/16,"['""EFFECTIVE DATE"" of this Agreement shall mean the date the last party hereto has executed this Agreement.<omitted>5/11/2016']",5/11/16,"['This term of this Agreement shall commence on the EFFECTIVE DATE and shall continue, in each country, until the date of expiration of the last to expire patent within PATENT RIGHT(S) in that country.']",,[],,[],,"['This Agreement shall be construed, and legal relations between the parties hereto shall be determined, in accordance with the laws of the State of Maryland applicable to contracts solely executed and wholly to be performed within the State of Maryland without giving effect to the principles of conflicts of laws.']",Maryland
AtnInternationalInc_20191108_10-Q_EX-10.1_11878541_EX-10.1_Maintenance Agreement.pdf,['Network Build and Maintenance Agreement'],Network Build and Maintenance Agreement ,"['AT&T Mobility LLC', 'Commnet Wireless, LLC', 'each of which may be referred to in the singular as a ""Party"" or in the plural as the ""Parties.""', 'Vendor', 'AT&T']","Commnet Wireless, LLC (""Vendor""); AT&T Mobility LLC (""AT&T"") (""Party"" or in the plural as the ""Parties."")","['31  day of July, 2019']",7/31/19,"['31  day of July, 2019']",7/31/19,"['The ""Term"" of this Agreement shall commence on the Effective Date and shall continue in full force and effect until the expiration or earlier termination of the last Addendum to expire or be terminated, at which time this Agreement will expire, unless this Agreement is sooner terminated in accordance with the terms and provisions of this Agreement.']",,[],,[],,"[""The laws of the State of New York (excluding any laws that direct the application of another jurisdiction's law) govern all matters arising out of or relating to this Agreement and all of the transactions it contemplates, including its validity, interpretation, construction, performance, and enforcement.""]",New York
BloomEnergyCorp_20180321_DRSA (on S-1)_EX-10_11240356_EX-10_Maintenance Agreement.pdf,['MASTER OPERATION AND MAINTENANCE AGREEMENT'],MASTER OPERATION AND MAINTENANCE AGREEMENT,"['Owner', 'DIAMOND STATE GENERATION PARTNERS, LLC', 'BE', 'BLOOM ENERGY CORPORATION', 'Operator']","BLOOM ENERGY CORPORATION (“BE” or, in its capacity as operator hereunder, “Operator”); DIAMOND STATE GENERATION PARTNERS, LLC (""Owner"")","['April 13, 2012']",4/13/12,"['The term of this Agreement (the ""Term"") (a) shall commence on the first day of the Warranty Period for the first Bloom System to achieve Commencement of Operation and (b) shall, unless terminated earlier under Section 4.1 of this Agreement or unless extended by mutual agreement of the Parties, terminate on the date that is the last day of the Warranty Period for the last Bloom System to achieve Commencement of Operation.']",,"['The term of this Agreement (the ""Term"") (a) shall commence on the first day of the Warranty Period for the first Bloom System to achieve Commencement of Operation and (b) shall, unless terminated earlier under Section 4.1 of this Agreement or unless extended by mutual agreement of the Parties, terminate on the date that is the last day of the Warranty Period for the last Bloom System to achieve Commencement of Operation.']",,[],,[],,['THIS AGREEMENT SHALL BE GOVERNED BY AND INTERPRETED IN ACCORDANCE WITH THE LAWS OF THE STATE OF NEW YORK WITHOUT REGARD TO CONFLICTS OF LAW PRINCIPLES (OTHER THAN SECTION 5-1401 OF THE NEW YORK GENERAL OBLIGATIONS LAW).'],New York
HerImports_20161018_8-KA_EX-10.14_9765707_EX-10.14_Maintenance Agreement.pdf,['SOFTWARE MAINTENANCE AGREEMENT'],SOFTWARE MAINTENANCE AGREEMENT,"['LEADER', 'EZJR', 'Leader Act Ltd', 'EZJR, Inc.']","Leader Act Ltd (“LEADER”); EZJR, Inc. (“EZJR”);","['October 13, 2016']",10/13/16,[],,"['Subject to all other terms and conditions set forth herein, as of the date of this agreement, LEADER maintain the software for an additional five years.']",10/13/21,[],,[],,['This Agreement and any matters arising out of or related to this Agreement will be governed by the laws of the State of Nevada.'],Nevada
InmodeLtd_20190729_F-1A_EX-10.9_11743243_EX-10.9_Manufacturing Agreement.pdf,['TURN - KEY MANUFACTURING AGREEMENT'],TURN - KEY MANUFACTURING AGREEMENT,"['FLEXTRONICS ISRAEL LTD.', 'INVASIX LTD.', 'Customer', 'Contractor.']","INVASIX LTD. (""Customer""); FLEXTRONICS ISRAEL LTD. (""Contractor"");",[],,['1.4.2011'],4/1/11,['This Agreement shall commence on the Effective Date and shall continue for an initial term of year as of the Effective Date.'],4/1/12,"['This Agreement shall automatically be renewed for successive one (1) year increments unless either party request in writing, at least ninety (90) days prior to the anniversary date, that this Agreement not to be renewed.']",successive 1 year,"['This Agreement shall automatically be renewed for successive one (1) year increments unless either party request in writing, at least ninety (90) days prior to the anniversary date, that this Agreement not to be renewed.']",90 days,"['The construction, interpretation and performance of this Agreement and all transactions under it shall be governed by the law of the State of Israel, without giving effect to choice of law rules, and both Parties consent to jurisdiction by the courts of the City of Haifa.']",Israel
NeuroboPharmaceuticalsInc_20190903_S-4_EX-10.36_11802165_EX-10.36_Manufacturing Agreement_ Supply Agreement.pdf,['MANUFACTURING AND SUPPLY AGREEMENT (DA-9801 Licensed Products)'],MANUFACTURING AND SUPPLY AGREEMENT (DA-9801 Licensed Products),"['Dong-A', 'NeuroBo', 'Dong-A ST Co., Ltd.,', 'NeuroBo Pharmaceuticals, Inc.,']","Dong-A ST Co., Ltd. (""Dong-A""); NeuroBo Pharmaceuticals, Inc. (""NeuroBo"")","['September 28, 2018']",9/28/18,"['September 28, 2018']",9/28/18,"['This Agreement shall commence on the Effective Date and, unless earlier terminated, shall continue in full force and effect for a period of [***] years thereafter.']",,[],,[],,"['The laws of the State of New York (without giving effect to its conflicts of law principles) govern all matters arising out of or relating to this Agreement and all of the transactions it contemplates, including without limitation, its validity, interpretation, construction, performance, and enforcement.']",New York
KitovPharmaLtd_20190326_20-F_EX-4.15_11584449_EX-4.15_Manufacturing Agreement.pdf,['PRODUCT MANUFACTURING AGREEMENT'],PRODUCT MANUFACTURING AGREEMENT,"['DEXCEL LTD.', 'Dexcel and Kitov are hereinafter jointly the ""Parties"" and individually a ""Party.""', 'Kitov', 'Dexcel', 'KITOV Pharma Ltd.']","DEXCEL LTD. (""Dexcel""); KITOV Pharma Ltd. (""Kitov"")(""Parties"" and individually a ""Party"")",[],,"['""Effective Date"" shall mean the date of signature of the last Party to execute this Agreement.']",,"['The Agreement shall commence on the Effective Date and remain in full force and effect for an initial term of **** from the Supply Commencement Date of the Product (""Initial Term"").']",,"['Following the Initial Term, the Agreement shall automatically be renewed for additional periods of **** (each, a ""Renewal Term,"" and, together with the Initial Term, the ""Term"")), unless a Party provides written notification of non-renewal to the other Party at least **** of the Initial Term or a Renewal Term.']",,"['Following the Initial Term, the Agreement shall automatically be renewed for additional periods of **** (each, a ""Renewal Term,"" and, together with the Initial Term, the ""Term"")), unless a Party provides written notification of non-renewal to the other Party at least **** of the Initial Term or a Renewal Term.']",,"['This Agreement shall be interpreted and enforced exclusively under the laws of the State of Israel, without regard to the conflict of laws provisions thereof.']",Israel
UpjohnInc_20200121_10-12G_EX-2.6_11948692_EX-2.6_Manufacturing Agreement_ Supply Agreement.pdf,['MANUFACTURING AND SUPPLY AGREEMENT'],MANUFACTURING AND SUPPLY AGREEMENT,"['Manufacturer', 'Upjohn Inc.', 'Customer', 'Manufacturer and Customer may be referred to herein individually as a ""Party"" or collectively as the ""Parties"".', 'Pfizer Inc.']","Pifzer Inc. (""Manufacturer""); Upjohn Inc. (""Customer"")(""Party"" or collectively as the ""Parties"")",['[●]'],[]/[]/[][],['[●]'],[]/[]/[][],"['Unless otherwise provided in the applicable Facility Addendum, this Agreement (a) shall commence on the Effective Date and shall continue for a period of four (4) years from such date (the ""Initial Term"" of this Agreement), unless sooner terminated pursuant to Section 7.3, 7.4, 7.5, 7.6 or 7.7, and (b) may be extended for up to three (3) additional periods of twelve (12) months (each, an ""Extension Period"") by written notice given by Customer to Manufacturer not less than twelve (12) months prior to the expiration of the Initial Term or the applicable Extension Period, as the case may be.']",,"['A Facility Addendum may be extended for up to three (3) additional periods of twelve (12) months (each, an ""Extension Period"") by written notice given by Customer to Manufacturer not less than twelve (12) months prior to the expiration of the Initial Term or the applicable Extension Period, as the case may be', 'Unless otherwise provided in the applicable Facility Addendum, this Agreement (a) shall commence on the Effective Date and shall continue for a period of four (4) years from such date (the ""Initial Term"" of this Agreement), unless sooner terminated pursuant to Section 7.3, 7.4, 7.5, 7.6 or 7.7, and (b) may be extended for up to three (3) additional periods of twelve (12) months (each, an ""Extension Period"") by written notice given by Customer to Manufacturer not less than twelve (12) months prior to the expiration of the Initial Term or the applicable Extension Period, as the case may be.']",3 successive 1 year,"['A Facility Addendum may be extended for up to three (3) additional periods of twelve (12) months (each, an ""Extension Period"") by written notice given by Customer to Manufacturer not less than twelve (12) months prior to the expiration of the Initial Term or the applicable Extension Period, as the case may be.']",12 months,"['This Agreement and all Actions (whether in contract or tort) that may be based upon, arise out of or relate to this Agreement or the negotiation, execution or performance hereof or thereof shall be governed by and construed in accordance with the Law of the State of Delaware, without regard to any Laws or principles thereof that would result in the application of the Laws of any other jurisdiction.']",Delaware
CcRealEstateIncomeFundadv_20181205_POS 8C_EX-99.(H)(3)_11447739_EX-99.(H)(3)_Marketing Agreement.pdf,['WHOLESALE MARKETING AGREEMENT'],WHOLESALE MARKETING AGREEMENT,"['S2K', 'S2K Financial LLC', 'Distributor', 'ALPS Distributors, Inc.']","ALPS Distributors, Inc. (the “Distributor”); S2K Financial LLC (“S2K”);",['24t h day of August 2018'],8/24/18,['24t h day of August 2018'],8/24/18,['The term of this Agreement shall commence on the Effective Date and shall end on the 60th day following a written notice from one party to the other of its decision to terminate this Agreement at the end of such 60-day period or upon termination of the applicable Distribution Agreement with respect to a Fund.'],perpetual,[],,[],,['This Agreement and the application and interpretation hereof shall be governed exclusively by the laws of the State of Colorado.'],Colorado
EmmisCommunicationsCorp_20191125_8-K_EX-10.6_11906433_EX-10.6_Marketing Agreement.pdf,['LOCAL PROGRAMMING AND MARKETING AGREEMENT (WQHT HD2)'],LOCAL PROGRAMMING AND MARKETING AGREEMENT (WQHT HD2),"['MediaCo Holding Inc.', 'Programmer', 'Licensee', 'WBLS-WLIB LLC']",MediaCo Holding Inc. (“Licensee”); WBLS-WLIB LLC (“Programmer”),"['November 25, 2019']",11/25/19,"['The term of this Agreement (the ""Term"") will begin on the date hereof (the ""Commencement Date""), and will continue until the earlier of (i) December 31, 2022, (ii) the termination or expiration of the Studio Lease (defined below), (iii) election to terminate and notice thereof given by Programmer to Licensee, and (iv) mutual written consent of Licensee and Programmer (the ""Term""), unless extended or earlier terminated pursuant to Section 11 hereof.']",11/25/19,"['The term of this Agreement (the ""Term"") will begin on the date hereof (the ""Commencement Date""), and will continue until the earlier of (i) December 31, 2022, (ii) the termination or expiration of the Studio Lease (defined below), (iii) election to terminate and notice thereof given by Programmer to Licensee, and (iv) mutual written consent of Licensee and Programmer (the ""Term""), unless extended or earlier terminated pursuant to Section 11 hereof.']",12/31/22,[],,[],,['This Agreement will be construed in accordance with the laws of the State of Indiana without regard to principles of conflicts of laws.'],Indiana
TodosMedicalLtd_20190328_20-F_EX-4.10_11587157_EX-4.10_Marketing Agreement_ Reseller Agreement.pdf,['MARKETING AND RESELLER AGREEMENT'],MARKETING AND RESELLER AGREEMENT,"['Care G. B. Plus Ltd.', 'Todos Medical Ltd.', 'Todos', 'Reseller']","Todos Medical Ltd. (""Todos""); Care G. B. Plus Ltd. (""Reseller"")",['20t h day of December 2018'],12/20/18,['20t h day of December 2018'],12/20/18,"['This Agreement shall be effective as of the Effective Date and shall continue in effect for a period of five (5) years from the Reseller\'s first purchase order for Product issued to Todos (the ""Initial Term""), unless terminated earlier by one of the parties in accordance with the terms of this Section 11.']",12/20/23,"['Upon completion of the Initial Term, provided that the Reseller has achieved the Annual Milestones, the term of the Agreement shall be automatically renewed for an additional five (5) years.', 'Thereafter, at the end of each renewal term, the Agreement shall renew for an additional two (2) years unless one party provides the other party with prior written notice of non-renewal at least sixty (60) days prior to the expiration of the then-current term.']",5 years; 2 years,"['Thereafter, at the end of each renewal term, the Agreement shall renew for an additional two (2) years unless one party provides the other party with prior written notice of non-renewal at least sixty (60) days prior to the expiration of the then-current term.']",60 days,"['This Agreement shall be governed by and construed in accordance with the laws of the State of Israel, and the courts of Tel-Aviv, Israel']",Israel
VertexEnergyInc_20200113_8-K_EX-10.1_11943624_EX-10.1_Marketing Agreement.pdf,['JOINT SUPPLY AND MARKETING AGREEMENT'],JOINT SUPPLY AND MARKETING AGREEMENT,"['Vertex Energy Operating, LLC', 'Bunker One (USA) Inc.', 'Vertex', 'Bunker One']","Bunker One (USA) Inc. (""Bunker One""); Vertex Energy Operating LLC (""Vertex"")","['10t h day of January, 2020']",1/10/20,"['""Effective Date"" means the date as of which the last signature of a Party is affixed hereto.', 'May 1, 2020']",5/1/20,"['The term of this JSMA shall commence on May 1, 2020 (the ""Commencement Date"") and ends at April 30, 2029 (the ""Term""), with automatic renewals each for a period of five (5) years (a ""Renewal Term"") unless notice is given pursuant to 5.2.']",4/30/29,"['The term of this JSMA shall commence on May 1, 2020 (the ""Commencement Date"") and ends at April 30, 2029 (the ""Term""), with automatic renewals each for a period of five (5) years (a ""Renewal Term"") unless notice is given pursuant to 5.2.']",successive 5 years,"['This JSMA will be terminated as of the end of the Term or any Renewal Term, by either Party giving written notice of non-renewal to the other Party no less than 120 prior to the applicable expiry date (the ""Termination Period"").']",120 days,"['This Agreement shall be governed, interpreted and construed in accordance with the laws of the State of Alabama, without giving effect to its conflict of laws provisions.']",Alabama
XpresspaGroupInc_20190401_10-K_EX-10.28_11599457_EX-10.28_Marketing Agreement.pdf,['PRODUCT SALE AND MARKETING AGREEMENT'],PRODUCT SALE AND MARKETING AGREEMENT,"['Calm.com, Inc.,', 'Each of Calm and XSPA may be referred to herein individually as a ""Party"" and collectively as the ""Parties"".', 'Calm', 'XpresSpa Group, Inc.', 'XSPA']","Calm.com, Inc. (""Calm""); XpresSpa Group, Inc. (""XPSA"")(""Party"" and collectively as the ""Parties"")","['12th day of November, 2018']",11/12/18,"['12th day of November, 2018']",11/12/18,"['Unless this Agreement is terminated earlier in accordance with the terms of Section \u200b12, the term of this Agreement shall commence on the Effective Date and shall continue until July 31, 2019 (the ""Initial Term"").']",7/31/19,"['Following the Initial Term, this Agreement shall automatically renew for successive terms of six (6) months (each a ""Renewal Term"", and together with the Initial Term, the ""Term"") unless written notice is given by either Party no later than thirty (30) days in advance of the expiration of the Initial Term or the applicable Renewal Term.']",successive 6 months,"['Following the Initial Term, this Agreement shall automatically renew for successive terms of six (6) months (each a ""Renewal Term"", and together with the Initial Term, the ""Term"") unless written notice is given by either Party no later than thirty (30) days in advance of the expiration of the Initial Term or the applicable Renewal Term.']",30 days,"['This Agreement shall be governed by, and construed in accordance with the law of the State of New York.']",New York
FerroglobePlc_20150624_F-4A_EX-10.20_9154746_EX-10.20_Outsourcing Agreement.pdf,['OUTSOURCING AGREEMENT'],OUTSOURCING AGREEMENT,"['the Customer', 'ESPACIO INFORMATION TECHNOLOGY, SA.', 'EIT', 'SILICON SMELTERS << Pty >> Ltd']","SLICON SMELTERS PTY LTD (""Customer""); ESPACIO INFORMATION TECHNOLOGY, SA. (""EIT"")","['1st day of January, 2009,']",1/1/09,"['The present Agreement is effective as from 1 January 2009', '1st day of January, 2009,']",1/1/09,[],,['It is established by calendar year and renewed tacitly every year.'],successive 1 year,"['The Agreement rests, for all that, cancellable at any time by any of the parties before the expiry date of the Agreement or any of itsrenewals, upon three months prior written notice.']",3 months,"['This Agreement shall be governed by, and construed in accordance with the laws of Spain.']",Spain
ImperialGardenResortInc_20161028_DRS (on F-1)_EX-10.13_9963189_EX-10.13_Outsourcing Agreement.pdf,['Outsourcing Contract on Development of Miaoli Royal Resort Hotel'],Outsourcing Contract on Development of Miaoli Royal Resort Hotel,"['Party A', 'Party B', 'The HUANG JIA Country CLUB and Recreation Inc.', 'Chang Chen- Bin Architects Office']","The HUANG JIA Country CLUB and Recreation Inc. (""Party A""); Chang Chen-Bin Architects Office (""Party B"")","['October 29, 2015']",10/29/15,[],,[],,[],,[],,"['Should either Party herein initiate a legal proceeding for revoking any arbitration result regarding the Contract, both Parties herein agree to take the Miaoli District Court of Taiwan as the competent court of first instance pursuant to the laws of the R.O.C..']",Taiwan
ParatekPharmaceuticalsInc_20170505_10-KA_EX-10.29_10323872_EX-10.29_Outsourcing Agreement.pdf,['Outsourcing Agreement'],Outsourcing Agreement,"['CARBOGEN AMCIS AG', 'Customer', 'Paratek Pharmaceuticals, Inc.', '""Supplier"" and, collectively with Customer, the ""Parties"", and each, a ""Party']","Paratek Pharmaceuticals, Inc. (""Customer""); CARBOGEN AMCIS AG (“Supplier” and, collectively with Customer, the “Parties”, and each, a “Party)","['December 30, 2016']",12/30/16,"['December 30, 2016']",12/30/16,"['This Agreement shall commence on the Effective Date and shall be valid until the [* * *] (the ""Initial Term"").']",,"['Should the Parties have not agreed to the following agreement by [* * *], this Agreement shall automatically stay in force for a maximum of [* * *] (unless otherwise mutually agreed by the Parties or as otherwise set forth in Section 18.1(a)) or until the Parties have signed the follow-on agreement (the ""Renewal Term"").']",,"['This Agreement is effective as of the Effective Date and will expire in accordance with Section 2.1, unless, upon the occurrence of any of the following events, this Agreement is earlier terminated in accordance with this Section 18.1:\n\na) Customer delivers written notice of termination to Supplier at least [* * *] prior to the expiration date of the Initial Term, which termination shall be effective as of the expiration date of the Initial Term;\n\nb) either Party delivers written notice of termination to the other Party at least [* * *] prior to the expiration date of the Renewal Term, which termination shall be effective as of the expiration date of the Renewal Term;']",,"['This Agreement shall be governed by and construed in accordance with the substantive Laws of the [* * *], excluding any rules of conflicts of laws that would apply the substantive laws of any other jurisdiction.']",
PhotronicsInc_20171219_10-QA_EX-10.28_10982650_EX-10.28_Outsourcing Agreement.pdf,['OUTSOURCING AGREEMENT'],OUTSOURCING AGREEMENT,"['Xiamen American Japan Photronics Mask Co., Ltd.', 'Photronics, Inc.', 'Each of Photronics and DNP is hereinafter referred to as a ""Shareholder"" and collectively as the ""Shareholders"", each of the Shareholders and PDMC is hereinafter referred to as a ""Supplier"" and collectively as the ""Suppliers"", and each of the Suppliers and the Company is hereinafter referred to as a ""Party"" and collectively as the ""Parties.""', 'Photronics DNP Photomask Corporation', 'Photronics', 'PDMC', 'Company', 'Dai Nippon Printing Co., Ltd.', 'DNP']","Photronics, Inc. (“Photronics”); Dai Nippon Printing Co., Ltd. (“DNP”); Photronics DNP Photomask Corporation (“PDMC”); Xiamen American Japan Photronics Mask Co., Ltd. (""Company""); Phototronics and DNP (""Shareholder"" and collectively as ""Shareholders""); Shareholder and PDMC (""Supplier"" and collectively as the Suppliers"")","['16t h day of May, 2017,']",5/16/17,[],,"['This Agreement shall become effective as of the Effective Date and shall continue to be in full force and effect for so long as Photronics and DNP, or any of their Affiliates, each remains a Shareholder of the Company.']",perpetual,[],,[],,[],
ExactSciencesCorp_20180822_8-K_EX-10.1_11331629_EX-10.1_Promotion Agreement.pdf,['COLOGUARD® PROMOTION AGREEMENT'],COLOGUARD® PROMOTION AGREEMENT,"['Exact', 'Exact Sciences Corporation', 'Pfizer and Exact may each be referred to herein individually as a ""Party"" and collectively as the ""Parties"".', 'Pfizer', 'Pfizer Inc.']","Pfizer Inc. (“Pfizer”); Exact Sciences Corporation (""Exact"") (""Party"" and collectively as the ""Parties"")","['August 21, 2018']",8/21/18,"['August 21, 2018']",8/21/18,"['This Agreement shall be effective as of the Effective Date and shall continue in effect through December 31, 2021 and any Renewal Term (the ""Term""), unless terminated earlier as set forth herein.']",12/31/21,[],,[],,"['This Agreement shall be governed by and interpreted in accordance with the substantive laws of the State of New York, without regard to conflict of law principles thereof.']",New York
DovaPharmaceuticalsInc_20181108_10-Q_EX-10.2_11414857_EX-10.2_Promotion Agreement.pdf,['CO-PROMOTION AGREEMENT'],CO-PROMOTION AGREEMENT,"['Dova Pharmaceuticals, Inc.', 'Dova', 'Valeant Pharmaceuticals North America LLC', 'Valeant', 'Dova and Valeant are each referred to individually as a ""Party"" and together as the ""Parties"".']","Dova Pharmaceuticals, Inc. (""Dova""); Valeant Pharmaceuticals North America LLC (""Valeant"")(""Party"" and together as the ""Parties"")","['September 26, 2018']",9/26/18,"['September 26, 2018<omitted>""Effective Date"" shall have the meaning set forth in the preamble to this Agreement.', 'September 26, 2018']",9/26/18,"['This Agreement shall become effective as of the Effective Date and, unless earlier terminated as provided in this ARTICLE 12, shall extend until the four (4) year anniversary of the Effective Date (the ""Term"").']",9/26/22,[],,[],,"['This Agreement and any and all matters arising directly or indirectly herefrom shall be governed by and construed and enforced in accordance with the internal laws of the [***] applicable to agreements made and to be performed entirely in such state, including its statutes of limitation but without giving effect to the conflict of law principles thereof.']",[* * *]
VnueInc_20150914_8-K_EX-10.1_9259571_EX-10.1_Promotion Agreement.pdf,['PROMOTION AGREEMENT'],PROMOTION AGREEMENT,"['Promoter', 'BookingEntertainment.com', 'VNUE, Inc.', 'VNUE']","BookingEntertainment.com (""Promoter""); VNUE, Inc. (""VNUE"")","['September 10, 2015']",9/10/15,"['September 10, 2015']",9/10/15,"['This Agreement shall commence on September 10, 2015 and shall continue for One (1) Year (the ""Term"").']",9/10/16,"['At any time prior to the end of the Term, the Parties may agree in writing to extend the Agreement for successive One (1) Year periods (the ""Renewal Terms"") under the same conditions set forth herein.']",successive 1 year,[],,['This Agreement shall be governed by and construed in accordance with the laws of the State of Nevada without giving effect to choice of law doctrine.'],Nevada
SigaTechnologiesInc_20190603_8-K_EX-10.1_11695818_EX-10.1_Promotion Agreement.pdf,['PROMOTION AGREEMENT'],PROMOTION AGREEMENT,"['MMT', 'SIGA', 'SIGA and MMT are sometimes referred to individually as a ""Party"" and collectively as the ""Parties"". RECITALS', 'MERIDIAN MEDICAL TECHNOLOGIES, INC.', 'SIGA TECHNOLOGIES, INC.']","SIGA TECHNOLOGIES, INC. (""SIGA""); MERIDIAN MEDICAL TECHNOLOGIES, INC. (""MMT"")(""Party"" and collectively as the ""Parties"")","['May 31, 2019']",5/31/19,"['May 31, 2019']",5/31/19,"['This Agreement becomes effective on the Effective Date and, unless earlier terminated as provided in this ARTICLE 11, shall continue until the five (5) year anniversary of the Effective Date (the ""Initial Term"").']",5/31/24,"['This Agreement shall be automatically renewed for successive three (3) year terms thereafter (each a ""Renewal Term"" and together with the Initial Term, the ""Term"") until and unless (i) either Party provides the other Party written notice of non-renewal no later than ninety (90) days prior the end of the Initial Term or any Renewal Term or (ii) earlier terminated as provided in this ARTICLE 11.']",successive 3 years,"['This Agreement shall be automatically renewed for successive three (3) year terms thereafter (each a ""Renewal Term"" and together with the Initial Term, the ""Term"") until and unless (i) either Party provides the other Party written notice of non-renewal no later than ninety (90) days prior the end of the Initial Term or any Renewal Term or (ii) earlier terminated as provided in this ARTICLE 11.']",90 days,"['This Agreement and all disputes arising out of or related to this Agreement or any breach hereof are governed by and construed under the Laws of the State of New York, without giving effect to any choice of law principles that would require the application of the Laws of a different state.']",New York
BravatekSolutionsInc_20170418_8-K_EX-10.1_10205739_EX-10.1_Reseller Agreement.pdf,['RESELLER AGREEMENT'],  RESELLER AGREEMENT,"['Bravatek Solutions, Inc.', 'the company set forth below (""Company"") (each, individually, a ""party"" and collectively, ""parties""):', 'i3 ICS', 'Reseller', 'i3 Integrative Creative Solutions, LLC', 'BVTK']","i3 Integrative Creative Solutions, LLC (""i3 ICS"", ""Reseller""); Bravatek Solutions, Inc. (""BVTK"", ""Company"")(""party"" and collectively ""parties"")","['7th day of April, 2017']",4/7/17,"['7th day of April, 2017']",4/7/17,[],,['Contract is renewable for 1 year extension by amendment to this agreement.'],1 year,[],,['This Agreement shall be governed by and construed under the laws of the Commonwealth of Virginia without regard to the conflicts of law provisions thereof.'],Virginia
HealthcareIntegratedTechnologiesInc_20190812_8-K_EX-10.1_11776966_EX-10.1_Reseller Agreement.pdf,['WALABOT-HOME RESELLER AGREEMENT'],WALABOT-HOME RESELLER AGREEMENT,"['Inde Living Holdings, Inc.', 'Reseller', 'Vayyar Imaging Ltd.', 'Vayyar and Reseller shall be referred to individually as ""Party"" and collectively as ""Parties"".', 'Supplier']","Vayyar Imaging Ltd. (""Supplier""); IndeLiving Holdings, Inc. (""Reseller"")(""Party"" and collectively as ""Parties"")",['31 day of July 2019'],7/31/19,['31 day of July 2019'],7/31/19,"['This Agreement shall become effective on the Effective Date and shall remain in effect for an initial period of 1 year (""Initial Term"").']",7/31/20,"['Thereafter, this Agreement shall automatically be renewed for successive 1-year terms (each a ""Renewal Term"", and together with the Initial Term, the ""Term"").']",successive 1 year,"['Following the Initial Term, either Party may terminate this Agreement without cause upon written notice to the other Party of at least 3 months.']",3 months,"['This Agreement shall be governed by the laws of the State of New York and all disputes and controversies arising out of or in connection with the Agreement shall be brought exclusively before the competent courts in New York County, New York; provided however that judgment shall be enforceable in any country and that nothing in this Section shall prevent or restrict either Party from seeking interim relief in any competent jurisdiction as it may deem fit.']",New York
EhaveInc_20190515_20-F_EX-4.44_11678816_EX-4.44_License Agreement_ Reseller Agreement.pdf,['LICENSE AND RESELLER AGREEMENT'],LICENSE AND RESELLER AGREEMENT,"['EHAVE, INC.', 'COMPANION HEALTHCARE TECHNOLOGIES CORP', 'Ehave', 'CHT']","EHAVE, INC. (""Ehave""); COMPANION HEALTHCARE TECHNOLOGIES CORP (""CHT"")","['October 30, 2018']",10/30/18,"['October 30, 2018']",10/30/18,"['This term of this Agreement and the rights and obligations of the Parties hereto shall commence as of the Effective Date and shall continue in perpetuity (the ""Term""), unless terminated earlier in accordance with the provisions contained herein.']",Perpetual,[],,[],,"['This Agreement shall be governed by, and construed and enforced in accordance with, the laws in force in the Province of Ontario (excluding any conflict of laws rule or principle which might refer such construction to the laws of another jurisdiction).']","Ontario, Canada"
SalesforcecomInc_20171122_10-Q_EX-10.1_10961535_EX-10.1_Reseller Agreement.pdf,['FORM OF SUB-RESELLER AGREEMENT'],FORM OF SUB-RESELLER AGREEMENT,"['salesforce.com, inc.', 'Salesforce.org', 'the Reseller named above', '""SFDC"" or ""Salesforce""']","salesforce.com, inc. (""SFDC"", ""Salesforce""); Salesforce.org (""Reseller"")",[],[]/[]/[],"['This Sub-Reseller Agreement is effective as of the later of the dates beneath the Parties\' signatures below (""Sub-Reseller Effective Date""), provided, however, that the dates of the Parties\' signatures are not separated by a period of time greater than ten (10) business days.']",,[],,[],,[],,[],
IpassInc_20181203_8-K_EX-99.1_11445874_EX-99.1_Reseller Agreement.pdf,['CHANNEL PARTNER RESELLER AGREEMENT'],CHANNEL PARTNER RESELLER AGREEMENT,"['iPass', 'Channel Partner', 'IPASS INC.', 'Pareteum Corporation']","IPASS INC. (""iPass""); Pareteum Corporation (""Channel Partner"")",['04/25/2018'],4/25/18,"['""Effective Date"" means the date of last signature on this Agreement.', '04/25/2018']",4/25/18,"['This Agreement shall commence on the Effective Date and shall continue for a period of twelve (12) full calendar months (""Initial Term"").']",4/25/19,"['The Agreement shall automatically renew for successive one (1) year terms (each a ""Renewal Term"") unless either party provides the other party written notification of its intent to terminate the Agreement no later than sixty (60) days prior to the end of the then applicable term.']",successive 1 year,"['The Agreement shall automatically renew for successive one (1) year terms (each a ""Renewal Term"") unless either party provides the other party written notification of its intent to terminate the Agreement no later than sixty (60) days prior to the end of the then applicable term.']",60 days,['The laws of California shall govern the construction and enforceability of the Agreement.'],California
GpaqAcquisitionHoldingsInc_20200123_S-4A_EX-10.8_11951679_EX-10.8_Service Agreement.pdf,['SPONSORSHIP AND SERVICES AGREEMENT'],SPONSORSHIP AND SERVICES AGREEMENT,"['Constellation NewEnergy, Inc.', 'on behalf of itself and its retail affiliates and subsidiaries (collectively, ""Constellation"")', '(""PFHOF"" and, together with HOFV, the ""HOF Entities""', 'HOFV', 'National Football Museum, Inc., d/b/a Pro Football Hall of Fame', 'HOF Village, LLC', 'HOFV and/or PFHOF, on the one hand, and Constellation, on the other hand, are referred to herein as a ""Party"" and, collectively, as the ""Parties"".']","HOF Village, LLC (""HOFV"");  National Football Museum, Inc. d/b/a Pro Football Hall of Fame (""PFHOF""(“PFHOF” and, together with HOFV, the “HOF Entities”); Constellation NewEnergy, Inc., on behalf of itself and its retail affiliates and subsidiaries (collectively, “Constellation”); HOFV and/or PFHOF, and Constellation, (“Party” and, collectively, as the “Parties”)","['19t h day of December, 2018']",12/19/18,[],,"['The term of this Agreement (the ""Term""), unless mutually extended by written agreement of the Parties or unless sooner terminated as provided herein, shall commence effective as of the date hereof and shall expire on December 31, 2028.']",12/31/28,[],,[],,"['This Agreement shall be governed by and construed in accordance with the laws of the State of Ohio, without reference to principles of conflicts of law.']",Ohio
IntegrityFunds_20200121_485BPOS_EX-99.E UNDR CONTR_11948727_EX-99.E UNDR CONTR_Service Agreement.pdf,['DISTRIBUTION AND SERVICES AGREEMENT'],DISTRIBUTION AND SERVICES AGREEMENT,"['Integrity Short Term Government Fund', 'Integrity Funds Distributor, LLC', 'Fund', 'Integrity']","Integrity Short Term Government Fund, (""fund""); The Integrity Funds, Integrity Funds Distributor, LLC, (""Integrity"")","['January 18, 2020']",1/18/20,[],,"['This Agreement shall continue until January 18, 2022, and thereafter shall continue automatically for successive annual periods ending on January 18th of each year, provided such continuance is specifically approved at least annually by (a) the Fund\'s Board of Trustees and (b) a vote of a majority (as defined in the 1940 Act) of the Fund\'s Trustees who are not interested persons (as defined in the 1940 Act) of the Fund and who have no direct or indirect financial interest in the operation of the Plan, in this Agreement, or any agreement related to the Plan (the ""Qualified Trustees""), by vote cast in person at a meeting called for the purpose of voting on such approval.']",1/18/22,"['This Agreement shall continue until January 18, 2022, and thereafter shall continue automatically for successive annual periods ending on January 18th of each year, provided such continuance is specifically approved at least annually by (a) the Fund\'s Board of Trustees and (b) a vote of a majority (as defined in the 1940 Act) of the Fund\'s Trustees who are not interested persons (as defined in the 1940 Act) of the Fund and who have no direct or indirect financial interest in the operation of the Plan, in this Agreement, or any agreement related to the Plan (the ""Qualified Trustees""), by vote cast in person at a meeting called for the purpose of voting on such approval.']",successive 1 year,[],,['This Agreement shall be construed in accordance with the laws of the State of Kansas.'],Kansas
ReynoldsConsumerProductsInc_20200121_S-1A_EX-10.22_11948918_EX-10.22_Service Agreement.pdf,['TRANSITION SERVICES AGREEMENT'],TRANSITION SERVICES AGREEMENT,"['Reynolds Group Holdings Inc.', 'Each Party or any of its Affiliates providing services hereunder shall be a ""Provider,"" and each Party or any of its Affiliates receiving services hereunder shall be a ""Recipient.""', 'RGHI', 'Reynolds Consumer Products Inc.', '(the ""Company"" or ""RCP"")']","Reynolds Group Holdings Inc. (""RGHI""); Reynolds Consumer Products Inc. (""Company"" or ""RCP""); Each Party or any of its Affiliates providing services hereunder  (“Provider”); each Party or any of its Affiliates receiving services hereunder (“Recipient”)","['[•], 2020']",[]/[]/2020,[],,"['With respect to each of the Services, the term thereof will be for a period commencing as of the date hereof, unless a different date is specified as the commencement date for any applicable Service on Exhibit A or Exhibit B (either, a ""Commencement Date""), and shall continue until 12 months following the Commencement Date unless (i) such other date as is specified as the termination date for any applicable Service in this Agreement or on Exhibit A or Exhibit B, as applicable (the ""Term"") or (ii) earlier terminated pursuant to this Agreement (a ""Termination Date"").']",[]/[]/2021,[],,[],,"['This Agreement shall be governed in all respects, including as to validity, interpretation and effect, by the Laws of the State of Illinois, without giving effect to its principles or rules of conflict of laws, to the extent such principles or rules are not mandatorily applicable by statute and would permit or require the application of the Laws of another jurisdiction.']",Illinois
VerizonAbsLlc_20200123_8-K_EX-10.4_11952335_EX-10.4_Service Agreement.pdf,"['TRANSFER AND SERVICING AGREEMENT, d']","TRANSFER AND SERVICING AGREEMENT, d","['Issuer', 'Cellco', 'Servicer', 'Cellco Partnership d/b/a Verizon Wireless', 'Depositor', 'Marketing Agent', 'Custodian', 'VERIZON ABS LLC', 'VERIZON OWNER TRUST 2020-A']","VERIZON OWNER TRUST (""Issuer""); VERIZON ABS LLC (""Depositor""); Cellco Partnership d/b/a Verizon Wireless (""Cellco"", ""Servicer"", ""Marketing Agent"", ""Custodian"")","['January 29, 2020']",1/29/20,[],,"[""Cellco's appointment as custodian is effective as of the Initial Cutoff Date and will continue until the later of (i) the date on which all obligations of the Issuer have been paid in full and (ii) the date on which such appointment is terminated under this Section 3.10(f)."", 'This Agreement will terminate on the earlier to occur of (a) the date upon which the last remaining Receivable is paid in full, settled, sold or written off and any amounts received are applied and (b) the Issuer is terminated under Section 8.1 of the Trust Agreement.']",,[],,[],,"['THIS AGREEMENT, INCLUDING THE RIGHTS AND DUTIES OF THE PARTIES HERETO, SHALL BE GOVERNED BY, AND CONSTRUED IN ACCORDANCE WITH, THE INTERNAL LAWS OF THE STATE OF NEW YORK (INCLUDING SECTIONS 5-1401 AND 5-1402 OF THE GENERAL OBLIGATIONS LAW OF THE STATE OF NEW YORK, BUT WITHOUT REGARD TO ANY OTHERWISE APPLICABLE CONFLICTS OF LAW PRINCIPLES).']",New York
ArcGroupInc_20171211_8-K_EX-10.1_10976103_EX-10.1_Sponsorship Agreement.pdf,['JACKSONVILLE JAGUARS SPONSORSHIP AGREEMENT'],JACKSONVILLE JAGUARS SPONSORSHIP AGREEMENT,"['Sponsor', 'Jacksonville Jaguars, LLC', 'Club', 'The ARC Group, Inc.']","Jacksonville Jaguars, LLC (""Club""); The ARC Group, Inc. (""Sponser"")","['November 27, 2017']",11/27/17,"['April 1, 2018']",4/1/18,"['The term of this Agreement (the ""Term"") shall commence as of April 1, 2018 (the ""Effective Date"") and shall expire upon the later of: (a) the conclusion of the 2022/23 NFL season and (b) the last day in February, 2023 (such expiration date, the ""Scheduled Expiration Date""), unless sooner terminated pursuant to the terms of this Agreement.']",2/28/23,[],,[],,[],
AlliedEsportsEntertainmentInc_20190815_8-K_EX-10.34_11788308_EX-10.34_Sponsorship Agreement.pdf,['EVENT SPONSORSHIP AGREEMENT'],EVENT SPONSORSHIP AGREEMENT,"['Newegg Inc.', 'Allied Esports International, Inc.', 'Newegg', 'Allied', 'Newegg and Allied are hereinafter referred to jointly as the ""Parties"" and each as a ""Party.""']","Newegg Inc. (""Newegg""); Allied Esports International, Inc. (""Allied"")(""Parties"" and each as a ""Party"")","['February 1, 2019']",2/1/19,"['February 1, 2019']",2/1/19,"['This Agreement shall be valid for five (5) years from February 1, 2019 through January 31, 2024 unless this Agreement is terminated earlier pursuant to Section 14 (the ""Term"").']",1/31/24,[],,[],,"['Without reference to choice or conflict of law principles, this Agreement shall be governed by and construed in accordance with the laws of the State of California, USA.']",California
EcoScienceSolutionsInc_20180406_8-K_EX-10.1_11135398_EX-10.1_Sponsorship Agreement.pdf,['SPONSORSHIP AGREEMENT'],SPONSORSHIP AGREEMENT,"['Eco Science Solutions, Inc.', 'Sponsor', 'Fruit of Life Productions LLC', 'Promoter']","Fruit of Life Productions LLC (""Promoter""); Eco Science Solutions, Inc. (""Sponsor"")","['1st day of April, 2018 (']",4/1/18,"['1st day of April, 2018']",4/1/18,"['The term of this agreement will begin on April 1, 2018 and continue until April 30, 2018 at 11:59pm.']",4/30/18,[],,[],,"['This Agreement shall be governed by and interpreted in accordance with the laws of the State of Florida, without regard to its conflict-of-laws or choice-of law principles.']",Florida
AgapeAtpCorp_20191202_10-KA_EX-10.1_11911128_EX-10.1_Supply Agreement.pdf,['ODM SUPPLY AGREEMENT'],ODM SUPPLY AGREEMENT,"[""'the Customer'"", 'ORGANIC PREPARATIONS INC.', ""'the Manufacturer'"", 'AGAPE ATP INTERNATIONAL HOLDING LIMITED']","ORGANIC PREPARATIONS INC. (""the Manufacturer""); AGAPE ATP INTERNATIONAL HOLDING LIMITED (""the Customer"")",['15t h day of January 2018'],1/15/18,['This agreement commences upon execution of this document.'],1/15/18,['This agreement is for a term of ten (10) years.'],1/15/28,"['This agreement will be automatically renewed at the end of every ten (10) year term, with each subsequent term of renewal being for a ten (10) year term.']",successive 10 years,"['This agreement will be automatically renewed at the end of every ten (10) year term, with each subsequent term of renewal being for a ten (10) year term. A six (6) months notice must be given by either party of their intention to terminate relations due to any reason other than breach of this agreement.']",6 months,['This agreement shall be governed by the Laws of England (English common and statutory Law).'],England
FreezeTagInc_20180411_8-K_EX-10.1_11139603_EX-10.1_Sponsorship Agreement.pdf,['Corporate Sponsorship Agreement'],Corporate Sponsorship Agreement,"['Freeze Tag Inc.', 'Company', 'Association', 'American Diabetes Association, Inc.']","Freeze Tag Inc. (""Company""); American Diabetes Association (""Association"")","['March 22, 2018']",3/22/18,"['This Agreement shall commence on March 15, 2018 and will expire on March 14, 2020 unless terminated earlier pursuant to Section 13 of the Agreement (the ""Term"").']",3/14/18,"['This Agreement shall commence on March 15, 2018 and will expire on March 14, 2020 unless terminated earlier pursuant to Section 13 of the Agreement (the ""Term"")']",3/14/20,[],,[],,"['This Agreement is subject to and shall be construed in accordance with the laws of the Commonwealth of Virginia with jurisdiction and venue in federal and Virginia courts in Alexandria and Arlington, Virginia.']",Virginia
LohaCompanyltd_20191209_F-1_EX-10.16_11917878_EX-10.16_Supply Agreement.pdf,['SUPPLY CONTRACT'],SUPPLY CONTRACT,"['The buyer/End-User: Shenzhen LOHAS Supply Chain Management Co., Ltd.', 'The seller:']","Shenzhen LOHAS Supply Chain Management Co., Ltd. (""buyer"",""End-User""); the seller",[],,[],,"['The Contract is valid for 5 years, beginning from and ended on .']",,[],,[],,"[""It will be governed by the law of the People's Republic of China ,otherwise it is governed by United Nations Convention on Contract for the International Sale of Goods.""]",People's Republic of China; United Nations Convention on Contract for the International Sale of Goods
ReynoldsConsumerProductsInc_20191115_S-1_EX-10.18_11896469_EX-10.18_Supply Agreement.pdf,['MASTER SUPPLY AGREEMENT'],MASTER SUPPLY AGREEMENT,"['PACTIV LLC', 'Seller and Buyer are referred to individually at times as a ""Party"" and collectively at times as the ""Parties"".', 'Buyer', 'Seller', 'REYNOLDS CONSUMER PRODUCTS LLC']","REYNOLDS CONSUMER PRODUCTS LLC (""Seller""); PACTIV LLC (""Buyer"")(""Party"" and collectively at times as the ""Parties"")","['November 1, 2019']",11/1/19,"['November 1, 2019']",11/1/19,"['The ""Term"" of this Agreement will commence on the Effective Date and will end on the earlier of: (a) the first anniversary of the expiration date of the last Purchase Schedule (as defined in this next Section); (b) a termination date elected by a Party in a written notice delivered to the other Party any time after the expiration of the last Purchase Schedule; or (c) a termination date elected by a Party in a written notice delivered to the other Party as provided in Subsection 11(d) of this Agreement.']",,[],,[],,"['This Agreement and all claims or causes of action arising out of or related to this Agreement shall be governed in all respects, including as to validity, interpretation and effect, by the laws of the State of Illinois and the United States of America, without giving effect to its principles or rules of conflict of laws.']",Illinois
WestPharmaceuticalServicesInc_20200116_8-K_EX-10.1_11947529_EX-10.1_Supply Agreement.pdf,['GLOBAL MASTER SUPPLY AGREEMENT'],GLOBAL MASTER SUPPLY AGREEMENT,"['Buyer', 'on behalf of itself and the Buyer affiliates listed on Attachment C (each a ""Buyer Affiliate"" or ""West/A"" or collectively, ""Buyer Affiliates"").', 'ExxonMobil Chemical Company', 'Seller', 'on behalf of itself and in the interest of the ExxonMobil affiliates listed on Attachment B (each an ""ExxonMobil Selling Affiliate"" or ""EMCC/A"" or collectively, ""ExxonMobil Selling Affiliates""),', 'West Pharmaceutical Services, Inc.']","ExxonMobil Chemical Company (""Seller""), on behalf of itself and in the interest of the ExxonMobil affiliates listed on Attachment B (each an ""ExxonMobil Selling Affiliate"" or ""EMCC/A"" or collectively, ""ExxonMobil Selling Affiliates""); West Pharmaceutical Services, Inc. (""Buyer""), on behalf of itself and the Buyer affiliates listed on Attachment C (each a ""Buyer Affiliate"" or “West/A"" or collectively, ""Buyer Affiliates"")","['January 10, 2020']",1/10/20,"['Effective Date: January 1, 2019']",1/1/19,"['Termination Date: December 31, 2023']",12/31/23,[],,[],,"[""This Agreement shall be governed and construed in accordance with the law set forth in the ExxonMobil Selling Affiliate's general terms and conditions, as applicable."", 'The parties\' rights and obligations hereunder shall be construed and enforced under the laws of the State of Texas, U.S.A., without regard to conflict of laws principles. Incoterms 2010 (or any subsequent revision thereof) (""Incoterms"") shall also apply; provided, however, that Incoterms shall apply only to the extent specified in the agreement hereof, and provided, further, that in the event of a conflict between Incoterms and the laws of the State of Texas, U.S.A., the latter shall govern.', 'This Agreement shall be governed by Singapore law, without regard to its conflict of laws principles.', 'This Agreement between EM and Buyer shall be governed by the laws of Belgium (excluding its rules on conflict of laws).']",Texas; Singapore; Belgium
HertzGroupRealtyTrustInc_20190920_S-11A_EX-10.8_11816941_EX-10.8_Trademark License Agreement.pdf,['FORM OF TRADEMARK LICENSE AGREEMENT'],FORM OF TRADEMARK LICENSE AGREEMENT,"['HERTZ INVESTMENT GROUP, LLC', 'Licensor', '""Licensee"" and together with Licensor, the ""Parties""),', 'HERTZ GROUP REALTY TRUST, INC.']","HERTZ INVESTMENT GROUP, LLC (""Licensor""); HERTZ GROUP REALTY TRUST, INC. (""Licensee"" and together with Licensor, the ""Parties"")","['September ___, 2019']",09/[]/2019,"['September ___, 2019']",09/[]/2019,[],,[],,[],,['The provisions of this Agreement shall be governed by and construed in accordance with the laws of the State of California (excluding any conflict of law rule or principle that would refer to the laws of another jurisdiction).'],California
ArconicRolledProductsCorp_20191217_10-12B_EX-2.7_11923804_EX-2.7_Trademark License Agreement.pdf,['FORM OF TRADEMARK LICENSE AGREEMENT'],FORM OF TRADEMARK LICENSE AGREEMENT,"['Licensor', 'Licensee', 'ARCONIC ROLLED PRODUCTS CORP.', 'ARCONIC INC.']","ARCONIC INC. (""Licensee""); ARCONIC ROLLED PRODUCTS CORP. (""Licensor"")","['[ ] day of [ ], 2020 (']",[]/[]/2020,"['[ ] day of [ ], 2020']",[]/[]/2020,['The Term of this Agreement will commence on the Effective Date and shall continue for the time periods set forth in Schedules 1 and 2 unless sooner terminated in accordance with the terms of this Agreement.'],,[],,[],,['This Agreement shall be governed by and interpreted in accordance with the laws of the State of Delaware without regard to its conflicts of law principles.'],Delaware
MorganStanleyDirectLendingFund_20191119_10-12GA_EX-10.5_11898508_EX-10.5_Trademark License Agreement.pdf,['TRADEMARK LICENSE AGREEMENT'],TRADEMARK LICENSE AGREEMENT,"['Licensor', 'Licensee', 'Morgan Stanley Direct Lending Fund', 'Morgan Stanley Investment Management Inc.']","Morgan Stanley Investment Management Inc. (""Licensor""); Morgan Stanley Direct Lending Fund (""Licensee"")","['[·] day of [·], 2019']",[]/[]/2019,"['[·] day of [·], 2019']",[]/[]/2019,"['The term of this Agreement commences on the Effective Date and continues in perpetuity, unless termination occurs pursuant to Sections 4.2 through 4.4.']",perpetual,[],,[],,"['THIS AGREEMENT SHALL BE GOVERNED BY, AND CONSTRUED AND INTERPRETED IN ACCORDANCE WITH, THE LAW OF THE STATE OF NEW YORK.']",New York
NmfSlfIInc_20200115_10-12GA_EX-10.5_11946987_EX-10.5_Trademark License Agreement.pdf,['TRADEMARK LICENSE AGREEMENT'],TRADEMARK LICENSE AGREEMENT,"['the ""Licensee""', 'NMF Senior Loan Fund I, Inc.', 'New Mountain Capital, L.L.C.', 'the ""Licensor""', 'The Licensor and the Licensee are sometimes referred to herein separately as a ""party"" and collectively as the ""parties.""']","New Mountain Capital, LLC. (""Licensor""); NMF Senior Loan Fund I, Inc. (""Licensee"")(""party"" and collectively as the ""parties"")","['[·], 2019']",[]/[]/2019,"['[·], 2019']",[]/[]/2019,"['Notwithstanding the foregoing, this Agreement shall expire if the Investment Advisor or one of its affiliates ceases to serve as investment adviser to the Licensee.', 'The license granted to the Licensee under this Agreement shall continue perpetually']",perpetual,[],,[],,"['This Agreement shall be governed by, and construed in accordance with, the laws of the State of New York without giving effect to the principles of conflicts of law rules.']",New York
PalmerSquareCapitalBdcInc_20200116_10-12GA_EX-10.6_11949289_EX-10.6_Trademark License Agreement.pdf,['TRADEMARK LICENSE AGREEMENT'],TRADEMARK LICENSE AGREEMENT,"['Palmer Square Capital Management LLC', 'the ""Licensor""', 'the ""Licensee""', 'Palmer Square Capital BDC Inc.']","Palmer Square Capital Management LLC (""Licensor""); Palmer Square Capital BDC Inc. (""Licensee"")","['[ ] day of [ ], 2020']",[]/[]/2020,"['[ ] day of [ ], 2020']",[]/[]/2020,['This Agreement shall expire if the Investment Advisor or one of its affiliates ceases to serve as investment adviser to the Licensee.'],perpetual,[],,[],,"['This Agreement shall be governed by, and construed in accordance with, the laws of the State of New York.']",New York
PenntexMidstreamPartnersLp_20150416_S-1A_EX-10.4_9042833_EX-10.4_Transportation Agreement.pdf,['GAS TRANSPORTATION AGREEMENT'],GAS TRANSPORTATION AGREEMENT,"['MRD Operating LLC', 'PennTex North Louisiana Operating, LLC', 'Customer', 'Transporter', 'Hereinafter, Transporter and Customer may sometimes be referred to collectively as the ""Parties"" and individually as a ""Party']","PennTex North Louisiana Operating, LLC (""Transporter""); MRD Operating LLC (“Customer”)(""Parties"" and individually as a ""Party)","['14t h day of April, 2015']",4/14/15,"['14t h day of April, 2015']",4/14/15,"['This Agreement shall commence on the Effective Date and continue in full force and effect until the end of the fifteenth (15th) Contract Year, and shall continue in full force and effect thereafter until terminated by either Party by providing thirty (30) calendar days\' prior written notice of termination to the other Party (such fifteen (15) Contract Year period, as may be further extended as provided herein is referred to as the ""Term"").']",12/31/30,"['This Agreement shall commence on the Effective Date and continue in full force and effect until the end of the fifteenth (15th) Contract Year, and shall continue in full force and effect thereafter until terminated by either Party by providing thirty (30) calendar days\' prior written notice of termination to the other Party (such fifteen (15) Contract Year period, as may be further extended as provided herein is referred to as the ""Term"").']",perpetual,"['This Agreement shall commence on the Effective Date and continue in full force and effect until the end of the fifteenth (15th) Contract Year, and shall continue in full force and effect thereafter until terminated by either Party by providing thirty (30) calendar days\' prior written notice of termination to the other Party (such fifteen (15) Contract Year period, as may be further extended as provided herein is referred to as the ""Term"").']",30 days,"['This Agreement is entered into in the State of Texas and shall be governed, interpreted and construed in accordance with the laws of the State of Texas without regard to the conflicts of laws provisions thereof.']",Texas
TcPipelinesLp_20160226_10-K_EX-99.12_9454048_EX-99.12_Transportation Agreement.pdf,['TRANSPORTATION SERVICE AGREEMENT Contract Identification FT18150'],TRANSPORTATION SERVICE AGREEMENT Contract Identification FT18150,"['Great Lakes Gas Transmission Limited Partnership', 'ANR PIPELINE COMPANY', 'Shipper', 'Transporter']","Great Lakes Gas Transmission Limited Partnership (""Transporter""); ANR PIPELINE COMPANY (""Shipper"")","['December 14, 2015']",12/14/15,"['EFFECTIVE DATE: November 01, 2016']",11/1/16,"['TERM: November 01, 2014 to October 31, 2017']",10/31/17,[],,[],,['Any controversy between the parties arising under this Agreement and not resolved by the parties shall be determined in accordance with the laws of the State of Michigan.'],Michigan
RangeResourcesLouisianaInc_20150417_8-K_EX-10.5_9045501_EX-10.5_Transportation Agreement.pdf,['TRANSPORTATION SERVICES AGREEMENT'],TRANSPORTATION SERVICES AGREEMENT,"['Shipper and Carrier may be referred to individually as a ""Party,"" or collectively as the ""Parties.""', 'Carrier', 'Shipper', 'MRD Operating LLC', 'PennTex North Louisiana Operating, LLC']","PennTex North Louisiana Operating, LLC (""Carrier""); MRD Operating LLC (""Shipper"")(""Party"", or collectively as the ""Parties"")","['14t h day of April, 2015']",4/14/15,"['14t h day of April, 2015']",4/14/15,"['This Agreement shall commence on the Effective Date and continue in full force and effect until the end of the fifteenth (15th) Contract Year, and shall continue in full force and effect thereafter until terminated by either Party by providing thirty (30) calendar days\' prior written notice of termination to the other Party (such fifteen (15) Contract Year period, as may be further extended as provided herein is referred to as the ""Term"").']",perpetual,"['This Agreement shall commence on the Effective Date and continue in full force and effect until the end of the fifteenth (15th) Contract Year, and shall continue in full force and effect thereafter until terminated by either Party by providing thirty (30) calendar days\' prior written notice of termination to the other Party (such fifteen (15) Contract Year period, as may be further extended as provided herein is referred to as the ""Term"").']",perpetual,"['This Agreement shall commence on the Effective Date and continue in full force and effect until the end of the fifteenth (15th) Contract Year, and shall continue in full force and effect thereafter until terminated by either Party by providing thirty (30) calendar days\' prior written notice of termination to the other Party (such fifteen (15) Contract Year period, as may be further extended as provided herein is referred to as the ""Term"").']",30 days,['This Agreement shall be governed and construed in accordance with the laws of the state of Texas without giving effect to the conflict of law rules thereof.'],Texas
ZtoExpressCaymanInc_20160930_F-1_EX-10.10_9752871_EX-10.10_Transportation Agreement.pdf,['Road Transportation Agreement'],Road Transportation Agreement,"['Party A (Shipper): ZTO Express Co., Ltd.', 'Party B (Carrier): Tonglu Tongze Logistics Ltd.']","ZTO Express Co., Ltd. (""Party A""); Tonglu Tongze Logistics Ltd. (""Party B"")","['December 22, 2014']",12/22/14,"['This Agreement takes effect upon the signatures and seals of both Parties in triplicate.<omitted>December 22, 2014']",12/22/14,['Period of transportation services: this Agreement is valid for an indefinite term.'],perpetual,[],,[],,[],People's Republic of China
AudibleInc_20001113_10-Q_EX-10.32_2599586_EX-10.32_Co-Branding Agreement_ Marketing Agreement_ Investment Distribution Agreement.pdf,"['CO-BRANDING, MARKETING AND DISTRIBUTION AGREEMENT']","CO-BRANDING, MARKETING AND DISTRIBUTION AGREEMENT","['ACSI', 'Audible Inc.', 'Amazon.com Commerce Services, Inc.', 'Company', 'ACSI and Company are sometimes referred to collectively herein as the ""Parties"" and individually as a ""Party.""']","Amazon.com Commerce Services, Inc. (""ACSI""); Audible Inc. (""Company"")(""Parties"" and individually as a ""Party"")","['January 30, 2000']",1/30/00,"['January 30, 2000']",1/30/00,"['The term of this Agreement will commence on the Effective Date, and unless earlier terminated as provided elsewhere in this Agreement, will end automatically upon the end of Year 3.']",1/30/03,[],,[],,"['This Agreement will be interpreted, construed and enforced in accordance with the Laws of the State of Washington, without reference to its choice of Laws rules.']",Washington
2ThemartComInc_19990826_10-12G_EX-10.10_6700288_EX-10.10_Co-Branding Agreement_ Agency Agreement.pdf,['CO-BRANDING AND ADVERTISING AGREEMENT'],CO-BRANDING AND ADVERTISING AGREEMENT,"['2THEMART.COM, INC.', '2TheMart', 'i-Escrow', 'I-ESCROW, INC.']","I-ESCROW, INC.  (""i-Escrow"" ); 2THEMART.COM, INC. (""2TheMart"")","['June 21, 1999']",6/21/99,"['June 21, 1999']",6/21/99,"['The term of this Agreement shall continue for one (1) year following the Launch Date, unless earlier terminated as provided herein.']",6/21/00,"['In the event that either party does not give such notice, the term of this Agreement shall be automatically renewed for another one (1) year.', 'A party wishing to renew this Agreement shall give the other party notice thereof no less than thirty (30) days before the expiration of the term then in effect.']",Successive 1 year,"['In the event that either party does not give such notice, the term of this Agreement shall be automatically renewed for another one (1) year.', 'A party wishing to renew this Agreement shall give the other party notice thereof no less than thirty (30) days before the expiration of the term then in effect.']",30 days,['This Agreement will be governed and construed in accordance with the laws of the State of California without giving effect to conflict of laws principles.'],California
EmbarkComInc_19991008_S-1A_EX-10.10_6487661_EX-10.10_Co-Branding Agreement.pdf,['CO-BRANDING AGREEMENT'],CO-BRANDING AGREEMENT,"['Sponsor', 'Snap Technologies, Inc.', 'United Airlines, Inc.', 'Snap']","Snap Technologies, Inc. (""Snap""); United Airlines, Inc. (""Sponsor"")","['June 8, 1999']",6/8/99,"['The Term shall commence on the date of this Agreement and, unless earlier terminated or extended as provided below, shall end as of December 31, 2000.']",6/8/99,"['The Term shall commence on the date of this Agreement and, unless earlier terminated or extended as provided below, shall end as of December 31, 2000.']",12/31/00,[],,[],,"['This Agreement shall be governed by, and construed in accordance with, the laws of the State of California without reference to its choice of law rules.']",California
HealthcentralCom_19991108_S-1A_EX-10.27_6623292_EX-10.27_Co-Branding Agreement.pdf,['CO-BRANDING CONTENT AGREEMENT'],CO-BRANDING CONTENT AGREEMENT,"['HEALTHCENTRAL.COM INC.', 'MEDIALINX INTERACTIVE, L.P.', 'MLX', 'HCI']","MEDIALINX INTERACTIVE, L.P. (""MLX""); HEALTHCENTRAL.com INC. (""HCI"")",['30th day of June 1999'],6/30/99,"['The effective date of the start of the Term will be from the Launch Date.<omitted>The Parties have agreed that they will mutually approve the design of the      Co-Branded Site and that the launch date of the Co-Branded Site shall be      September 1st, 1999 unless mutually extended by the Parties as agreed to in      writing.']",9/1/99,"['The term of this Agreement shall be for a period of two (2) years (the ""Term"").']",9/1/01,[],,[],,['This Agreement shall be governed by and interpreted and enforced in accordance with the laws of the Province of Ontario and the Parties agree to abide by the jurisdiction of the Courts of Ontario.'],"Ontario, Canada"
ImpresseCorp_20000322_S-1A_EX-10.11_5199234_EX-10.11_Co-Branding Agreement.pdf,['CO-BRANDING AGREEMENT'],CO-BRANDING AGREEMENT,"['Impresse Corporation', 'VerticalNet, Inc.', 'VerticalNet', 'Impresse']","VerticalNet, Inc. (""VerticalNet""); Impresse Corporation (""Impresse"")","['March 3, 2000']",3/3/00,"['March 3, 2000']",3/3/00,['The Term of this Agreement shall begin on the Effective Date and shall end fifteen months therefrom.'],6/3/01,[],,[],,['This Agreement shall be governed by and interpreted under the laws of the State of Delaware without regard to its conflicts of law provisions.'],Delaware
EbixInc_20010515_10-Q_EX-10.3_4049767_EX-10.3_Co-Branding Agreement.pdf,['CO-BRANDING AGREEMENT'],CO-BRANDING AGREEMENT,"['ebix.com, Inc.', 'ebix', 'About', 'About.com, Inc.']","About.com, Inc. (""About""); ebix.com, Inc. (""ebix"")","['19th day of January, 2001']",1/19/01,"['19th day of January, 2001']",1/19/01,"['The term of this Agreement (the ""Term"") shall commence on the date hereof       (the ""Effective Date"") and shall expire upon delivery of [**] to ebix,       but in no way shall this Agreement extend any later than thirty (30)       months from the Effective Date regardless of the number Filled       Application Forms delivered to ebix. About will make commercially       reasonable efforts to achieve that number in twelve (12) months or less       from the Effective Date.']",,[],,[],,"['This Agreement will be governed by the laws of the state where a suit is properly filed under the terms of this paragraph, being either Illinois or New York, and without giving effect to conflict of law principles.']",Illinois; New York
InvendaCorp_20000828_S-1A_EX-10.2_2588206_EX-10.2_Co-Branding Agreement.pdf,['CO-BRANDING AGREEMENT'],CO-BRANDING AGREEMENT,"['At Home Corporation (""Excite@Home"" or ""Excite"")', 'e-centives, Inc., (""Application Provider"" or ""e-centives"")']","At Home Corporation (""Excite@Home"" or ""Excite""); e-centives, Inc. (""Application Provider"" or ""e-centives"")","['16th day of February, 2000']",2/16/00,"['16th day of February, 2000']",2/16/00,"['The term of this Agreement will begin on the Effective Date and will end      three (3) years from the date the Co-Branded Application becomes      accessible to Excite@Home Members (""Launch Date"").']",,[],,[],,"['The Agreement will be governed by and construed in         accordance with the laws of the State of California, notwithstanding the         actual state or country of residence or incorporation of Application         Provider.']",California
MphaseTechnologiesInc_20030911_10-K_EX-10.15_1560667_EX-10.15_Co-Branding Agreement.pdf,['CO-BRANDING AGREEMENT'],CO-BRANDING AGREEMENT,"['Lucent Technologies Inc.', 'Lucent', 'mPhase Technologies Inc.', '(each individually, ""a Party"" and, collectively, ""the Parties""}.', 'mPhase']","Lucent Technologies Inc. (""Lucent""); mPhase Technologies Inc. (""mPhase"")(""a Party"" and collectively, ""the Parties"")",['21st day of January 2003'],1/21/03,[],,"['The Term of this Agreement will commence on the date above, and shall          continue for a term of one (1) year']",1/21/04,"['mPhase shall have the right to          annually renew this agreement for a period of one year upon each annual          expiration with the written consent of Lucent, which written consent          shall not be unreasonably withheld.']",successive 1 year,[],,"['The validity, construction and performance of this Agreement shall be          governed by the laws of the State of New York.']",New York
LeadersonlineInc_20000427_S-1A_EX-10.8_4991089_EX-10.8_Co-Branding Agreement.pdf,['CO-BRANDING AGREEMENT'],CO-BRANDING AGREEMENT,"['VerticalNet', 'LeadersOnline', 'VerticalNet, Inc.', '(each a ""Party"" and together the ""Parties"").', 'LeadersOnline, Inc.']","VerticalNet, Inc. (""VerticalNet""); LeadersOnline, Inc. (""LeadersOnline"")(""Party"" and together the ""Parties"")","['March 15, 2000']",3/15/00,"['March 15, 2000']",3/15/00,"['Term shall mean the Effective Date through June 15, 2001 and any Renewal Term (as defined in paragraph 7.4 herein.)']",6/15/01,"['LeadersOnline shall have the option, subject to VerticalNet\'s approval exercised in its sole  and absolute discretion, to extend the Term of this Agreement for an additional 12 months (a ""Renewal Term"") on such terms and conditions as may be mutually agreed upon by the Parties.']",12 months,[],,['This Agreement shall be governed by and interpreted under the laws of the Commonwealth of Pennsylvania without regard to its conflicts of law provisions.'],Pennsylvania
NeoformaInc_19991202_S-1A_EX-10.26_5224521_EX-10.26_Co-Branding Agreement.pdf,['CO-BRANDING AGREEMENT'],CO-BRANDING AGREEMENT,"['VerticalNet, Inc.', 'VerticalNet', 'Neoforma', 'Neoforma.com, Inc.']","VerticalNet, Inc. (""VerticalNet""); Neoforma.com, Inc. (""Neoforma"")","['November 19, 1999']",11/19/99,"['November 19, 1999']",11/19/99,"['INITIAL TERM shall mean the Effective Date through the day prior to the second anniversary of the Effective Date, unless earlier terminated pursuant to Section 11.']",11/19/01,"['This Agreement will automatically renew at the end of the Initial Term or a subsequent renewal term on a year to year basis (each, a ""Renewal Term""), unless either Party notifies the other at least 30 days prior to the end of the Initial Term or then current Renewal Term, as applicable, of its intention not to renew this Agreement (a ""Termination Notice"").']",successive 1 year,"['This Agreement will automatically renew at the end of the Initial Term or a subsequent renewal term on a year to year basis (each, a ""Renewal Term""), unless either Party notifies the other at least 30 days prior to the end of the Initial Term or then current Renewal Term, as applicable, of its intention not to renew this Agreement (a ""Termination Notice"").']",30 days,['This Agreement shall be governed by and interpreted under the laws of the Commonwealth of Pennsylvania without regard to its conflicts of law provisions.'],Pennsylvania
PaperexchangeComInc_20000322_S-1A_EX-10.4_5202103_EX-10.4_Co-Branding Agreement.pdf,['CO-BRANDING AGREEMENT'],CO-BRANDING AGREEMENT,"['PaperExchange', 'PaperExchange.com, LLC', 'VerticalNet, Inc.', 'VerticalNet']","VerticalNet, Inc. (""""VerticalNet""); PaperExchange.com, LLC (""PaperExchange"")",[],,"['September 30, 1999']",9/30/99,"['Initial Term shall mean the Effective Date through the day prior to the fourth anniversary of the Effective Date, unless earlier terminated pursuant to Section 8']",9/30/03,"['This Agreement will automatically renew at the end of the Initial Term or a subsequent renewal term on a year to year basis (each, a ""Renewal Term""), unless either party notifies the other at least 30 days prior to the end of the Initial Term or then current Renewal Term, as applicable, of its intention not to renew this Agreement.']",successive 1 year,"['This Agreement will automatically renew at the end of the Initial Term or a subsequent renewal term on a year to year basis (each, a ""Renewal Term""), unless either party notifies the other at least 30 days prior to the end of the Initial Term or then current Renewal Term, as applicable, of its intention not to renew this Agreement.']",30 days,['This Agreement shall be governed by and interpreted under the laws of the Commonwealth of Pennsylvania without regard to its conflicts of law provisions.'],Pennsylvania
RaeSystemsInc_20001114_10-Q_EX-10.57_2631790_EX-10.57_Co-Branding Agreement.pdf,['CO-BRANDING AGREEMENT                                      (FORM)'],CO-BRANDING AGREEMENT                                      (FORM),"['NETTAXI', '""SpinRecords.com""  or  ""Client""', 'Solutions  Media,  Inc.,  dba SpinRecords.com', 'NETTAXI Online Communities, Inc.']","NETTAXI Online Communities, Inc. (""NETTAXI""); Solutions Media, Inc.(dba SpinRecords.com, ""SpinRecords.com"" or ""Client"")","['Nov  5,  1999']",11/5/99,"['Nov  5,  1999']",11/5/99,"['This  Agreement  shall  be effective upon the              ------------------- Effective Date and shall remain in force for a period of one (1) year, and shall be automatically renewed for successive periods of one (1) year unless otherwise terminated  as provided  herein.']",11/5/00,"['This  Agreement  shall  be effective upon the<omitted>Effective Date and shall remain in force for a period of one (1) year, and shall be automatically renewed for successive periods of one (1) year unless otherwise terminated  as provided  herein.']",successive 1 year,[],60 days,"['This Agreement and any action<omitted>related  thereto  shall  be governed, controlled, interpreted and defined by and under  the laws of the State of California and the United States, without regard to  the conflicts of laws provisions thereof.']",California
RandWorldwideInc_20010402_8-KA_EX-10.2_2102464_EX-10.2_Co-Branding Agreement.pdf,['CO-BRANDING AGREEMENT'],CO-BRANDING AGREEMENT,"['PlanetCAD Inc. (formerly known as Spatial Technology Inc.)', '(""Dassault Systemes"") and/or certain affiliates of Dassault Systemes,', 'PlanetCAD', 'Dassault Systemes', '(each a ""Party,"" together, the ""Parties"").']","Dassault Systemes (""Dassault Systemes"") and/or certain affiliates of Dassault Systems; PlanetCAD Inc. (""PlanetCAD"")(""Party,"" together, the ""Parties"")","['November 14, 2000']",11/14/00,"['November 14, 2000']",11/14/00,"['This Agreement shall be effective as of the Effective Date and shall continue in force for three years from the Launch Date (the ""Initial Term"") unless earlier']",11/14/03,['The Agreement shall automatically renew for successive one year additional terms unless terminated by either party at least six months prior to the expiration of the then-current term.'],successive 1 year,['The Agreement shall automatically renew for successive one year additional terms unless terminated by either party at least six months prior to the expiration of the then-current term.'],6 months,"['This Agreement shall be governed by, and construed in accordance with, the Laws of the State of New York, applicable to contracts executed in and to be performed entirely within that<omitted>state.']",New York
TheglobeComInc_19990503_S-1A_EX-10.20_5416126_EX-10.20_Co-Branding Agreement.pdf,['CO-BRANDING Agreement'],CO-BRANDING Agreement,"['The Boxlot Company', 'Boxlot', 'theglobe', 'theglobe.com, Inc.']","theglobe.com, Inc. (""theglobe""); The Boxlot Company (""Boxlot"")","['March ___, 1999']",03/[]/1999,"['March ___, 1999']",03/[]/1999,"['""Launch Date"" means the first date on which the Service is made publicly available.<omitted>This Agreement will become effective on the Effective Date and will continue in effect for 2 years following the Launch Date.']",,[],,[],,"['This Agreement will be governed and construed in accordance with the laws of the State of New York without giving effect to conflict of laws principles. Both parties submit to personal jurisdiction in New York and further agree that any cause of action arising under this Agreement shall be brought in a court in New York City, NY.']",New York
StampscomInc_20001114_10-Q_EX-10.47_2631630_EX-10.47_Co-Branding Agreement.pdf,['MANIFEST SYSTEM SERVICES AND CO-BRANDING AGREEMENT'],MANIFEST SYSTEM SERVICES AND CO-BRANDING AGREEMENT,"['MBE', 'iShip.com, Inc.', 'MAILBOXES ETC. USA, INC.', 'Mail                                                         ------- Boxes Etc. USA, Inc.', 'Company']","iShip.com, Inc. (""Company""); Mail Boxes Etc. USA, Inc. (""MBE"")","['April 27, 1999']",4/27/99,"['April 27, 1999']",4/27/99,['The initial term of this Agreement shall          ----------------------- commence on the Effective Date and end on the fifth anniversary of the Effective Date.'],4/27/04,"['MBE shall have the right to elect by written notice to the Company at any time between two (2) and six (6) months prior to the end of such initial term or any subsequent Renewal Period (as defined below), to notify the Company that MBE elects to seek to extend such term for additional two (2)-year periods (each a ""Renewal Period"") In the event of such election, MBE and the Company shall have  -------------- a period of sixty (60) days in which to negotiate commercially reasonable Basic Fees, Bounty Fees and eBay Fees (and other applicable fees) (""Fee Schedule"")                                                               ------------ under which the Company would be willing to renew this Agreement for such Renewal Period.', 'If MBE notifies the Company of its intent to so renew prior to the end of such initial term or such Renewal Period, the term of this Agreement shall automatically be extended for the Renewal Period and, other than the Fee Schedule, all of the terms and conditions of this Agreement shall remain in full force and effect.']",successive 2 years,[],,"['This Agreement and all acts and transactions pursuant          ------------- hereto and the rights and obligations of the parties hereto shall be governed, construed and interpreted in accordance with the laws of the State of California, without giving effect to principles of conflicts of law.']",California
CreditcardscomInc_20070810_S-1_EX-10.33_362297_EX-10.33_Affiliate Agreement.pdf,['CHASE AFFILIATE AGREEMENT'],CHASE AFFILIATE AGREEMENT,"['Chase Bank USA, N.A. (?Chase?)', 'you as an ""Affiliate""']","Chase Bank USA, N.A., (""Chase""); You (""Affiliate"")","['April 6, 2007']",4/6/07,['The term of this Agreement will commence on the date that the Affiliate Registration Form is approved by Chase and will end when terminated by either party.'],,['The term of this Agreement will commence on the date that the Affiliate Registration Form is approved by Chase and will end when terminated by either party.'],perpetual,[],,[],,"['This Agreement will be governed in all respects by the laws of the State of Delaware, including its conflict with law provisions.']",Delaware
DigitalCinemaDestinationsCorp_20111220_S-1_EX-10.10_7346719_EX-10.10_Affiliate Agreement.pdf,['NETWORK AFFILIATE AGREEMENT'],NETWORK AFFILIATE AGREEMENT,"['Digital Cinema Destinations Corp.', '""Network Affiliate"" and with  NCM, each a ""Party"" and collectively, the ""Parties""', 'NCM', 'National CineMedia, LLC']","National CineMedia, LLC (“NCM”); Digital Cinema Destinations Corp.; “Network Affiliate” and with NCM, ""Party"" and collectively, the ""Parties""","['14th day of March, 2011']",3/14/11,['The Parties contemplate that the Effective Date will be on or about __________________________.'],[]/[]/[],"['Unless earlier terminated as provided below, the term of this Agreement shall begin on the Effective Date and shall  continue for a period of five (5) years from the Effective Date (the ""Initial Term"") after which this Agreement may be extended on mutual agreement  of the parties (a ""Renewal Term,"" and together with the Initial Term, the ""Term"").']",[]/[]/2016,[],,[],,['This Agreement shall be binding on the Parties as of the date hereof and is to be construed in accordance  with and governed by the internal laws of the State of Delaware without giving effect to any choice of law rule that would cause the application of  the laws of any jurisdiction other than the internal laws of the State of Delaware to the rights and duties of the Parties.'],Delaware
LinkPlusCorp_20050802_8-K_EX-10_3240252_EX-10_Affiliate Agreement.pdf,['AFFILIATE AGREEMENT'],AFFILIATE AGREEMENT,"['LKPL', 'Axiometric', 'Link Plus Corporation', 'Axiometric, LLC']","Link Plus Corporation (""LKPL""); Axiometric, LLC. (""Axiometric"")","['JULY 15, 2005']",7/15/05,"['""Effective Date"" means July 15, 2005.']",7/15/05,['This Agreement will remain in force for perpetuity or until and unless          otherwise mutually agreed or amended in writing by both parties.'],perpetual,[],,[],,['This Agreement shall be construed and governed in accordance                   with the laws of the State of Maryland regardless of the place                   or places of its physical execution and performance.'],Maryland
SouthernStarEnergyInc_20051202_SB-2A_EX-9_801890_EX-9_Affiliate Agreement.pdf,['Affiliate Program / Premium Affiliate Management General Terms and Conditions'],Affiliate Program / Premium Affiliate Management General Terms and Conditions,"['Web site owners (hereafter, ""Affiliates"")', 'element 5 GmbH, Vogelsanger Strasse 78, 50823 Cologne, Germany and its subsidiaries (together hereafter, ""element 5"")', 'Software Publishers', 'who wish to make use of the additional service provided by element 5 (hereafter, ""Affiliate Management""']","Web site owners (hereafter, ""Affiliates""); Software Publishers; element 5 GmbH and its subsidiaries (together hereafter, ""element 5"") and who wish to make use of the additional service provided by element 5 (hereafter, ""AffiliateManagement"")",[],,"[""The term of this Agreement will begin upon acceptance of Affiliate's Program application and will end when terminated by either party of this Agreement.""]",,"[""The term of this Agreement will begin upon acceptance of Affiliate's Program application and will end when terminated by either party of this Agreement."", 'This Agreement is entered into for an unlimited period of time.']",perpetual,[],,[],,"['Even in case of agreements with foreign (non-German) Software Publishers and Affiliates, the law of the Federal Republic of Germany applies.']",Germany
SteelVaultCorp_20081224_10-K_EX-10.16_3074935_EX-10.16_Affiliate Agreement.pdf,['MARKETING AFFILIATE AGREEMENT'],MARKETING AFFILIATE AGREEMENT,"['National Credit Report.com, LLC', 'Equidata, Inc.', 'Marketing Affiliate', 'Equidata']","Equidata, Inc. (“Equidata”); National Credit Report.com, LLC (“Marketing Affiliate”)",['1s t day of October 2008'],10/1/08,['1s t day of October 2008'],10/1/08,"['This Agreement shall be for the term of one year; thereafter, the Agreement shall renew automatically under these same  terms and agreements unless superceded by future agreements.']",10/1/09,"['This Agreement shall be for the term of one year; thereafter, the Agreement shall renew automatically under these same  terms and agreements unless superceded by future agreements.']",Successive 1 year,[],,['This Agreement is governed by and construed in accordance with the laws of the State of Virginia.'],Virginia
UnionDentalHoldingsInc_20050204_8-KA_EX-10_3345577_EX-10_Affiliate Agreement.pdf,['BUSINESS AFFILIATE AGREEMENT'],BUSINESS AFFILIATE AGREEMENT,"['collectively,  Business Affiliate and UDC may be referred to collectively as the ""Parties"" and singularly as a (""Party"")', 'UNION DENTAL CORP.', 'Dr. George D. Green', 'Business Affiliate', 'UDC']","Dr. George D. Green (""Business Affiliate""); UNION DENTAL CORP. (""UDC"")(""parties"" and singularly as a ""Party"")","['January  28,  2005']",1/28/05,"['October 15,  2004']",10/15/04,['This Agreement  shall become  effective on the Effective Date      and shall  continue in effect until  either  Party  informs the other Party      with thirty (30) day prior written notice of termination of this Agreement.'],perpetual,[],,[],,[],
TubeMediaCorp_20060310_8-K_EX-10.1_513921_EX-10.1_Affiliate Agreement.pdf,['CHARTER AFFILIATE AFFILIATION AGREEMENT'],CHARTER AFFILIATE AFFILIATION AGREEMENT,"['Network', 'The TUBE Music Network, Inc.', 'Affiliate', 'Tribune Broadcasting Company']","The TUBE Music Network, Inc. (""Network""); Tribune Broadcasting Company (""Affiliate"")","['6t h day of March, 2006']",3/6/06,"['6t h day of March, 2006']",3/6/06,"['The ""Initial Term"" shall commence upon the Effective Date and shall expire on March 31, 2011.']",3/31/11,"['If the Term is renewed as described in Section 2(b), Network and Affiliate will negotiate exclusively and in good faith concerning further renewal of this Agreement upon mutually-agreed terms and conditions; provided, that unless Network and Affiliate otherwise agree in writing, the exclusive negotiation period will end six (6) months before the expiration of the Term.', 'If Affiliate fails to notify Network of its desire that this Agreement terminate on its expiration date, at least six (6) months before the expiration date, this Agreement will automatically renew, upon the same terms and conditions, for an additional four (4) -year period (""Renewal Term"").']","4 years, 6 months","['If Affiliate fails to notify Network of its desire that this Agreement terminate on its expiration date, at least six (6) months before the expiration date, this Agreement will automatically renew, upon the same terms and conditions, for an additional four (4) -year period (""Renewal Term"").']",6 months,"['The obligations of Affiliate and Network under this Agreement are subject to all applicable federal, state and local laws, rules and regulations, and this Agreement and all matters or issues collateral thereto shall be governed by the laws of the State of New York applicable to contracts to be entirely performed therein.']",New York
UsioInc_20040428_SB-2_EX-10.11_1723988_EX-10.11_Affiliate Agreement 2.pdf,['AFFILIATE OFFICE AGREEMENT'],AFFILIATE OFFICE AGREEMENT,"['Payment Data  Systems,  Inc.', 'AFFILIATE', 'NETWORK  1 FINANCIAL, INC.', 'NETWORK 1']","NETWORK  1 FINANCIAL, INC. (""NETWORK  1""); Payment Data  Systems,  Inc. (""AFFILIATE"")","['________ day of ______________________, in the year ____________']",,[],,"['The  term  (""Term"")  of  this Agreement shall be for one hundred eighty  days  (180)  from  the  date set forth below unless Network 1 or Visa or MasterCard  or Harris Bank doesn\'t approve Affiliate\'s ISO application, in which case,  the  Term  will  be  3 years.']",,['This Agreement will automatically renew for successive  one-year  terms  unless  terminated by either party by providing the other  with  30  days  written notice that this Agreement will not be renewed or Affiliate  enters  into  a  Processing  agreement  with  Network  1  and  an ISO Sponsorship  agreement  with  Harris  Bank  in  which  case  this Agreement will automatically  terminate  concurrent  with  the  execution  of  such agreements.'],successive 1 year,['This Agreement will automatically renew for successive  one-year  terms  unless  terminated by either party by providing the other  with  30  days  written notice that this Agreement will not be renewed or Affiliate  enters  into  a  Processing  agreement  with  Network  1  and  an ISO Sponsorship  agreement  with  Harris  Bank  in  which  case  this Agreement will automatically  terminate  concurrent  with  the  execution  of  such agreements.'],30 days,"['All  disputes  or  claims  by  Payment  Data  Systems hereunder  shall be resolved by arbitration in McLean, Virginia, pursuant to the rules of the American Arbitration Association.', 'All disputes or claims by NETWORK 1  hereunder shall be resolved by arbitration in San Antonio, Texas, pursuant to the  rules  of  the  American  Arbitration  Association.']","Virginia, Texas"
BizzingoInc_20120322_8-K_EX-10.17_7504499_EX-10.17_Endorsement Agreement.pdf,['CELEBRITY ENDORSEMENT AGREEMENT'],CELEBRITY ENDORSEMENT AGREEMENT,"['Joseph Theismann', 'Bizzingo, Inc.', 'Theismann', 'Bizzingo']","Bizzingo, Inc (""Bizzingo""); Joseph Theismann (""Theismann"")","['March 14, 2012']",3/14/12,"['March 1, 2012']",3/1/12,"['Unless sooner terminated under the provisions hereof, this Agreement shall commence on the Effective Date and continue for a period  of one (1) year (""Term""). provided however, that the Parties may extend the Term for an additional year period by entering into an written  addendum of the Agreement extending such term.']",3/1/13,"['Unless sooner terminated under the provisions hereof, this Agreement shall commence on the Effective Date and continue for a period  of one (1) year (""Term""). provided however, that the Parties may extend the Term for an additional year period by entering into an written  addendum of the Agreement extending such term.']",1 year,[],,[],
BerkshireHillsBancorpInc_20120809_10-Q_EX-10.16_7708169_EX-10.16_Endorsement Agreement.pdf,['ENDORSEMENT AGREEMENT'],ENDORSEMENT AGREEMENT,"['Berkshire', 'BERKSHIRE BANK', 'Auriemma', 'GENO AURIEMMA', '(Each or both of which shall  hereinafter be referred to as the ""PARTY"" or ""PARTIES,"" respectively).']","Geno Auriemma (Auriemma); Berkshire Bank (Berkshire)(""Party"" or ""Parties"")",['5/17/12'],5/17/12,[],,"['""CONTRACT PERIOD"" means that period of time commencing upon the full execution of this Agreement by both Parties and  terminating on May 31, 2016 unless sooner terminated under this Agreement.']",5/31/16,[],,[],,['This Agreement shall be governed by and construed in accordance with the laws of the State of Connecticut.'],Connecticut
GridironBionutrientsInc_20171206_8-K_EX-10.1_10972555_EX-10.1_Endorsement Agreement.pdf,['ENDORSEMENT AGREEMENT'],ENDORSEMENT AGREEMENT,"['NFLA-NC', 'National Football League Alumni, Inc.', 'Gridiron BioNutrients™', 'NFLA', 'National Football League Alumni - Northern California Chapter', 'Food For Athletes, Inc', '(collectively the ""Company"").']","National Football League Alumni - Northern America Chapter (""NFLA-NC""); National Football League Alumni, Inc (""NFLA""); Food For Athletes, Inc./Gridiron BioNutrients™ (collectively the ""Company"")","['October 30, 2017']",10/30/17,"['All terms of this Agreement will automatically commence on November 1st, 2017, and expire on November 2nd, 2020.']",11/1/17,"['All terms of this Agreement will automatically commence on November 1st, 2017, and expire on November 2nd, 2020.']",11/2/20,[],,[],,"['This Agreement shall be governed by, and its provisions enforced in accordance with, the laws of California without regard to its principles of conflicts of laws.']",California
LegacyEducationAllianceInc_20141110_8-K_EX-10.9_8828866_EX-10.9_Endorsement Agreement.pdf,['TALENT ENDORSEMENT AGREEMENT'],TALENT ENDORSEMENT AGREEMENT,"['Celebrity Speakers', 'Tigrent Learning UK Limited', 'CSA', 'Talent', 'Robbie Fowler', 'Company']","Tigrent Learning UK Limited (""Company""); Celebrity Speakers (""CSA""); Robbie Fowler (""Talent"")",['____ day of ______________ 2013'],[]/[]/2013,"['""Commencement Date"" means: 1st January 2013.']",1/1/13,"['""Term"" means: 1.5t January 2013 to 315t December 2013 or until terminated under the provisions of this Agreement or the Primary Agreement.']",12/31/13,['The period of license granted shall be for the Term and shall extend for a period of twenty four (24) months or until terminated as per clause 8 herein.'],24 months,[],,"['This Agreement shall be governed by the laws of England and Wales, and all actions brought hereunder whether at law or in equity shall be brought in England.']","England, United Kingdom; Wales, United Kingdom"
LifewayFoodsInc_20160316_10-K_EX-10.24_9489766_EX-10.24_Endorsement Agreement.pdf,['ENDORSEMENT AGREEMENT'],ENDORSEMENT AGREEMENT,"['Ludmila Smolyansky', 'Lifeway', 'Individual', 'Lifeway Foods, Inc.']","Lifeway Foods, Inc. (""Lifeway""); Ludmila Smolyansky (""Individual"")","['14th day of March, 2016']",3/14/16,"['14th day of March, 2016']",3/14/16,[],,[],,[],,"['This Agreement will be construed and governed in accordance with the laws of the State of Illinois, without regard to conflict of laws principles.']",Illinois
PerformanceSportsBrandsInc_20110909_S-1_EX-10.10_7220214_EX-10.10_Endorsement Agreement.pdf,['ENDORSEMENT AGREEMENT'],ENDORSEMENT AGREEMENT,"['Andy North', 'Company', 'Golfers Incorporated', 'North']","Golfers Incorporated (""Company""); Andy North (""North"")",['21s t day of February 2011'],2/21/11,"['February 21, 2011']",2/21/11,"['""Contract Period"" shall mean that period of time from February 21, 2011 through December 31, 2012.']",12/31/12,[],,[],,"['The Agreement shall be governed by and construed under the laws of the State of Florida in the United States of America,  and venue for any such legal action shall be in the Circuit Court or County Court in Orlando, FL or the U.S. District Court having jurisdiction  over Orlando, FL.']",Florida
PharmagenInc_20120803_8-KA_EX-10.1_7693204_EX-10.1_Endorsement Agreement.pdf,['ENDORSEMENT AGREEMENT'],ENDORSEMENT AGREEMENT,"['""Celebrity', 'Healthcare Distribution Specialists LLC', 'HDS', 'Paul Silas']","Healthcare Distribution Specialists LLC (""HDS""); Paul Silas (""Celebrity"")","['February 20, 2012']",2/20/12,"['February 20, 2012']",2/20/12,"['The term of this Agreement shall be for one (1) year commencing on the Effective Date and ending  on February 19, 2013 (""Term"").']",2/19/13,[],,[],,"['Regardless of the place of execution hereof, this Agreement, all amendments hereto, and any and all  issues or controversies arising here from or related hereto, shall be governed by and construed exclusively in  accordance with the laws and decisions of the State of Georgia.']",Georgia
PrudentialBancorpInc_20170606_8-K_EX-10.4_10474434_EX-10.4_Endorsement Agreement.pdf,['Split-Dollar Endorsement Agreement'],Split-Dollar Endorsement Agreement,"['""Employer"")', 'Prudential Bank', 'Employee', 'Jeffrey Hanuscin']","Prudential Bank (""Employer""); Jeffrey Hanuscin (""Employee"")","['1st day of June, 2017']",6/1/17,"['1st day of June, 2017<omitted>WHEREAS, it is now understood and agreed that this split-dollar agreement is to be effective as of the date first listed above;']",6/1/17,[],,[],,[],,"['This Agreement sets forth the entire Agreement of the parties hereto, and any and all prior agreements, to the extent inconsistent herewith, are hereby superseded. This Agreement will be governed by the laws of the State of Pennsylvania.']",Pennsylvania
ThriventVariableInsuranceAccountB_20190701_N-6_EX-99.D(IV)_11720968_EX-99.D(IV)_Endorsement Agreement.pdf,['ENDORSEMENT'],ENDORSEMENT,['Thrivent Financial for Lutherans'],Thrivent Financial for Lutherans,"['July 1, 2019']",7/1/19,"['July 1, 2019']",7/1/19,[],,[],,[],,[],
ArcaUsTreasuryFund_20200207_N-2_EX-99.K5_11971930_EX-99.K5_Development Agreement.pdf,['BLOCKCHAIN ADMINISTRATION AND DEVELOPMENT AGREEMENT'],BLOCKCHAIN ADMINISTRATION AND DEVELOPMENT AGREEMENT,"['Fund', 'Blockchain Administrator', 'ARCA CAPITAL MANAGEMENT, LLC', 'ARCA U.S. TREASURY FUND,']","ARCA U.S. TREASURY FUND (""Fund""); ARCA CAPITAL MANAGEMENT, LLC (""Blockchain Administrator"")","['[___], 2020']",[]/[]/2020,['This Agreement shall become effective as of the first date above written'],[]/[]/2020,"['This Agreement shall continue in effect for two years from the date hereof, and thereafter shall continue automatically for successive annual periods, provided that such continuance is specifically approved at least annually by (A) the vote of the Board, or by the vote of a majority of the outstanding voting securities of the Fund and (B) the vote of a majority of the Fund\'s directors who are not parties to this Agreement or ""interested persons"" (as such term is defined in Section 2(a)(19) of the Investment Fund Act) of any such party, in accordance with the requirements of the Investment Fund Act.']",[]/[]/2022,"['This Agreement shall continue in effect for two years from the date hereof, and thereafter shall continue automatically for successive annual periods, provided that such continuance is specifically approved at least annually by (A) the vote of the Board, or by the vote of a majority of the outstanding voting securities of the Fund and (B) the vote of a majority of the Fund\'s directors who are not parties to this Agreement or ""interested persons"" (as such term is defined in Section 2(a)(19) of the Investment Fund Act) of any such party, in accordance with the requirements of the Investment Fund Act.']",successive 1 year,[],,"['This Agreement shall be construed in accordance with the laws of the State of New York applicable to contracts formed and to be performed entirely within the State of New York, without regard to conflict of laws principles, and in accordance with the applicable provisions of the Investment Fund Act.']",New York
AimmuneTherapeuticsInc_20200205_8-K_EX-10.3_11967170_EX-10.3_Development Agreement.pdf,"['LICENSE, DEVELOPMENT AND COMMERCIALIZATION AGREEMENT']","LICENSE, DEVELOPMENT AND COMMERCIALIZATION AGREEMENT","['Xencor and Aimmune are sometimes referred to herein individually as a ""Party"" and collectively as the ""Parties"".', 'Xencor', 'Aimmune', 'Aimmune Therapeutics, Inc.', 'Xencor, Inc.']","Xencor, Inc. (""Xencor""); Aimmune Therapeutics, Inc. (""Aimmune"")(""Party"" and collectively as the ""Parties"")","['FEBRUARY 4, 2020']",2/4/20,"['February 4, 2020']",2/4/20,"['This Agreement shall become effective on the Effective Date and, unless earlier terminated pursuant to this ARTICLE 13, shall remain in effect on a Product-by-Product and country-by-country basis until the expiration of the Royalty Term applicable to such Product and country (the ""Term"").']",perpetual,[],Perpetual,[],,"['This Agreement shall be governed by and construed in accordance with the internal laws of the State of California applicable to agreements made and to be performed entirely within such state, without regard to the conflicts of law principles of such state; provided that any matters relating to the construction or effect of any Patent will be governed by the patent laws of the relevant jurisdiction in which such Patent is granted.']",California
CnsPharmaceuticalsInc_20200326_8-K_EX-10.1_12079626_EX-10.1_Development Agreement.pdf,['Development Agreement'],Development Agreement,"['CNS and WPD are sometimes referred to herein individually as a ""Party"" and collectively as the ""Parties.""', 'WPD', 'CNS Pharmaceuticals, Inc.', 'CNS', 'WPD Pharmaceuticals']","CNS Pharmaceuticals, Inc. (""CNS""); WPD Pharmaceuticals (""WPD"")(""Party"" and collectively as the ""Parties"")","['March 20, 2020']",3/20/20,"['March 20, 2020']",3/20/20,"['The term of this Agreement will commence on the Effective Date and remain in full force and effect until the expiration of the Sublicense Agreement, unless earlier termination by pursuant to the terms of this Agreement (""Term"").']",,[],,[],,"['This Agreement will be governed by, construed and enforced in accordance with the laws of the State of Texas.']",Texas
ClickstreamCorp_20200330_1-A_EX1A-6 MAT CTRCT_12089935_EX1A-6 MAT CTRCT_Development Agreement.pdf,['APPLICATION DEVELOPMENT AGREEMENT'],APPLICATION DEVELOPMENT AGREEMENT,"['InfinixSoft Global LLC', 'Developer', 'Clickstream Corporation', 'Client']","InfinixSoft Global LLC (""Developer""); Clickstream Corporation (""Client"")","['March 20, 2020']",3/20/20,"['March 20, 2020']",3/20/20,"['This Agreement shall become effective as of the Effective Date and, unless otherwise terminated in accordance with the provisions of Section 4 of this Agreement, will continue until the expiration of the Warranty Period as defined in subsection 9(a) of this Agreement.']",,[],,[],,['This Agreement shall be governed by the laws of the state of Florida.'],Florida
CoherusBiosciencesInc_20200227_10-K_EX-10.29_12021376_EX-10.29_Development Agreement.pdf,['LICENSE AND DEVELOPMENT AGREEMENT'],LICENSE AND DEVELOPMENT AGREEMENT,"['Licensee', 'Coherus BioSciences, Inc.', 'Bioeq', 'Bioeq IP AG']","Bioeq IP, AG (""Bioeq""); Coherus BioSciences, Inc. (""Licensee"")","['Nov. 02, 2019']",11/2/19,"['Nov. 02, 2019']",11/2/19,"[""Except as otherwise specified in this Agreement, the Parties' respective rights and obligations under this Agreement shall commence on the Effective Date and shall remain in full force for ten (10) years after the First Commercial Sale of the first Licensed Product, and shall thereafter automatically renew for an unlimited period of time unless otherwise terminated in accordance with Section 15.2.""]",,"[""Except as otherwise specified in this Agreement, the Parties' respective rights and obligations under this Agreement shall commence on the Effective Date and shall remain in full force for ten (10) years after the First Commercial Sale of the first Licensed Product, and shall thereafter automatically renew for an unlimited period of time unless otherwise terminated in accordance with Section 15.2.""]",perpetual,[],,"['This Agreement shall be governed by and construed in accordance with the laws of [***], without regard to the conflicts of law principles thereof, and [***].']",[]
ElPolloLocoHoldingsInc_20200306_10-K_EX-10.16_12041700_EX-10.16_Development Agreement.pdf,['FRANCHISE DEVELOPMENT AGREEMENT (Non-exclusive/Exclusive)'],FRANCHISE DEVELOPMENT AGREEMENT (Non-exclusive/Exclusive),"['""El Pollo Loco"" or ""Franchisor""', 'an individual', 'Developer', 'EL POLLO LOCO, INC.']","EL POLLO LOCO, INC. (""El Pollo Loco"" or ""Franchisor""); an individual (""Developer"")",[],,"['This Agreement shall commence on the date specified in Exhibit ""B"".']",,"['Notwithstanding any provision to the contrary contained herein, unless earlier terminated by either party, this Agreement shall expire on ______, 20___, and all rights of Developer herein shall cease and all unapplied or unused Development Fees paid pursuant to Section 3 hereof shall be forfeited to Franchisor.', 'Unless terminated pursuant to Section 10 or 11 below, it shall expire upon the earlier of the date specified in Exhibit ""B"" or upon the opening of the last El Pollo Loco® Restaurant listed in the Development Schedule.']",[ ]/[ ]/20[ ],[],,[],,"[""This Agreement, after review by Developer and El Pollo Loco, was accepted in the state in which Franchisor's then-current headquarters (currently the State of California) is located and shall be governed by and construed in accordance with the laws of such state, except that the provisions in Section 20.1 covering competition following the expiration, termination or assignment of this Agreement shall be governed by the laws of the state in which the breach occurs.""]",California; the state in which the breach occurs
EmeraldHealthBioceuticalsInc_20200218_1-A_EX1A-6 MAT CTRCT_11987205_EX1A-6 MAT CTRCT_Development Agreement.pdf,['Consulting and Product Development Agreement'],Consulting and Product Development Agreement,"['Emerald Health Nutraceuticals Inc.', 'EHS', 'EHN', 'Michael T. Murray, N.D', 'Dr. Murray', 'Emerald Health Sciences Inc.']","Emerald Health Sciences Inc. (""EHS""); Emerald Health Nutraceuticals Inc. (""EHN""); Michael T. Murray, N.D. (""Dr. Murray"")",['1st day of September 2016'],9/1/16,['1st day of September 2016'],9/1/16,"['Dr. Murray\'s obligations set out herein shall be performed from the Effective Date until December 31, 2018 (the initial ""Services Term"").', 'Except as otherwise stated herein as pertaining only to a Services Term, this Agreement shall remain in effect for ten years, unless terminated in accordance with Sections 6.1 (a) or 6.2(b).']",12/31/18,"[""The Services Term of this Agreement shall be automatically renewed for successive two-year terms thereafter unless written notice is given by either party to the other, indicating that party's intention not to renew the Services Term of this Agreement, at least ninety (90) days prior to the end of the initial Services Term or any renewed Services Term.""]",successive 2 years,"[""The Services Term of this Agreement shall be automatically renewed for successive two-year terms thereafter unless written notice is given by either party to the other, indicating that party's intention not to renew the Services Term of this Agreement, at least ninety (90) days prior to the end of the initial Services Term or any renewed Services Term.""]",90 days,"['This Agreement shall be governed by and construed and enforced in accordance with the laws of the State of Arizona without regard to conflict of law principles, may not be amended except by a writing signed by both parties, and shall supersede any and all prior discussions and writings between the parties concerning the subject matter.']",Arizona
HarpoonTherapeuticsInc_20200312_10-K_EX-10.18_12051356_EX-10.18_Development Agreement.PDF,['DEVELOPMENT AND OPTION AGREEMENT'],DEVELOPMENT AND OPTION AGREEMENT,"['Harpoon Therapeutics, Inc.', 'AbbVie Biotechnology Ltd', 'AbbVie', 'Harpoon']","Harpoon Therapeutics, Inc. (""Harpoon""); AbbVie Biotechnology Ltd (""AbbVie"")","['November 20, 2019']",11/20/19,"['November 20, 2019']",11/20/19,"['This Agreement shall commence on the Effective Date and, unless earlier terminated in accordance herewith, shall continue in force and effect until (a) the date of expiration of the last Royalty Term for the last Licensed Product, or (b) the expiration of the License Option Period and the failure of AbbVie to exercise the License Option (such period, the ""Term"").']",,[],,[],,"['This Agreement or the performance, enforcement, breach or termination hereof shall be interpreted, governed by and construed in accordance with the laws of the State of Delaware, United States, excluding any conflicts or choice of law rule or principle that might otherwise refer construction or interpretation of this Agreement to the substantive law of another jurisdiction; provided that all questions concerning (a) inventorship of Patents under this Agreement shall be determined in accordance with Section 7.1.3 and (b) the construction or effect of Patents shall be determined in accordance with the laws of the country or other jurisdiction in which the particular Patent has been filed or granted, as the case may be.']",Delaware
IbioInc_20200313_8-K_EX-10.1_12052678_EX-10.1_Development Agreement.pdf,['MASTER JOINT DEVELOPMENT AGREEMENT'],MASTER JOINT DEVELOPMENT AGREEMENT,"['CC-Pharming', 'iBio Inc.', 'Beijing CC-Pharming Ltd.']","iBio Inc.; Beijing CC-Pharming Ltd. (""CC-Pharming"")","['August 08, 2018']",8/8/18,"['The term of this Agreement (""Term"") will begin on the date this Agreement is signed by the last signatory (""Effective Date"") and remain in effect for [***]; provided, however, that the terms of this Agreement shall remain applicable to any SOW that was executed by the Parties prior to the expiration or termination of this Agreement but whose period of performance extends beyond the expiration or termination of this Agreement.<omitted>August 08, 2018']",8/8/18,"['The term of this Agreement (""Term"") will begin on the date this Agreement is signed by the last signatory (""Effective Date"") and remain in effect for [***]; provided, however, that the terms of this Agreement shall remain applicable to any SOW that was executed by the Parties prior to the expiration or termination of this Agreement but whose period of performance extends beyond the expiration or termination of this Agreement.']",,[],,[],,"['This Agreement is governed by the laws of the State of Texas, without regard to the conflict of laws provisions thereof.']",Texas
HfEnterprisesInc_20191223_S-1_EX-10.22_11931299_EX-10.22_Development Agreement.pdf,['OUTSOURCE TECHNOLOGY DEVELOPMENT AGREEMENT'],OUTSOURCE TECHNOLOGY DEVELOPMENT AGREEMENT,"['Developer', 'DSS', 'HotApp International Ltd.', 'Document Security Systems, Inc.']","Document Security Systems, Inc. (""DSS""); HotApp International Ltd. (""Developer"")","['1s t day of March, 2018']",3/1/18,"['1s t day of March, 2018']",3/1/18,"['The initial term of this Agreement shall commence on the Effective Date, and shall continue thereafter for a period of twelve (12) months (the ""Initial Term"").']",3/1/19,"['The Initial Term shall automatically renew for one-month periods thereafter unless either party provides 30- days advance notice of termination, unless earlier terminated pursuant to Section 2.2 hereof']",successive 1 month,"['The Initial Term shall automatically renew for one-month periods thereafter unless either party provides 30- days advance notice of termination, unless earlier terminated pursuant to Section 2.2 hereof.']",30 days,['This Agreement shall be governed in accordance with the laws of the State of New York without regard to conflict of laws principles.'],New York
LegacyEducationAllianceInc_20200330_10-K_EX-10.18_12090678_EX-10.18_Development Agreement.pdf,['REAL ESTATE EDUCATION TRAINING PROGRAM DEVELOPMENT AGREEMENT'],REAL ESTATE EDUCATION TRAINING PROGRAM DEVELOPMENT AGREEMENT,"['T&B Seminars, Inc.', 'LEA', 'Legacy Education Alliance Holdings, Inc.', 'T&B']","T&B Seminars, Inc. (""T&B""); Legacy Education Alliance Holdings, Inc. (""LEA"")",['12-23-2019'],12/23/19,['12-23-2019'],12/23/19,"['The Term shall commence upon the Effective Date and shall continue for an initial term of five (5) years.', 'The term ""Term"" shall mean an initial term of five years, automatically renewable thereafter for successive 5-year terms unless either party provides prior written notice of termination not less than 90 days prior to the end of such five-year term; provided, however, T&B shall have the right to terminate the license after the first year of the Term if LEA does not conduct the Business so as to meet the Cash Sales benchmarks set by the parties for years two through five of the Term, as set forth in Section 3.3, below.']",12/23/24,['The Term shall automatically renew thereafter for successive 5-year terms unless either party provides prior written notice of termination not less than 90 days prior to the end of such five-year term.'],successive 5 years,['The Term shall automatically renew thereafter for successive 5-year terms unless either party provides prior written notice of termination not less than 90 days prior to the end of such five-year term.'],90 days,"['This Agreement will be governed by and construed in accordance with the laws of the State of New York without regard to its provisions concerning the applicability of the laws of other jurisdictions, and specifically excluding the United Nations Convention on the International Sale of Goods.']",New York
LiquidmetalTechnologiesInc_20200205_8-K_EX-10.1_11968198_EX-10.1_Development Agreement.pdf,['BUSINESS DEVELOPMENT AGREEMENT'],BUSINESS DEVELOPMENT AGREEMENT,"['LIQUIDMETAL TECHNOLOGIES, INC.', 'Eutectix', 'EUTECTIX, LLC', 'Liquidmetal']","LIQUIDMETAL TECHNOLOGIES, INC. (""Liquidmetal""); EUTECTIX, LLC (""Eutectix"")","[', 2020']",[]/[]/2020,"[', 2020']",[]/[]/2020,"['The initial term of this Agreement shall commence on the Effective Date and shall continue until the fifth (5t h) anniversary of the Effective Date (the ""Term""), unless the Agreement is sooner terminated in accordance with the terms of this Agreement.']",[]/[]/2025,"['Upon the expiration of the Term, the Term shall automatically extend for successive 12-month periods until one Party terminates the Agreement by providing at least 180 days prior written notice to the other Party prior to the expiration of the then-current term or unless sooner terminated in accordance with the terms of this Agreement.']",succesive 1 year,"['Either Party may terminate this Agreement for any reason upon providing 180 days prior written notice to the other Party prior to the expiration of the then-current term or unless sooner terminated in accordance with the terms of this Agreement.', 'Upon the expiration of the Term, the Term shall automatically extend for successive 12-month periods until one Party terminates the Agreement by providing at least 180 days prior written notice to the other Party prior to the expiration of the then-current term or unless sooner terminated in accordance with the terms of this Agreement.']",180 days,"['This Agreement, the legal relations between the parties, and any action, whether contractual or non-contractual, instituted by any party with respect to matters arising under or growing out of or in connection with or in respect of this Agreement shall be governed by and construed in accordance with the internal laws of the State of Arizona (U.S.A.), excluding any choice of law rules that may direct the application of the laws of another jurisdiction, and except that questions affecting the construction and effect of any Patent shall be determined by the law of the country in which the Patent has been granted.']",Arizona
NlsPharmaceuticsLtd_20200228_F-1_EX-10.14_12029046_EX-10.14_Development Agreement.pdf,['License and Development Agreement'],License and Development Agreement,"['NLS-1 Pharma AG', 'Eurofarma Laboratórios S.A.', '""Licensee"" / ""Eurofarma""', '""Licensor"" / ""NLS""', '(Licensor and Licensee each a ʺPartyʺ collectively the ʺPartiesʺ)']","NLS-1 Pharma AG (""Licensor"" or ""NLS""); Eurofarma Laboratorios S.A. (""Licensee"" or ""Eurofarma"")(""Party"" collectively the ""Parties"")",[],,['Effective Date shall be the date of the last signature on the last page of this Agreement.'],,"['This Agreement will come into effect on the Effective Date and shall continue in full force for ten (10) years from the Launch (the ""Initial Term""), or the date of expiry of the last valid patent of the Licensed Product, whichever comes later, subject to clauses 19.2, 19.3, 19.4 and 19.5 hereunder']",,[],,[],,"['This Agreement shall be governed by and construed in accordance with the substantive laws of the Netherlands, excluding its rules of conflicts of law and the United Nations Convention on Contracts for the International Sale of Goods dated 11 April 1980 (CISG), as amended from time to time.']",Netherlands
PhasebioPharmaceuticalsInc_20200330_10-K_EX-10.21_12086810_EX-10.21_Development Agreement.pdf,['CO-DEVELOPMENT AGREEMENT'],CO-DEVELOPMENT AGREEMENT,"['SFJ', 'each, a ""Party"" and collectively, the ""Parties"").', 'PhaseBio Pharmaceuticals Inc.', 'PB', 'SFJ Pharmaceuticals X, Ltd.']","PhaseBio Pharmaceuticals Inc. (""PB""); SFJ Pharmaceuticals X, Ltd. (""SFJ"")(""party"" and collectively, the ""Parties"")","['January 9, 2020']",1/9/20,"['January 9, 2020']",1/9/20,"['The term of this Agreement (the ""Term"") will commence on the Effective Date and will expire upon the earliest of (i) termination of this Agreement in accordance with Section 14.2, or (ii) the date of payment of the last Approval Payment due based on all applicable Regulatory Approvals which have been received.']",,[],,[],,"['The construction and validity of this Agreement and the provisions hereof, and the rights and obligations of the Parties hereunder, will be governed by the internal laws of the State of Delaware, USA, and, to the extent applicable to Patents and Trademarks, the applicable federal laws of the USA, in each instance without regard to conflict of laws principles.']",Delaware
RevolutionMedicinesInc_20200117_S-1_EX-10.1_11948417_EX-10.1_Development Agreement.pdf,"['COLLABORATIVE RESEARCH, DEVELOPMENT AND COMMERCIALIZATION AGREEMENT']","COLLABORATIVE RESEARCH, DEVELOPMENT AND COMMERCIALIZATION AGREEMENT","['Revolution Medicines, Inc.', 'Sanofi and RevMed are referred to in this Agreement individually as a ""Party"" and collectively as the ""Parties.""', 'RevMed', 'Aventis, Inc.', 'Sanofi']","Revolution Medicines, Inc. (""Revmed""); Aventis, Inc. (""Sanofi"")(""Party"" and collectively as the ""Parties"")","['June 8, 2018']",6/8/18,"['June 8, 2018']",6/8/18,"['The term of this Agreement shall commence upon the Effective Date and, unless earlier terminated pursuant to this Article XII, shall continue in full force and effect until the expiration of Sanofi\'s payment obligations under Article IX or the Profit/Loss Share Agreement, whichever is later (the ""Term"").']",,[],,[],,"['This Letter shall be governed by and construed in accordance with the laws of the State of New York without reference to any rules of conflict of laws.', 'This Agreement shall be governed by and construed in accordance with the laws of the State of New York without reference to any rules of conflict of laws.']",New York
RitterPharmaceuticalsInc_20200313_S-4A_EX-10.54_12055220_EX-10.54_Development Agreement.pdf,['DISTRIBUTION AND DEVELOPMENT AGREEMENT'],DISTRIBUTION AND DEVELOPMENT AGREEMENT,"['Sekisui', 'Qualigen, Inc. and its Affiliates', 'Qualigen', 'Sekisui Diagnostics, LLC and its Affiliates']","Sekisui Diagnostics, LLC and its Affiliates (""Sekisui""); Qualigen, Inc. and its Affiliates (""Qualigen"")","['May 1, 2016']",5/1/16,[],,"['The initial term of this Agreement shall commence on the Effective Date and shall continue for a period of five (5) years unless earlier terminated pursuant to Section 14 hereof (the ""Term"").']",5/1/21,['The initial term of this Agreement and any renewal term thereof shall be automatically extended at the end of the initial term and any renewal term thereof for an additional one (1) year period unless either Party notifies the other Party not less than six (6) months before the end of the then in effect term of its intent to terminate this Agreement.'],Successive 1 year,['The initial term of this Agreement and any renewal term thereof shall be automatically extended at the end of the initial term and any renewal term thereof for an additional one (1) year period unless either Party notifies the other Party not less than six (6) months before the end of the then in effect term of its intent to terminate this Agreement'],6 months,"['This Agreement shall be governed by, and construed and interpreted in accordance with, the laws of the State of Delaware, without reference to its conflicts of laws principles.']",Delaware
VgrabCommunicationsInc_20200129_10-K_EX-10.33_11958828_EX-10.33_Development Agreement.pdf,['Mobile Application Development Agreement'],Mobile Application Development Agreement,"['VAL', 'VGrab Asia Ltd.', 'Mr. Zheng Qing, Mr. Gu Xianwin and Ms. Chen Weijie']","VGrab Asia Ltd. (""VAL""); Mr. Zheng Qing, Mr. Gu Xianwin and Ms. Chen Weijie (""Developer"")","['5th Day of March, 2019']",3/5/19,['This Agreement shall commence on 5th March 2019'],3/5/19,"['This Agreement commences on the date it is executed and shall continue until full performance by both parties, or until earlier terminated by one party under the terms of this Agreement.', 'This Agreement will be for the maximum period of six (6) months beginning for the commencement date, renewable in accordance with the terms hereof, unless earlier terminated pursuant to this Agreement.']",09/05/2019; perpetual,[],,[],,"['This agreement shall be construed, interpreted and governed by and in accordance with the laws of Hong Kong.']",Hong Kong
ChinaRealEstateInformationCorp_20090929_F-1_EX-10.32_4771615_EX-10.32_Content License Agreement.pdf,['DOMAIN NAME AND CONTENT LICENSE AGREEMENT'],DOMAIN NAME AND CONTENT LICENSE AGREEMENT,"['Beijing SINA Internet Information Service Co., Ltd.', 'Beijing Yisheng Leju Information Services Co., Ltd.', 'Licensor', 'Licensee']","Beijing SINA Internet Information Service Co., Ltd. (""Licensor""); Beijing Yisheng Leju Information Services Co., Ltd. (""Licensee"")",[],,"['""Effective Date"" means the Closing Date as set forth in the Share Purchase Agreement.']",,"['The initial term of this Agreement (the ""Initial Term"") shall commence on the Effective Date and shall continue for a period of ten (10)  years thereafter.']",,[],,[],,"[""This Agreement and any dispute or claim arising out of or in connection with it or its subject matter shall be governed by,  and construed in accordance with, the laws of the People's Republic of China (without regard to its conflicts of laws rules that would mandate the  application of the laws of another jurisdiction)."", 'This Termination Agreement shall be governed by the laws of the PRC, without regard to conflicts of law principles.']",People's Republic of China
AlliedEsportsEntertainmentInc_20190815_8-K_EX-10.19_11788293_EX-10.19_Content License Agreement.pdf,['JOINT CONTENT LICENSE AGREEMENT'],JOINT CONTENT LICENSE AGREEMENT,"['WPT Enterprises, Inc.', 'Zynga US', '(""Zynga Ireland,"" and together with Zynga US and their respective Affiliates, ""Zynga"").', 'ZYNGA GAME IRELAND LIMITED', 'ZYNGA INC.', 'WPT']","WPT Enterprises, Inc. (“WPT”); ZYNGA INC. (“Zynga US”); ZYNGA GAME IRELAND LIMITED (""Zynga Ireland"", and together with Zynga US and their respective Affiliates, “Zynga”)","['February 1, 2018']",2/1/18,"['February 1, 2018']",2/1/18,"['This Agreement will be in effect for three (3) years from the Effective Date (""Initial Term"") unless terminated earlier in accordance with this Agreement.']",2/1/21,"['This Agreement shall automatically extend for an additional two (2) years on the same terms herein (""Renewal Term"") provided WPT receives payments greater than twelve million U.S. dollars ($12,000,000) within the Initial Term.']",2 years,[],,['This Agreement will for all purposes be governed by and interpreted in accordance with the laws of the State of California without giving effect to any conflict of laws principles that require the application of the laws of a different state.'],California
DataCallTechnologies_20060918_SB-2A_EX-10.9_944510_EX-10.9_Content License Agreement.pdf,['CONTENT LICENSING AGREEMENT'],                           CONTENT LICENSING AGREEMENT,"['Data Call Technologies, Inc.', 'Licensor', 'plan_b', 'PLAN_B MEDIA AG']","Data Call Technologies, Inc (""Licensor""); PLAN_B MEDIA AG (""plan_b"")",['03/24/06'],3/24/06,['Contract  start:  04-01-06'],4/1/06,"['Unless  otherwise  stated  in  the  Appendix  the  term of this letter           Agreement  shall  continue  for  twenty-four  (24)  months  with  the           effective  date  unless  terminated sooner or extended pursuant to the           terms hereof (""Initial Term"")', 'Contract  end:  04-01-08']",4/1/08,['The Initial Term shall automatically be           extended  for  an additional period of half a year unless either party           provides  the  other party with written notification of termination of           the  letter  Agreement  at  least 60 days prior to end of such period.'],0.5 year,['The Initial Term shall automatically be           extended  for  an additional period of half a year unless either party           provides  the  other party with written notification of termination of           the  letter  Agreement  at  least 60 days prior to end of such period.'],60 days,['This Agreement  shall  be  governed  and  construed in accordance with           the  laws  of  the  United  States of America.'],United States
GlobalTechnologiesGroupInc_20050928_10KSB_EX-10.9_4148808_EX-10.9_Content License Agreement.pdf,['CONTENT LICENSE AGREEMENT'],CONTENT LICENSE AGREEMENT,"['MobileVision Communications Ltd.', 'Distributor', 'Global Music International, Inc. d/b/a Independent Music Network', 'IMNTV']","Global Music International, Inc. d/b/a Independent Music Network (""IMNTV""); MobileVision Communications, Ltd. (""Distributor"")",['13/07/05'],7/13/05,"['This Agreement is effective as of the last date signed below (""Effective Date"").<omitted>13/07/05']",7/13/05,"['The initial term of this Agreement will begin on the Effective Date and end twelve (12) months after the Launch (the ""Term"").']",7/13/06,"['IMNTV will extend the Agreement on the same terms and conditions for additional one-year terms, providing Distributor and IMNTV agree, predicated on satisfactory performance by both parties']",successive 1 year,[],,['This Agreement will be governed by the laws of the State of Florida without regard to conflicts of law provisions.'],Florida
IdeanomicsInc_20151124_8-K_EX-10.2_9354744_EX-10.2_Content License Agreement.pdf,['FORM OF CONTENT LICENSE AGREEMENT'],FORM OF CONTENT LICENSE AGREEMENT,"['YOU ON DEMAND HOLDINGS, INC.', 'Licensor', 'Licensee', 'Beijing Sun Seven Stars Culture Development Limited']","Beijing Sun Seven Stars Culture Development Limited (""Licensor""); YOU ON DEMAND HOLDINGS, INC (""Licensee"")","['___________, 2015']",[]/[]/2015,"['__________, 2015']",[]/[]/2015,"['The Term of this Agreement (the ""Term"") shall commence on the Effective Date listed above and continue for twenty (20) years, unless sooner terminated as provided in Section 7(b).']",[]/[]/2035,[],,[],,"['This Agreement shall be governed by and construed in all respects in accordance with the laws of the State of New York, without giving effect to any conflicts of laws principles.', 'The merits of the dispute shall be resolved in accordance with the laws of the State of New York, without reference to its choice of law rules.']",New York
MidwestEnergyEmissionsCorp_20080604_8-K_EX-10.2_3093976_EX-10.2_Content License Agreement.pdf,['CONTENT LICENSE AGREEMENT'],                CONTENT LICENSE AGREEMENT,"['COMPANY', 'NCM', 'YGP, LLC,', '(COMPANY and CONTENT PROVIDER are hereinafter sometimes collectively referred to as the ""Parties"").', 'New China Media LLC', 'TWK Holdings, LLC', 'TWK', '(NCM, YGP and TWK shall be individually and collectively referred to as ""CONTENT PROVIDER"")', 'YGP', 'Digicorp, Inc.', 'a/k/a New China Media Limited']","Digicorp, Inc. (""Company""); New China Media LLC ((a/k/a New China Media LLC) (""NCM""); YGP, LLC (""YGP""); TWK Holdings, LLC. (""TWK""); (NCM, YGP and TWK individually and collectively referred to as ""CONTENT PROVIDER"")(COMPANY and CONTENT PROVIDER are hereinafter sometimes collectively referred to as the ""Parties"")","['2nd day of June, 2008']",6/2/08,"['2nd day of June, 2008']",6/2/08,"['This Agreement and the provisions hereof, except as otherwise provided, shall be in full force and effect commencing on the date of execution by both Parties and shall extend for an initial term of two (2) years.']",6/2/10,"['This Agreement shall be automatically renewed for additional extended terms each of two (2) years duration unless either party notifies the other in writing of its intention not to renew the Agreement, such notification to be provided at least ninety (90) days prior to the expiration of the then in-effect term.']",successive 2 years,"['This Agreement shall be automatically renewed for additional extended terms each of two (2) years duration unless either party notifies the other in writing of its intention not to renew the Agreement, such notification to be provided at least ninety (90) days prior to the expiration of the then in-effect term.']",90 days,"['This Agreement is to be governed by and construed in accordance with the Laws of the State of California applicable to contracts made and to be performed wholly within such State, and without regard to the conflicts of laws principles thereof.']",California
PacificapEntertainmentHoldingsInc_20051115_8-KA_EX-1.01_4300894_EX-1.01_Content License Agreement.pdf,['CONTENT LICENSE AGREEMENT'],CONTENT LICENSE AGREEMENT,"['Licensor: PACIFICAP ENTERTAINMENT', 'Licensee THE HENRY FILM AND ENTERTAINMENT CORPORATION']","PACIFICAP ENTERTAINMENT (""Licensor""); THE HENRY FILM AND ENTERTAINMENT CORPORATION (""Licensee"")","['3rd day of November, 2005']",11/3/05,[],,"['This Agreement will become effective as of the last date of signature (Effective Date) and shall, unless sooner terminated as provided below or as otherwise agreed, remain effective for an initial term of 10 Years following the first date of public availability of the PACIFICAP ENTERTAINMENT Content within a THE HENRY FILM AND ENTERTAINMENT CORPORATION Property (the ""Initial Term"").']",,"['After the Initial Term, this Agreement will be automatically renewed for successive additional 3~year periods (""Extension Terms""), unless otherwise terminated by either party by giving notice to the other party not less than sixty (60) days prior to the end of a Term.']",successive 3 years,"['After the Initial Term, this Agreement will be automatically renewed for successive additional 3~year periods (""Extension Terms""), unless otherwise terminated by either party by giving notice to the other party not less than sixty (60) days prior to the end of a Term.']",60) days,[],California
PhoenixNewMediaLtd_20110421_F-1_EX-10.17_6958322_EX-10.17_Content License Agreement.pdf,['Program Content License Agreement'],Program Content License Agreement,"['Phoenix Satellite TV', 'Party B', 'Beijing Tianying Jiuzhou Network Technology Co., Ltd.', 'Party A', 'Phoenix Satellite Television Company Limited']","Phoenix Satellite Television Company Limited (""Party A""""Phoenix Satellite TV""); Beijing Tianying Jiuzhou Network Technology Co., Ltd (""Party B"")","['November 24, 2009']",11/24/09,"['This Agreement shall become effective on the date on which it is signed and affixed with the corporate seals by the authorized representative of  each Party and have a term of five (5) years commencing as of the effective date hereof.<omitted>November 24, 2009']",11/24/09,['This Agreement shall become effective on the date on which it is signed and affixed with the corporate seals by the authorized representative of  each Party and have a term of five (5) years commencing as of the effective date hereof.'],11/24/14,[],,[],,"['The execution, validity, interpretation, enforcement and dispute resolution of this Agreement shall be governed by the PRC Law.']",People's Republic of China
RemarkHoldingsInc_20081114_10-Q_EX-10.24_2895649_EX-10.24_Content License Agreement.pdf,['CONTENT LICENSE AGREEMENT'],  CONTENT LICENSE AGREEMENT,"['World Book, Inc.', 'HSWI', 'World Book', 'HSW International, Inc.']","World Book, Inc. (""World Book""); HSW International, Inc. (""HSWI"")","['September 17, 2008']",9/17/08,"['September 17, 2008']",9/17/08,"['This Agreement shall commence on the Effective Date and, except as set forth in Subsection (ii), continue in full force and effect through the Delivery Period.']",,"['At the end of such [*] ([*]) year period, HSWI shall have the right to renew the Agreement under materially the same terms or shall have an option to purchase the Translated Content outright to the extent rights permit and to the extent the parties mutually agree to terms for such sale.']",,[],,"['This Agreement, the rights and obligations of the parties hereto, and any claims or disputes thereto, shall be governed by and construed in accordance with the laws of the State of New York without reference to conflict of law principles. Venue for any proceedings not subject to arbitration under this Agreement shall be in the state and federal courts located in New York, New York.']",New York
WatchitMediaInc_20061201_8-K_EX-10.1_4148672_EX-10.1_Content License Agreement.pdf,['Media Content and License Agreement'],Media Content and License Agreement,"['Watchit Media', 'Oceanic Time Warner Cable']",Watchit Media; Oceanic Time Warner Cable,[],,"['Effective Dates: September 1, 2006, August 31, 2007']",09/01/2006; 8/31/2007,['This agreement will be in effect until the end of 2006 and will be evaluated at that time.'],12/31/06,[],,[],,[],
XinhuaSportsEntertainmentLtd_20070221_F-1_EX-99.4_645553_EX-99.4_Content License Agreement.pdf,['CONTENT LICENSE AGREEMENT'],                            CONTENT LICENSE AGREEMENT,"['XFN', 'XINHUA FINANCIAL NETWORK LIMITED', 'CHINA ECONOMIC INFORMATION SERVICE OF XINHUA NEWS AGENCY', 'CEIS']","CHINA ECONOMIC INFORMATION SERVICE OF XINHUA NEWS AGENCY (""CEIS""); XINHUA FINANCIAL NETWORK LIMITED (""XFN"")",['15th day of December 2001'],12/15/01,['EFFECTIVE DATE     means 18 May 2000;'],5/18/00,"['This Agreement shall take effect from the Effective Date and continue in      full force and effect for twenty (20) years thereafter, unless otherwise      terminated in accordance with Clause 8.']",5/18/20,"['This Agreement may be renewed for an additional term of ten (10) years by      notice in writing given by XFN to CEIS at the expiry of the Term, for a      consideration to be mutually agreed.']",10 years,[],,['This Agreement is governed by and shall be construed in      accordance with the laws of Hong Kong'],Hong Kong
WebmdHealthCorp_20050908_S-1A_EX-10.7_1027007_EX-10.7_Content License Agreement.pdf,['CONTENT LICENSE AGREEMENT'],CONTENT LICENSE AGREEMENT,"['Emdeon Corporation', 'WebMD, Inc.', 'Emdeon', 'WebMD']","Emdeon Corporation (""Emdeon""); WebMD, Inc. (""WebMD"")","['October 1, 2005']",10/1/05,"['October 1, 2005']",10/1/05,"['Expiration Date: August 31, 2006', 'This Agreement shall be effective as of the Effective Date and shall expire on the Expiration Date set forth above (the ""Initial Term""), unless earlier terminated in accordance with Section 3(b).']",8/31/06,[],1 year,[],,"['This Agreement shall be governed by and construed in accordance with the laws of the State of New York, without application of conflict of laws principles.']",New York
ScansourceInc_20190509_10-Q_EX-10.2_11661422_EX-10.2_Distributor Agreement.pdf,['ADDENDUM TO\n\nZEBRA® PARTNERCONNECT DISTRIBUTOR AGREEMENT'],"ADDENDUM TO 

ZEBRA® PARTNERCONNECT DISTRIBUTOR AGREEMENT","['ScanSource, Inc.', 'Zebra Technologies do Brasil - Comércio de Produtos de Informåtica Ltda.', 'ScanSource Brazil Distribuidora de Technologias, Ltda.', 'SCANSOURCE DE MEXICO S. DE R.L. DE C.V.', 'Zebra', 'ScanSource Mexico', '(Collectively ""Distributor\')', 'ScanSource', 'Zebra Technologies International, LLC', 'Xplore', '""Zebra"" and the ""Distributor"" are referred to collectively as \'Parties"" and individually as a ""Party"".', 'ScanSource Brazil', 'Zebra Brazil', 'Xplore Technologies Corporation of America', 'ScanSource Latin America', 'ScanSource Latin America, Inc.', 'collectively ""Zebra""']","Zebra Technologies International, LLC (""Zebra""), Zebra Technologies do Brasil - Comércio de Produtos de Informåtica Ltda.(""Zebra Brazil""), Xplore Technologies Corporation of America (""Xplore""), (Zebra, Zebra Brazil and Explore collectively as ""Zebra""); ScanSource, Inc. (""ScanSource""), ScanSource Latin America, Inc. (""ScanSource Latin America""), ScanSource Brazil Distribuidora de Technologias, Ltda. ""ScanSource Brazil""), SCANSOURCE DE MEXICO S. DE R.L. DE C.V. (""ScanSource Mexico"") ,(""ScanSource"", ""ScanSource Latin America"" , ""ScanSource Brazil"" and ScanSource Mexico collectively ""Distributor"")(""Zebra"" and the ""Distributor"" are referred to collectively as 'Parties"" and individually as a ""Party"")",['4th day of February 2019'],2/4/19,['4th day of February 2019'],2/4/19,[],,[],,[],,['The terms of the Governing Law and Dispute Resolution provisions of the Distribution Agreement will apply to this Addendum.'],
ScansourceInc_20190822_10-K_EX-10.39_11793959_EX-10.39_Distributor Agreement.pdf,['AMENDMENT NO. 3 TO THE NONEXCLUSIVE VALUE ADDED DISTRIBUTOR AGREEMENT'],AMENDMENT NO. 3 TO THE NONEXCLUSIVE VALUE ADDED DISTRIBUTOR AGREEMENT,"['ScanSource, Inc.', 'Cisco', 'Distributor', 'Cisco Systems, Inc.']","Cisco Systems, Inc. (""Cisco""); ScanSource, Inc. (""Distributor"")",['8/4/10'],8/4/10,[],,"['The Term of the Agreement is hereby extended to January 20, 2012 unless sooner terminated as provided for in the Agreement.']",1/20/12,[],,[],,[],
PrecheckHealthServicesInc_20200320_8-K_EX-99.2_12070169_EX-99.2_Distributor Agreement.pdf,['DISTRIBUTOR AGREEMENT'],DISTRIBUTOR AGREEMENT,"['Distributor', 'Principal', 'Co-Diagnostics, Inc.', 'PreCheck Health Services, Inc.']","Co-Diagnostics, Inc. (""Principal""); PreCheck Health Services, Inc. (""Distributor"")","['19t h day of March, 2020']",3/19/20,[],,"['This Agreement shall be in effect until March 18. 2021, unless sooner terminated by either party upon (30) days written notice, without cause.']",3/18/21,[],,[],,['This Agreement shall be construed in accordance with and governed by the laws of the State of Texas without regard to principles of conflicts of laws.'],Texas
SmartRxSystemsInc_20180914_1-A_EX1A-6 MAT CTRCT_11351705_EX1A-6 MAT CTRCT_Distributor Agreement.pdf,['EXCLUSIVE DISTRIBUTOR AGREEMENT'],EXCLUSIVE DISTRIBUTOR AGREEMENT,"['Distributor', 'Company', 'A3 DEVELOPMENT GROUP, LLC', 'SMART RX SYSTEMS, INC.']","SMART RX SYSTEMS, INC. (""Company""); A3 DEVELOPMENT GROUP, LLC (""Distributor"")","['17t h day of May, 2017']",5/17/17,[],,"['This contract shall remain in effect initially for the five (5) year term (""Initial Term"") from the date signed and shall be automatically extended for one (1) year periods after the Initial Term (""Renewal Term"") unless (i) either party provides written notice of its intention not to renew the Agreement within 180 days prior to any Renewal Term; or (ii) this Agreement is otherwise terminated pursuant to the terms of this Section 12.']",5/17/22,"['This contract shall remain in effect initially for the five (5) year term (""Initial Term"") from the date signed and shall be automatically extended for one (1) year periods after the Initial Term (""Renewal Term"") unless (i) either party provides written notice of its intention not to renew the Agreement within 180 days prior to any Renewal Term; or (ii) this Agreement is otherwise terminated pursuant to the terms of this Section 12.']",successive 1 year,"['This contract shall remain in effect initially for the five (5) year term (""Initial Term"") from the date signed and shall be automatically extended for one (1) year periods after the Initial Term (""Renewal Term"") unless (i) either party provides written notice of its intention not to renew the Agreement within 180 days prior to any Renewal Term; or (ii) this Agreement is otherwise terminated pursuant to the terms of this Section 12.']",180 days,"['This Distributor Agreement shall be exclusively governed, construed, enforced and controlled by the laws of the United States of America and of the State of Texas.']",Texas
StaarSurgicalCompany_20180801_10-Q_EX-10.37_11289449_EX-10.37_Distributor Agreement.pdf,['DISTRIBUTORSHIP AGREEMENT'],DISTRIBUTORSHIP AGREEMENT,"['STAAR', 'Distributor', 'STAAR SURGICAL AG']","STARAR SURGICAL AG (""STAAR""); Distributor (""Distributor"")",['____________'],,['____________'],,"['The term of this Agreement shall commence on the Effective Date and terminate in _____________, on _____________, unless terminated earlier pursuant to the terms of this Agreement; provided, however, that this Agreement may be renewed for successive one (1) year periods if STAAR and Distributor expressly agree in writing and in their sole discretion to renew this Agreement prior to the foregoing termination date or any successive renewal term.']",,"['The term of this Agreement shall commence on the Effective Date and terminate in _____________, on _____________, unless terminated earlier pursuant to the terms of this Agreement; provided, however, that this Agreement may be renewed for successive one (1) year periods if STAAR and Distributor expressly agree in writing and in their sole discretion to renew this Agreement prior to the foregoing termination date or any successive renewal term.']",successive 1 year,[],,"['This Agreement, which is in English, shall be governed by and construed in accordance with the laws of the State of California without regard to the conflicts of laws principles thereof.']",California
ZogenixInc_20190509_10-Q_EX-10.2_11663313_EX-10.2_Distributor Agreement.pdf,['DISTRIBUTORSHIP AGREEMENT'],DISTRIBUTORSHIP AGREEMENT,"['Zogenix', 'Distributor', 'Zogenix and Distributor may be referred to individually as a ""Party"" and collectively as the ""Parties"".', 'ZOGENIX, INC.', 'Nippon Shinyaku Company, Ltd.']","ZOGENIX, INC. (""Zogenix""); Nippon Shinyaku Company, Ltd. (""Distributor"")(""Party"" and collectively as the ""Parties"")","['March 18, 2019']",3/18/19,"['March 18, 2019']",3/18/19,"['This Agreement shall commence on the Effective Date and shall remain in effect until September 1, 2045, unless earlier terminated by either Party pursuant to this Article 12 (the ""Term"").']",9/1/45,[],,[],,"[""This Agreement and all questions regarding its existence, validity, interpretation, breach or performance and any dispute or claim arising out of or in connection with it (whether contractual or non-contractual in nature such as claims in tort, from breach of statute or regulation or otherwise) shall be governed by, and construed and enforced in accordance with, the laws of the State of New York, United States, without reference to its conflicts of law principles to the extent those principles would require applying another jurisdiction's laws.""]",New York
ArmstrongFlooringInc_20190107_8-K_EX-10.2_11471795_EX-10.2_Intellectual Property Agreement.pdf,['INTELLECTUAL PROPERTY AGREEMENT'],INTELLECTUAL PROPERTY AGREEMENT,"['Armstrong Flooring, Inc.', 'Buyer', '""Licensing"" and together with Seller, ""Arizona"")', 'AHF Holding, Inc.', 'AFI Licensing LLC', 'Seller', 'formerly known as Tarzan HoldCo, Inc.)', 'Armstrong Hardwood Flooring Company', 'each of Arizona on the one hand and the Buyer Entities on the other hand, a ""Party"" and collectively, the ""Parties"").', '(the ""Company"" and together with Buyer the ""Buyer Entities""']","Armstrong Flooring, Inc. (""Seller""); AFI Licensing LLC, (""Licensing"" and together with Seller, ""Arizona""); AHF Holding, Inc. (formerly known as Tarzan HoldCo, Inc.)(""Buyer""); Armstrong Hardwood Flooring Company (""Company""and together with Buyer the ""Buyer Entities"")(each of Arizona and the Buyer Entities, a ""Party"" and collectively, the ""Parties"")","['December 31, 2018']",12/31/18,"['December 31, 2018']",12/31/18,"['Unless earlier terminated pursuant to the provisions hereof, the term of this Agreement and the licenses and other grants of rights (and related obligations) under this Agreement shall (i) with respect to the Arizona Licensed Trademarks, be for the Arizona Trademark License Term, (ii) with respect to the Diamond Licensed Trademarks, be for the Diamond Trademark License Term, (iii) with respect to the Phase- Out Marks, be for the term set forth in Section 6.6, and (iv) with respect to Copyrights, Know-How and Patents, be in perpetuity.']",Perpetual,[],,[],,"['This Agreement shall be governed by the laws of the State of Delaware, its rules of conflict of laws notwithstanding.']",Delaware
GluMobileInc_20070319_S-1A_EX-10.09_436630_EX-10.09_Content License Agreement1.pdf,['WIRELESS CONTENT LICENSE AGREEMENT'],WIRELESS CONTENT LICENSE AGREEMENT,"['Fox and Licensee are collectively referred to as the ""parties"" and each individually as a ""party.""', 'Sorrent, Inc.', 'TWENTIETH CENTURY FOX LICENSING & MERCHANDISING', 'Licensee', 'Fox']","Twentieth Century Fox Licensing & Merchandising (""Fox""); Sorrent, Inc (""Licensee"")(""parties"" and each individually as a ""party)","['December 16, 2004,']",12/16/04,"['December 16, 2004']",12/16/04,"['The rights granted hereunder shall be effective as of the Effective Date and shall expire on December 31, 2006 (the ""Term""); provided, however, that with respect to each Property, all rights and licenses granted herein will continue in full force and effect for a period of eighteen (18) months after the initial theatrical release of that Property.']",12/31/06,[],,[],,['This Agreement shall be construed in accordance with the laws of the State of California applicable to agreements executed and to be wholly performed therein.'],California
GluMobileInc_20070319_S-1A_EX-10.09_436630_EX-10.09_Content License Agreement2.pdf,"['Wireless Content License Agreement Number 12965', 'AMENDMENT NO. 1']","AMENDMENT NO. 1

Wireless Content License Agreement Number 12965","['Glu Mobile, Inc. f/k/a Sorrent, Inc.', 'Licensee', 'Fox Mobile Entertainment, Inc.', 'Fox']","Fox Mobile Entertainment (""Fox""); Glu Mobile, Inc. f/k/a Sorrent, Inc. (""Licensee"")","['November 11, 2005']",11/18/05,[],,[],,[],,[],,[],
GluMobileInc_20070319_S-1A_EX-10.09_436630_EX-10.09_Content License Agreement3.pdf,"['Wireless Content License Agreement Number 12965', 'AMENDMENT NO. 2']","AMENDMENT NO. 2

Wireless Content License Agreement Number 12965","['Glu Mobile, Inc. f/k/a Sorrent, Inc.', 'Licensee', 'Fox Mobile Entertainment, Inc.', 'Fox']","Fox Mobile Entertainment, Inc. (""Fox""); Glu Mobile, Inc. f/k/a Sorrent, Inc. (""Licensee"")","['March 27, 2006']",3/27/06,[],,[],,[],,[],,[],
GluMobileInc_20070319_S-1A_EX-10.09_436630_EX-10.09_Content License Agreement4.pdf,"['AMENDMENT NO. 3', 'Wireless Content License Agreement Number 12965']","AMENDMENT NO. 3

Wireless Content License Agreement Number 12965","['Glu Mobile Inc.', 'Licensee', 'Fox Mobile Entertainment, Inc.', 'Fox']","Fox Mobile Entertainment, Inc. (""Fox""); Glu Mobile Inc. (""Licensee"")","['February 19, 2007']",2/19/07,[],,"['The rights granted hereunder shall be effective as of the Effective Date and shall expire on December 31, 2006 (the ""Term""); provided, however, that with respect to each Property, including Robots, Kingdom of Heaven, Mr. and Mrs. Smith, In Her Shoes, Idiocracy (Oww My Balls) and Ice Age II, all right and licenses granted herein will continue in full force and effect until March 31, 2008.""']",12/31/06,[],,[],,[],
LejuHoldingsLtd_20140121_DRS (on F-1)_EX-10.26_8473102_EX-10.26_Content License Agreement1.pdf,['DOMAIN NAME AND CONTENT LICENSE AGREEMENT'],DOMAIN NAME AND CONTENT LICENSE AGREEMENT,"['Beijing SINA Internet Information Service Co., Ltd.', 'Beijing Yisheng Leju Information Services Co., Ltd.', 'Licensor', '""Licensee"" and together with Licensor, the ""Parties"" and each a ""Party"")']","Beijing SINA Internet Information Service Co., Ltd (""Licensor""); Beijing Yisheng Leju Information Services Co., Ltd (""Licensee"" and together with Licensor, the ""Parties"" and each a ""Party"")",[],,"['""Effective Date"" means the Closing Date as set forth in the Share Purchase Agreement.']",,"['The initial term of this Agreement (the ""Initial Term"") shall commence on the Effective Date and shall continue for a period of ten (10) years thereafter.']",,[],,[],,"[""This Agreement and any dispute or claim arising out of or in connection with it or its subject matter shall be governed by, and construed in accordance with, the laws of the People's Republic of China (without regard to its conflicts of laws rules that would mandate the application of the laws of another jurisdiction).""]",People's Republic of China
LejuHoldingsLtd_20140121_DRS (on F-1)_EX-10.26_8473102_EX-10.26_Content License Agreement2.pdf,['MUTUAL TERMINATION AGREEMENT'],MUTUAL TERMINATION AGREEMENT,"['Beijing SINA', 'Shanghai SINA Leju Information Technology Co. Ltd.', 'SINA Leju', 'Beijing SINA Internet Information Service Co.']","Beijing SINA Internet Information Service Co. (""Beijing SINA""); Shanghai SINA Leju Information Technology Co. Ltd. (""SINA Leju"")","['day of , 2009']",[]/[]/2009,[],,[],,[],,[],,"['This Termination Agreement shall be governed by the laws of the PRC, without regard to conflicts of law principles.']",People's Republic of China
PapaJohnsInternationalInc_20190617_8-K_EX-10.1_11707365_EX-10.1_Endorsement Agreement.pdf,['ENDORSEMENT AGREEMENT'],ENDORSEMENT AGREEMENT,"[""Papa John's Marketing Fund, Inc"", ""Papa John's International, Inc."", 'ABG-Shaq, LLC', 'ABG', 'PJI', 'PJMF', 'PJMF and PJI are, individually and collectively, ""PAPA JOHN\'S""']","ABG-Shaq, LLC (""ABG""); Papa John's Marketing Fund, Inc (""PJMF""); Papa John's International, Inc (""PJI"")(PJMF and PJI individually and collectively, ""PAPA JOHN'S"")","['March 15, 2019']",3/15/19,"['March 15, 2019']",3/15/19,"['Unless earlier terminated in accordance with the provisions hereof, the initial term of this Agreement (""Term"") is the Effective Date through March 15, 2022.']",3/15/22,"[""The Agreement may be extended for one (1) year upon the parties' mutual agreement in writing, it being specifically understood the services to be performed by CELEBRITY (on behalf of ABG) and remuneration to ABG in connection with the same shall be negotiated in good faith.""]",,[],,"['This Agreement shall be governed by and construed in accordance with the laws of the State of Delaware, without regard to its principles of conflicts of law.']",Delaware
PfHospitalityGroupInc_20150923_10-12G_EX-10.1_9266710_EX-10.1_Franchise Agreement3.pdf,['SAMPLE OF NON-DISCLOSURE AND NON-COMPETITION AGREEMENT'],SAMPLE OF NON-DISCLOSURE AND NON-COMPETITION AGREEMENT,"['Member', '___________________________', 'Franchisee']","[] (""Franchisee""); [] (""Member"")","['this  _____ day of _________, 20___']",[]/[]/20[],[],,[],,[],,[],,[],
PfHospitalityGroupInc_20150923_10-12G_EX-10.1_9266710_EX-10.1_Franchise Agreement1.pdf,['FORM OF FRANCHISE AGREEMENT'],FORM OF FRANCHISE AGREEMENT,"['Pizza Fusion Holding, Inc.', '""You"" and ""your"" refers to the Franchisee.', 'the individual or legal entity identified on the cover page', '""we,"" ""us"" and ""our"" refers to Pizza Fusion Holding, Inc., the franchisor', 'Franchisee']","Pizza Fusion Holding, Inc. (""we"", ""us"", ""our""); the individual or legal entity identified on the cover page (""Franchisee"", ""You"", ""your"")",[],,[],,"['This Agreement expires ten (10) years from the Agreement Date (the ""Term""), unless it is terminated sooner as provided in other sections of this Agreement.']",,"['When this Agreement expires, you will have the option to continue the franchise relationship with us for two (2) additional terms of ten (10) years each.']",10 years,[],,"['This Agreement and the relationship between the parties is governed by and will be construed exclusively in accordance with the laws of the State of Florida (without regard to, and without applying, Florida conflict-of-law rules).']",Florida
PlayboyEnterprisesInc_20090220_10-QA_EX-10.2_4091580_EX-10.2_Content License Agreement_ Marketing Agreement_ Sales-Purchase Agreement1.pdf,"['CONTENT LICENSE, MARKETING AND SALES AGREEMENT']","  CONTENT LICENSE, MARKETING AND SALES AGREEMENT","['Playboy.com, Inc.', '""Client,"" which shall include  affiliates controlling, controlled by or under common control with Playboy.com, Inc.', 'EFS', 'eFashion Solutions, LLC']","eFashion Solutions LLC (""EFS""); Playboy.com, Inc. (""Client"", which shall include  affiliates controlling, controlled by or under common control with Playboy.com, Inc.)","['January 15, 2008']",1/15/08,"['January 15, 2008']",1/15/08,"['This Agreement shall commence as of the Effective Date and, unless earlier terminated as provided under  this Agreement, shall terminate five (5) years following the date of launch of the first Website, but in no event later than February  28, 2013 (the ""Initial Term"").']",2/28/13,"['This Agreement shall automatically renew for an additional period of three (3) years (such renewal  and each subsequent renewal shall be defined as a ""Renewal Term"") provided that EFS achieves Net Merchandise Sales of at  least ***** during the fourth year following launch of the first Website.']",3 years,[],,['This Agreement shall be governed by and construed in accordance with the laws  of the Illinois without giving effect to its conflict of laws principles.'],Illinois
PlayboyEnterprisesInc_20090220_10-QA_EX-10.2_4091580_EX-10.2_Content License Agreement_ Marketing Agreement_ Sales-Purchase Agreement2.pdf,['SUPPLIER/SUBCONTRACTOR CONTRACT'],SUPPLIER/SUBCONTRACTOR CONTRACT,"['SUPPLIER', 'PLAYBOY.COM, INC.', 'PURCHASER']","Playboy.com, Inc. (""Purchaser""); Supplier",[],,[],,[],,[],,[],,[],
ScansourceInc_20190822_10-K_EX-10.38_11793958_EX-10.38_Distributor Agreement1.pdf,['NONEXCLUSIVE VALUE ADDED DISTRIBUTOR AGREEMENT'],NONEXCLUSIVE VALUE ADDED DISTRIBUTOR AGREEMENT,"['Cisco', 'ScanSource, Inc.', 'Distributor', 'Cisco Systems, Inc.']","ScanSource, Inc. (""Distributor""); Cisco Systems, Inc. (""Cisco"")","['January 22, 2007']",1/22/07,"['January 22, 2007', 'the date last written below (""the Effective Date"")']",1/22/07,"['This Agreement shall commence on the Effective Date and continue thereafter for a period of two (2) years, unless extended by written agreement of both parties or sooner terminated as set forth below.']",1/22/09,"[""Without prejudice to either party's right to terminate this Agreement as set forth in sub\u200b sections 18.2 to 18.5 below, Cisco may, by written notice to Distributor, given at least thirty (30) days prior to the end of the then-current term of the Agreement, extend the term of the Agreement for the period set forth in such notice, up to a maximum of one (1) year beyond the then- current expiration date.""]",1 year,[],,"['The validity, interpretation, and performance of this Agreement shall be controlled by and construed under the laws of the State of New York, United States of America, as if performed wholly within the state and without giving effect to the principles of conflicts of law, and the state and federal courts of California shall have jurisdiction over any claim arising under this Agreement.']",New York
ScansourceInc_20190822_10-K_EX-10.38_11793958_EX-10.38_Distributor Agreement2.pdf,['Software License Agreement [v.08.05.03]'],Software License Agreement [v.08.05.03],"['Cisco', 'Customer', 'Cisco Systems, Inc. or its subsidiary licensing the Software instead of Cisco Systems, Inc. (""Cisco""),']","Customer; Cisco Systems, Inc. or its subsidiaries licensing the Software instead of Cisco Systems (""Cisco""); Customer",[],,[],,['This Agreement and the license granted herein shall remain effective until terminated.'],perpetual,[],,[],,"['The Warranty and the Software License shall be governed by and construed in accordance with the laws of the State of California, without reference to principles of conflict of laws.']",California
PelicanDeliversInc_20200211_S-1_EX-10.3_11975895_EX-10.3_Development Agreement2.pdf,['SOFTWARE DEVELOPMENT AGREEMENT'],SOFTWARE DEVELOPMENT AGREEMENT,"['Pelican Delivers Inc.', 'DOT COM LLC, OBA Seattle Software Developers', 'Client', '(Developer and Client are individually referred to herein as a Party, and collectively as the Parties', 'Developer']","DOT COM LLC (""Developer""); Pelican Delivers Inc. (""Client"")(""Party"", and collectively as the ""Parties"")","['December 3rd, 2018 (']",12/3/18,"['December 3rd, 2018']",12/3/18,"[""Unless otherwise provided herein, this Agreement will commence on the Effective Date and continue through the completion or termination of Developer's services and work product as mutually agreed upon between the Parties (the Project).""]",perpetual,[],,[],,['This Agreement will be governed by the laws of the State of Washington without regards for its conflict of laws principle.'],
PelicanDeliversInc_20200211_S-1_EX-10.3_11975895_EX-10.3_Development Agreement1.pdf,"['Software Development Agreement', 'STATEMENT OF WORK - APPENDIX A']","STATEMENT OF WORK - APPENDIX A

Software Development Agreement","['Developer', 'Client', 'SEATTLE SOFTWARE DEVELOPERS, Inc.', 'PELICAN DELIVERS INC.']","SEATTLE SOFTWARE DEVELOPERS, Inc. (""Developer""); PELICAN DELIVERS INC. (""Client"")",[],,[],,[],,[],,[],,[],
BellringBrandsInc_20190920_S-1_EX-10.12_11817081_EX-10.12_Manufacturing Agreement1.pdf,['MANUFACTURING AGREEMENT'],MANUFACTURING AGREEMENT,"['Premier', 'PREMIER NUTRITION CORPORATION', '(each a ""Party"", collectively, the ""Parties"").', 'Heritage', 'Stremicks Heritage Foods, LLC']","Stremicks Heritage Foods, LLC (""Heritage""); PREMIER NUTRITION CORPORATION (""Premier"")(""Party:, collectively, the ""Parties"")","['first day of July, 2017 (']",7/1/17,"['first day of July, 2017']",7/1/17,"['The term of this Agreement will commence on the Commencement Date and will continue through December 31, 2022 or until this Agreement is otherwise terminated in accordance with its provisions (""Term"").', 'This Agreement shall commence on the Effective Date and shall terminate automatically without notice on December 31, 2022, unless the Parties agree in writing to extend the term of the Agreement (the initial term and any renewal terms are referred to collectively herein as the ""Term"").']",12/31/22,[],,[],,"['All matters relating to this Agreement, the rights of the Parties hereunder and the construction of the terms hereof shall be governed by the laws of the State of California, without regard to conflicts of laws principles.']",California
BellringBrandsInc_20190920_S-1_EX-10.12_11817081_EX-10.12_Manufacturing Agreement2.pdf,"['MANUFACTURING AGREEMENT', 'AMENDMENT NO. 1']","AMENDMENT NO. 1

MANUFACTURING AGREEMENT","['Premier Nutrition Corporation', 'Heritage', ""Stremick's Heritage Foods, LLC"", 'Premier']","Stremick's Heritage Foods, LLC (""Heritage""); Premier Nutrition Corporation (""Premier"")","['June 11, 2018']",6/11/18,"['June 11, 2018']",6/11/18,[],,[],,[],,[],
BellringBrandsInc_20190920_S-1_EX-10.12_11817081_EX-10.12_Manufacturing Agreement4.pdf,"['AMENDMENT NO. 3', 'MANUFACTURING AGREEMENT']","AMENDMENT NO. 3

 MANUFACTURING AGREEMENT","['Premier Nutrition Corporation', 'Heritage', 'Premier', 'Stremicks Heritage Foods, LLC']","Stremicks Heritage Foods, LLC (""Heritage""); Premier Nutrition Corporation (""Premier"")","['July 3, 2019']",7/3/19,"['July 3, 2019']",7/3/19,[],,[],,[],,[],
BellringBrandsInc_20190920_S-1_EX-10.12_11817081_EX-10.12_Manufacturing Agreement3.pdf,"['MANUFACTURING AGREEMENT', 'AMENDMENT NO. 2']","AMENDMENT NO. 2 

MANUFACTURING AGREEMENT","['Premier', ""Stremick's Heritage Foods, LLC"", 'Premier Nutrition Corporation', 'Heritage and Premier are each referred to herein as a ""Party"" and collectively as the ""Parties"".', 'Heritage']","Stremick's Heritage Foods, LLC (""Heritage""); Premier Nutrition Corporation (""Premier""); Heritage and Premier (individually as a “Party” and collectively as the “Parties”)","['October 1, 2018']",10/1/18,"['October 1, 2018']",10/1/18,"['This Second Amendment shall be effective from The Second Amendment Effective Date and shall expire on December 31, 2021.']",12/31/21,[],,[],,[],
SLINGERBAGINC_05_27_2020-EX-10.7-CONSULTING AGREEMENT.PDF,['CONSULTING AGREEMENT'],CONSULTING AGREEMENT,"['Slinger Bag Inc.', 'Aitan Zacharin', 'the ""Consultant""', 'the ""Company""']","Slinger Bag Inc. (the ""Company""); Aitan Zacharin ( the ""Consultant"")",['30th day of April'],04/30/[],['30th day of April'],04/30/[],"['Unless terminated earlier in accordance with the provisions hereof, this Agreement will commence on the Effective Date and will continue for a period of three (3) years therefrom (the ""Term"").']",4/30/[][],[],,[],,"['This Warrant shall be governed by and construed in accordance with the laws of the State of New York, without giving effect to its principles regarding conflicts of law.', 'This Agreement will be construed and interpreted in accordance with the laws of the State of New York without reference to its conflicts of laws principles or the conflicts of laws principles of any other jurisdiction, and each of the parties hereto expressly attorns to the jurisdiction of the courts of the State of New York.']",New York
"KIROMICBIOPHARMA,INC_05_11_2020-EX-10.23-CONSULTING AGREEMENT.PDF",['CONSULTING AGREEMENT'],CONSULTING AGREEMENT,"['Consultant', 'Company', 'Kiromic, Inc', 'Gianluca Rotino']","Kriomic, Inc (""Company""); Gianluca Rotino (""Consultant"")","['July 20, 2018']",7/20/18,"['This letter agreement will be effective as of July 1, 2018.']",7/1/18,['This Agreement will commence on the Effective Date and will continue until termination as provided below.'],perpetual,[],,[],,"['This Agreement shall be governed by the laws of the State of Texas, without reference to its conflicts of law principles.']",Texas
SPHERE3DCORP_06_24_2020-EX-10.12-CONSULTING AGREEMENT.PDF,['CONSULTING AGREEMENT'],CONSULTING AGREEMENT,"['GROUPE PARAMEUS CORP', 'Sphere 3D Corp.', 'Consultant', 'Company']","GROUPE PARAMEUS CORP (""Consultant""); Sphere 3D Corp. (""Company"")","['June 1st, 2020']",6/1/20,"['June 1st, 2020']",6/1/20,"['This Agreement is for a term (the ""Term"") of 12 months from the Effective Date on June 1s t 2020 and expiring May 31st 2021.']",6/1/21,['Without notification the contract will automatically extend for an additional month of service.'],1 month,['In the case that the company would not like to extend the terms of agreement for an additional month. The company must notify the consultant within 5 days of the conclusion of the 12 month term.'],5 days,"['This Consulting Agreement shall be governed by, and construed pursuant to the laws of the State of New York, applicable to agreements made and performed wholly within such State.']",New York
GLOBALTECHNOLOGIESLTD_06_08_2020-EX-10.16-CONSULTING AGREEMENT.PDF,['CONSULTING AGREEMENT'],CONSULTING AGREEMENT,"['Global Technologies, Ltd', 'Timothy Cabrera', '(individually, a ""Party""; collectively, the ""Parties"").', 'Consultant', 'Company']","Global Technologies, Ltd (""Company""); Timothy Cabrera (""Consultant""); Company and Consultant (individually, a “Party”; collectively, the “Parties”)","['This Consulting Agreement (the ""Agreement"") is made and entered into as of this 2nd day of January 2020,']",1/2/20,['2nd day of January 2020'],1/2/20,"['This Agreement shall be in full force and effect commencing on January 2, 2020 and shall remain in effect for one (1) year or until Consultant completes the services requested']",1/2/21,[],,[],,"['This Agreement and the legal relations among the Parties hereto shall be governed by and construed in accordance with the laws of the State of Florida, without regard to its conflict of law doctrine.']",Florida
EMERALDHEALTHTHERAPEUTICSINC_06_10_2020-EX-4.5-CONSULTING AGREEMENT - DR. GAETANO MORELLO N.D. INC..PDF,['CONSULTING AGREEMENT'],CONSULTING AGREEMENT,"['DR. GAETANO MORELLO N.D. INC.', 'Emerald', 'EMERALD HEALTH NATURALS, INC.', 'Contractor', 'Company']","EMERALD HEALTH NATURALS, INC (“Emerald”, “Company”); DR. GAETANO MORELLO N.D. INC (""Contractor"")",['10 day of January 2019'],1/10/19,['10 day of January 2019'],1/10/19,"['The term of this Agreement shall commence on January 10th, 2019 and shall expire on the day that is twenty-four (24) months from that date (the ""Term of Engagement"") unless terminated earlier in accordance with this Agreement.']",,[],,[],,"['This Agreement will be governed by and construed inaccordance with the laws of British Columbia and the federal laws of Canada applicable in British Columbia, and the parties irrevocably submit to and accept generally and unconditionally the exclusive jurisdiction of the courts and appellate courts of British Columbia in that regard.']","British Columbia, Canada"
"MEDALISTDIVERSIFIEDREIT,INC_05_18_2020-EX-10.1-CONSULTING AGREEMENT.PDF",['CONSULTING AGREEMENT'],CONSULTING AGREEMENT,"['Medalist Diversified REIT, Inc.', 'Gunston Consulting, LLC', 'REIT', 'collectively the ""Parties.""', 'CONSULTANT', 'Company']","Gunston Consulting, LLC (""CONSULTANT""); Medalist Diversified REIT, Inc. (""REIT"", ""Company""); CONSULTANT and Company (collectively the ""Parties"")",['1st day of March 2020'],3/1/20,['1st day of March 2020'],3/1/20,['Term: twelve (12) months from the date of the Agreement which term shall automatically renew for an additional twelve (12) months on such date if the Agreement is not otherwise terminated according to Section 8 of the Agreement.'],3/1/21,['Term: twelve (12) months from the date of the Agreement which term shall automatically renew for an additional twelve (12) months on such date if the Agreement is not otherwise terminated according to Section 8 of the Agreement.'],12 months,[],,"['This Agreement shall be interpreted, construed, governed, and enforced according to the laws of the Commonwealth of Virginia, without giving effect to its conflict of laws principles.']",Virginia
"DRIVENDELIVERIES,INC_05_22_2020-EX-10.4-CONSULTING AGREEMENT.PDF",['Consulting Agreement'],Consulting Agreement,"['TruckThat LLC', 'Company and Consultant shall sometimes be referred to herein singularly as a ""Party"" or collectively as the ""Parties"" to this Agreement.', 'Consultant', 'Driven Deliveries, Inc.', 'Company']","Driven Deliveries, Inc (""Company""); TruckThat LLC (""Consultant""); Company and Consultant (singularly as a “Party” or collectively as the “Parties”)","['May 1, 2019']",5/1/19,"['May 1, 2019']",5/1/19,"['The initial term of this Agreement shall be the sooner of six (6) months from the Effective Date, or replacement of this Agreement with a subsequent agreement between the Parties.']",,[],,[],,"['This Agreement shall be governed by the laws of the State of California, without regard to the conflicts of law provisions of any jurisdiction.']",California
"ADUROBIOTECH,INC_06_02_2020-EX-10.7-CONSULTING AGREEMENT.PDF",['CONSULTING AGREEMENT'],CONSULTING AGREEMENT,"['IREYA B.V', 'Consultant', 'Aduro Biotech, Inc.', 'Aduro']","Aduro Biotech, Inc (""Aduro""); IREYA B.V (""Consultant"")","['June 1, 2020']",6/1/20,"['July 1, 2020']",7/1/20,"['This Agreement shall begin on the Effective Date and shall continue until December 31, 2020, unless extended or earlier terminated.']",12/31/20,[],,[],,"['This Agreement shall be construed and enforced in accordance with the laws of the State of California, without regard to the conflict of law principles of California or any other jurisdiction.']",California
PANDIONTHERAPEUTICSHOLDCOLLC_05_22_2020-EX-10.17-CONSULTING AGREEMENT.PDF,['CONSULTING AGREEMENT'],CONSULTING AGREEMENT,"['Alan Crane', 'Immunotolerance, Inc.', 'Company', 'Consultant']","Immunotolerance, Inc. (""Company""); Alan Crane (""Consultant"")","['27t h day of March, 2017']",3/27/17,[],,"['This Agreement shall commence on the Effective Date and shall continue until the four-year anniversary of the Effective Date (such period, as it may be extended, either by the mutual written agreement of the parties or automatically, or earlier terminated being referred to as the ""Consultation Period""), unless sooner terminated in accordance with the provisions of Section 4, and shall automatically renew for successive one-year periods, unless the Company provides 90 days\' notice of termination before any such successive period.']",3/27/21,"['This Agreement shall commence on the Effective Date and shall continue until the four-year anniversary of the Effective Date (such period, as it may be extended, either by the mutual written agreement of the parties or automatically, or earlier terminated being referred to as the ""Consultation Period""), unless sooner terminated in accordance with the provisions of Section 4, and shall automatically renew for successive one-year periods, unless the Company provides 90 days\' notice of termination before any such successive period.']",successive 1 year,"['This Agreement shall commence on the Effective Date and shall continue until the four-year anniversary of the Effective Date (such period, as it may be extended, either by the mutual written agreement of the parties or automatically, or earlier terminated being referred to as the ""Consultation Period""), unless sooner terminated in accordance with the provisions of Section 4, and shall automatically renew for successive one-year periods, unless the Company provides 90 days\' notice of termination before any such successive period.']",90 days,['This Agreement shall be governed by and construed in accordance with the laws of the Commonwealth of Massachusetts without giving effect to any choice or conflict of law provision or rule that would cause the application of laws of any other jurisdiction.'],Massachusetts
"CORALGOLDRESOURCES,LTD_05_28_2020-EX-4.1-CONSULTING AGREEMENT.PDF",['CONSULTING AGREEMENT'],CONSULTING AGREEMENT,"['INTERMARK CAPITAL CORP.', 'CORAL GOLD RESOURCES LTD.', 'Company', 'Consultant']","CORAL GOLD RESOURCED LTD. (""Company""); INTERMARK CAPITAL CORP. (""Consultant"")","['1st day of February, 2020']",2/1/20,"['the Effective Date of this Agreement shall be February 1, 2020, despite the actual date of execution of this Agreement.']",2/1/20,"['The term of this Agreement is for a period of five (5) years (the ""Term"") commencing on the Effective Date and, unless terminated earlier in accordance with the termination provisions of this Agreement, ending on January 31, 2025.']",31/01/2025,[],,[],,"['Unless otherwise agreed to in writing by the parties, the Agreement shall be governed by and construed in accordance with the laws of the Province of British Columbia and the federal laws of Canada applicable therein, and the parties hereto submit and attorn to the jurisdiction of the courts of the Province of British Columbia.']","British Columbia, Canada"
MRSFIELDSORIGINALCOOKIESINC_01_29_1998-EX-10-FRANCHISE AGREEMENT.PDF,['FRANCHISE AGREEMENT'],FRANCHISE AGREEMENT,"['Pretzel Time', 'Pretzel Time, Inc.', 'doing business  as  Pretzel  Time', 'FRANCHISOR', 'Franchisee']","Pretzel Time, Inc. doing business as Pretzel Time (""Pretzel Time""; ""FRANCHISOR""); Franchisee (""Franchisee"")","['this day of , 19']",[]/[]/19[],"['this day of , 19']",[]/[]/19[],['The term of this Agreement shall commence on the Effective Date of this Agreement  and shall expire  twenty (20) years from the  effective  date of this Agreement.'],,"['Upon the expiration of the initial term of this  Agreement,  Franchisee shall  have the one time  right to obtain a  successor  franchise  to  operate a Pretzel  Time Unit at the Site (a  ""Successor  Franchise"")  for a single term of five (5) years  immediately  following the expiration of the initial term of the Franchise upon giving Pretzel Time six (6) months notice prior to the expiration of the then current term']",5 years,['Pretzel Time shall notify Franchisee  of the  nonrenewal  not  less  than  six  (6)  months  prior  to the expiration  of the term of this  Agreement.'],6 months,"['Except to the extent governed by the U.S. Trademark Act of 1946 (Lanham Act, 15 U.S.C.  ""1051 et seq.),  this Agreement,  the other agreements  referred herein,  and the offer and the sale of the  franchise  shall be  governed in all respects  and  aspects  by the  laws of the  Commonwealth  of  Pennsylvania  and expressly  excluding  the laws  pertaining  to the choice of law and conflict of laws.']",Pennsylvania
"ADUROBIOTECH,INC_06_02_2020-EX-10.7-CONSULTING AGREEMENT(1).PDF",['CONSULTING AGREEMENT'],CONSULTING AGREEMENT,"['IREYA B.V', 'Consultant', 'Aduro Biotech, Inc.', 'Aduro']","Aduro Biotech, Inc. (""Aduro""); IREYA B.V (""Consultant"")","['June 1, 2020']",6/1/20,"['July 1, 2020']",7/1/20,"['This Agreement shall begin on the Effective Date and shall continue until December 31, 2020, unless extended or earlier terminated.']",12/31/20,[],,[],,"['This Agreement shall be construed and enforced in accordance with the laws of the State of California, without regard to the conflict of law principles of California or any other jurisdiction.']",California
CENTRACKINTERNATIONALINC_10_29_1999-EX-10.3-WEB SITE HOSTING AGREEMENT.PDF,['WEB SITE HOSTING AGREEMENT'],WEB SITE HOSTING AGREEMENT,"['the Customer', 'Centrack International', 'I-ON INTERACTIVE, INC.', 'i-on interactive', 'CENTRACK INTERNATIONAL, INC.', 'i-on']","Centrack International Inc. (""Customer""); i-on interactive Inc. (""i-on"")","['6th day of April, 1999']",4/6/99,"['The term of this Agreement for the Hosted Site shall commence upon April 1, 1999 and shall continue for a period of six (6) months, unless earlier terminated in accordance with provisions hereof.']",4/1/99,"['The term of this Agreement for the Hosted Site shall commence upon April 1, 1999 and shall continue for a period of six (6) months, unless earlier terminated in accordance with provisions hereof.']",10/1/99,"['This Agreement shall automatically be renewed for one (1) or more one (1) month periods unless either the Customer or i-on gives notice to the other party of its intention not to renew the<omitted>Agreement, which notice must be given not less than fifteen (15) days before the end of the respective initial or renewal term.']",successive 1 month,"['This Agreement shall automatically be renewed for one (1) or more one (1) month periods unless either the Customer or i-on gives notice to the other party of its intention not to renew the<omitted>Agreement, which notice must be given not less than fifteen (15) days before the end of the respective initial or renewal term.']",15 days,"['This Agreement was entered into in the State of Florida, and its validity, construction, interpretation, and legal effect shall be governed by the laws and judicial decisions of the State of Florida applicable to contracts entered into and performed entirely within the State of Florida.']",Florida
WEBHELPCOMINC_03_22_2000-EX-10.8-HOSTING AGREEMENT.PDF,['HOSTING AGREEMENT'],HOSTING AGREEMENT,"['eGain', 'eGain Communications Corporation', 'Customer', 'Eliance Corporation']","eGain Communications Corporation (""eGain""); Eliance Corporation (""Customer"")",[],,[],,"['This Agreement shall continue in effect from the Effective Date for a one (1) year period, unless earlier terminated as set forth below, and thereafter shall renew automatically for successive one (1) year periods unless either party gives the other party at least thirty (30) days prior written notice of its intent not to renew the Agreement.']",,"['This Agreement shall continue in effect from the Effective Date for a one (1) year period, unless earlier terminated as set forth below, and thereafter shall renew automatically for successive one (1) year periods unless either party gives the other party at least thirty (30) days prior written notice of its intent not to renew the Agreement.']",successine 1 year,"['This Agreement shall continue in effect from the Effective Date for a one (1) year period, unless earlier terminated as set forth below, and thereafter shall renew automatically for successive one (1) year periods unless either party gives the other party at least thirty (30) days prior written notice of its intent not to renew the Agreement.']",30 days,['This Agreement shall be governed by and construed in accordance with the laws of the State of California exclusive of its conflict of laws principles.'],California
BANGIINC_05_25_2005-EX-10-Premium Managed Hosting Agreement.PDF,['Premium Managed Hosting Agreement'],Premium Managed Hosting Agreement,"['deep systems', 'AstroNutrition.com']",AstroNutrition.com; deep systems,['03/01/05'],3/1/05,"['The effective term is 12 months beginning March 1, 2005 and ending February 28, 2006.']",3/1/05,"['The effective term is 12 months beginning March 1, 2005 and ending February 28, 2006.']",2/28/06,[],,[],,[],
DYNTEKINC_07_30_1999-EX-10-ONLINE HOSTING AGREEMENT.PDF,['Online Hosting Agreement'],Online Hosting Agreement,"['Tadeo E-Commerce Corp.', 'Diplomat Direct Marketing Corporation', 'Diplomat', 'Tadeo']","Diplomat Direct Marketing Corporation (""Diplomat""); Tadeo E-Commerce Corp. (""Tadeo"")","['1st day of June, 1999']",6/1/99,"['1st day of June, 1999']",6/1/99,"['The term of this Agreement shall begin on the date hereof (the ""Effective Date"") and shall continue for a period of 12 months thereafter (the ""Period"") in full force and effect until it is terminated in accordance with this Section 3.']",6/1/00,"['Diplomat or Tadeo, if such party is not in default of the terms of this Agreement, may extend the term of this Agreement for an additional one year (""Additional Period""), provided the extending party gives the other party at least sixty (60) days advance written notice before the end of the Period.']",1 year,[],,"['This Agreement shall be governed by and construed in accordance with the internal laws of the State of New York applicable to agreements made and to be performed entirely within such State, without regard to the conflicts of law principles of such State.']",New York
REGANHOLDINGCORP_03_31_2008-EX-10-LICENSE AND HOSTING AGREEMENT.PDF,['LICENSE AND HOSTING AGREEMENT'],LICENSE AND HOSTING AGREEMENT,"['TAG', 'LMG', 'Legacy Marketing Group, Inc.', 'Transaction Applications Group, Inc.']","Transaction Applications Group, Inc. (""TAG""); Legacy Marketing Group, Inc. (""LMG"")","['17t h day of October, 2007']",10/17/07,"['17t h day of October, 2007']",10/17/07,"['This Agreement shall become effective as of the Effective Date and, unless terminated under this Article, shall continue in effect until the Conversion Date (the ""Term""); provided that, with respect to any LMG Tools identified in Exhibit A as having a license term beyond the Conversion Date, TAG\'s License to, and LMG\'s obligation to provide LMG Services for, such LMG Tools shall survive for the period specified in Exhibit A.']",,[],,[],,"['RATHER THESE RIGHTS AND OBLIGATIONS SHALL BE GOVERNED BY THE LAWS, OTHER THAN CHOICE OF LAW RULES, OF THE STATE OF GEORGIA.']",Georgia
BUFFALOWILDWINGSINC_06_05_1998-EX-10.3-FRANCHISE AGREEMENT.PDF,['Franchise Agreement'],Franchise Agreement,"['you', 'bw-3 FRANCHISE SYSTEMS, INC.', 'FRANCHISEE', '""we"" or ""us""', 'FRANCHISOR']","BW-3 FRANCHISE SYSTEMS, INC. (""Franchisor"", ""we"" or ""us""); Franchisee (""you"")","['_____ day of ________, 19____']",[]/[]/19[],[],,"['The term of this Agreement is for ten (10) years commencing on the date of this Agreement, unless terminated as provided by this Agreement.']",,"['Within ninety (90) days of our receipt of your notice to renew, we will furnish you with written notice of:  (i) reasons which could cause us not to grant a renewal to you including but not limited to any deficiencies which require correction and a schedule for correction by you; and (ii) our then-current requirements relating to the image, appearance, decoration, furnishing, equipping and stocking of Buffalo Wild Wings businesses, and a schedule for effecting upgrading or modifications in order to bring the Franchised Restaurant in compliance, as a condition of renewal.  Renewal of the franchise shall be conditioned upon your compliance with such requirements and continued compliance with all the terms and conditions of this Agreement up to the date of termination of the initial term.', 'You have the right to renew the franchise for two (2) successive terms equal to five (5) years each, providing you meet all of the following conditions:\n\n            1.    You have, during the entire term, complied with all the provisions of the Agreement;\n\n            2.    The premises of the Franchised Restaurant meet our then-current standards for Buffalo Wild Wings restaurants and you are able to maintain possession of the Franchised Restaurant.  Before the expiration date of this Agreement you must bring the Franchised Restaurant into full compliance with the specifications and standards then applicable for new or renewing Buffalo Wild Wings businesses and present us with evidence satisfactory that you have the right to remain in possession of the Franchised Restaurant premises for the duration of the renewal term.  In the event you are unable to maintain possession of the premises of the Franchised Restaurant or if the premises do not meet our then-current standards, you may secure substitute premises approved by us and provided that you have furnished, stocked and equipped such premises to bring the Franchised Restaurant at its substituted premises into full compliance with the then-current specifications and standards before the expiration date of this Agreement;\n\n            3.    You have given us written notice of your desire to renew at least six (6) months but not more than twelve (12) months prior to the end of the term;\n\n            4.    You have satisfied all of your monetary obligations to us and our affiliates and have timely met these obligations throughout the term of this Agreement;\n\n            5.    You have executed for the renewal term our then-current form of Franchise Agreement (with appropriate modifications to reflect the fact that the agreement relates to the grant of a renewal franchise), which shall supersede in all respects this Agreement, and the terms of which may differ from the terms of this Agreement, including, without limitation, a different percentage Continuing Fee and advertising contribution; provided, however, that the percentage Continuing Fee shall not exceed seven percent (7%) during any renewal period.  You will not be required to pay the then-current initial franchise fee or its equivalent;\n\n            6.    You have complied with our then-current qualification and training requirements; and\n\n            7.    You have executed a general release, in a form prescribed by us, of all claims against us and our affiliates, and respective officers, directors, agents, shareholders and employees.']",2 successive 5 years,['We shall give you written notice of our election not to renew the franchise at least three (3) months prior to the expiration of the initial or first renewal term of this Agreement.'],3 months,"['THIS AGREEMENT TAKES EFFECT UPON ITS ACCEPTANCE AND EXECUTION BY US, AND SHALL BE INTERPRETED AND CONSTRUED UNDER THE LAWS OF THE STATE IN WHICH THE FRANCHISED RESTAURANT IS LOCATED, EXCEPT TO THE EXTENT GOVERNED BY THE UNITED STATES TRADEMARK ACT OF 1946 (LANHAM ACT, 15, U.S.C. SECTIONS 1051 ET SEQ).']",THE STATE IN WHICH THE FRANCHISED RESTAURANT IS LOCATED; THE UNITED STATES TRADEMARK ACT OF 1946
BONTONSTORESINC_04_20_2018-EX-99.3-AGENCY AGREEMENT.PDF,['AGENCY AGREEMENT'],AGENCY AGREEMENT,"['The Bon-Ton Stores, Inc.', 'Notes Trustee', 'GA', 'collectively with GA, the ""Agent""', 'collectively, ""Merchant""', 'Tiger Capital Group, LLC', 'GA Retail, Inc.', 'Wilmington Savings Fund Society, FSB', 'its associated chapter 11 debtors in possession', 'collectively with Agent, ""Purchaser""', 'Purchaser and Merchant are collectively the ""Parties.""', 'Tiger']","The Bon-Ton Stores, Inc. and its associated chapter 11 debtors inpossession (collectively, “Merchant”); GA Retail, Inc. (“GA”); Tiger Capital Group, LLC (“Tiger” and collectively with GA, the “Agent”); Wilmington Savings Fund Society, FSB (the “Notes Trustee” and collectively with Agent, “Purchaser”); Purchaser and Merchant (collectively the “Parties”)","['April 18, 2018,']",4/18/18,[],,[],,[],,[],,"['This Agreement shall be governed by and interpreted in accordance with the laws of the State of Delaware without reference to any conflict of laws provisions thereof, except where governed by the Bankruptcy Code.']",Delaware
"ATHENSBANCSHARESCORP_11_02_2009-EX-1.2-AGENCY AGREEMENT , 2009.PDF",['AGENCY AGREEMENT'],AGENCY AGREEMENT,"['Keefe, Bruyette & Woods, Inc.', 'the ""Agent""', 'the ""Bank""', 'Athens Federal Community Bank', 'the ""Company""', 'Athens Bancshares Corporation']","Athens Bancshares Corporation (the ""Company""); Athens Federal Community Bank (the ""Bank""); Keefe, bruyette & Woods, Inc. (the ""Agent"")","[', 2009']",[]/[]/2009,[],,"['The obligations of the Agent pursuant to this Agreement shall terminate upon termination of the Offering, but in no event later than 45 days after  the completion of the Subscription Offering (the ""End Date"").']",,[],,[],,['This Agreement shall be construed in accordance with the laws of the State of New York without regard to principles of  conflicts of law.'],New York
"XACCT Technologies, Inc.SUPPORT AND MAINTENANCE AGREEMENT.PDF",['Support and Maintenance Agreement'],Support and Maintenance Agreement,"['_______________________________', 'XACCT', 'Licensee', 'XACCT Technologies, Inc.']","XACCT Technologies, Inc. (""XACCT""); [] (""Licensee"")",['the ____ day of _______________2000'],[]/[]/2000,['the ____ day of _______________2000'],[]/[]/2000,['The initial term of this Agreement is one (1) year from the date of          delivery of the Product to Licensee unless earlier terminated in          accordance with this Agreement.'],[]/[]/2001,['The Agreement will be automatically          renewed for additional one (1) year terms (subject to applicable fee          adjustments) unless thirty (30) days prior to the anniversary of the          Effective Date Licensee gives written notice to XACCT of its intention          not to renew.'],successive 1 year,['The Agreement will be automatically          renewed for additional one (1) year terms (subject to applicable fee          adjustments) unless thirty (30) days prior to the anniversary of the          Effective Date Licensee gives written notice to XACCT of its intention          not to renew.'],30 days,"['The laws of the State of California          shall govern all issues arising under or relating to this Agreement,          without giving effect to the conflict of laws principles thereof.']",California
WELLSFARGOMORTGAGEBACKEDSECURITIES2006-6TRUST_05_11_2006-EX-10.3-Yield Maintenance Agreement.PDF,['Yield Maintenance Agreement'],Yield Maintenance Agreement,"['Wells Fargo Bank', 'on behalf of Wells Fargo Mortgage Backed Securities 2006-6 Trust', 'Counterparty', 'UBS AG', 'Wells Fargo Mortgage Backed Securities 2006-6 Trust']","Wells Fargo Bank on behalf of Wells Fargo Mortgage Backed Securities 2006-6 Trust (""Counterparty""); UBS AG (""UBS AG"")",['27 April 2006'],4/27/06,['01 April 2006'],4/1/06,['1 April 2009'],4/1/09,[],,[],,['The parties to this Agreement hereby agree that the law         of the State of New York shall govern their rights and duties in whole         without regard to the conflict of law provisions thereof (other than New         York General Obligations Law Sections 5-1401 and 5-1402).'],New York
NETZEEINC_11_14_2002-EX-10.3-MAINTENANCE AGREEMENT.PDF,['MAINTENANCE AGREEMENT'],MAINTENANCE AGREEMENT,"['Bankers Bank', 'Netzee', 'THE BANKERS BANK', 'NETZEE, INC.']","Netzee, inc. (""Netzee""); The Bankers Bank (""Bankers Bank"")",[],,"['COMMENCEMENT DATE FOR MAINTENANCE UNDER THIS ADDENDUM:  MARCH 1, 2001']",3/1/01,['The maintenance is for a period of one (1) year commencing upon expiration of the initial one (1) year term of the License/Services Schedule.'],3/1/02,"['Following the completion of such maintenance term, Bankers Bank may, at its option, renew maintenance for subsequent periods of one (1) year each, subject to adjustments proposed by Netzee not to exceed 5% at least sixty (60) days in advance of the applicable renewal date.']",successive 1 year,[],,[],
IMAGEWARESYSTEMSINC_12_20_1999-EX-10.22-MAINTENANCE AGREEMENT.PDF,['MAINTENANCE AGREEMENT'],MAINTENANCE AGREEMENT,"['SAGEM S.A.', 'XIMAGE corporation', 'MORPHO', 'XIMAGE']","SAGEM S.A. (""MORPHO""); XIMAGE corporation (""XIMAGE"")","['31 January, 1994']",1/31/94,"['December 10, 1993']",12/10/93,"['XIMAGE\'s obligations hereunder shall become effective upon the      ""Effective Date"" and, unless sooner terminated as provided herein, shall      remain in full force and effect for at least one year thereafter.']",12/10/94,"[""This      Agreement shall automatically renew for consecutive one (1) year terms      at XIMAGE's then prevailing rates at the end of each one (1) year term      unless either party gives at least sixty (60) days prior written notice      of the non-renewal of this Agreement.""]",successive 1 year,"[""This      Agreement shall automatically renew for consecutive one (1) year terms      at XIMAGE's then prevailing rates at the end of each one (1) year term      unless either party gives at least sixty (60) days prior written notice      of the non-renewal of this Agreement.""]",60 days,[],
ABILITYINC_06_15_2020-EX-4.25-SERVICES AGREEMENT.PDF,['Services Agreement'],Services Agreement,"['""Provider""', 'TELCOSTAR PTE, LTD.', 'Each of the foregoing parties is referred to herein as a ""Party"" and together as the ""Parties"".', 'Recipient""', 'each and both of them ""Recipient""', 'Ability Computer & Software Industries Ltd']","[ * * * ] (""Provider""); TELCOSTAR PTE, LTD.; Ability Computer & Software Industries Ltd; TELCOSTAR PTE, LTD. and Ability Computer & Software Industries Ltd (each and both of them ""Recipient""); Each of the foregoing parties is referred to herein as a “Party” and together as the “Parties”.","['October 1, 2019']",10/1/19,"['November 1, 2019']",11/1/19,"['This Agreement be deemed effective as of the Effective Date, Agreement and shall terminate on December 31, 2020, unless terminated earlier in accordance with Section 3.2.']",12/31/20,[],,[],,"['This Agreement and any claim, controversy or dispute arising out of or related to this Agreement, any of the transactions contemplated hereby and/or the interpretation and enforcement of the rights and duties of the Parties, whether arising in contract, tort, equity or otherwise, shall be governed by and construed in accordance with the domestic laws of the State of Israel (including in respect of the statute of limitations or other limitations period applicable to any such claim, controversy or dispute), without giving effect to any choice or conflict of law provision or rule (whether of the State of Israel or any other jurisdiction) that would cause the application of the laws of any jurisdiction other than the State of Israel.']",Israel
AULAMERICANUNITTRUST_04_24_2020-EX-99.8.77-SERVICING AGREEMENT.PDF,['SERVICING AGREEMENT'],SERVICING AGREEMENT,"['you', 'Nationwide', 'Nationwide Fund Management LLC', '""Servicing Agent,"" ""', 'your', 'American United Life Insurance Company', 'OneAmerica Securities, Inc.']","Nationwide Fund Management LLC (""Nationwide""); American United Life Insurance Company and OneAmerica Securities, Inc. (collectively referred to as ""Servicing Agent"", ""you"", or ""your"")","['this day of , 20']",[]/[]/20[],['This Agreement will become effective on the date a fully executed copy of this Agreement is received by Nationwide'],[]/[]/20[],[],,[],,[],,['This Agreement will be construed in accordance with the laws of the State of Delaware and is assignable only upon the written consent by all the parties hereto'],Delaware
CUROGROUPHOLDINGSCORP_05_04_2020-EX-10.3-SERVICING AGREEMENT.PDF,['SERVICING AGREEMENT'],SERVICING AGREEMENT,"['CURO MANAGEMENT, LLC', 'Servicer', 'CURO RECEIVABLES FINANCE II, LLC', 'Owner']","CURO RECEIVABLES FINANCE II, LLC (""Owner""); CURO MANAGEMENT, LLC (""Servicer"")","['April 8, 2020,']",4/8/20,[],,"['This Agreement shall continue in force until the earlier to occur of (i) the Owner no longer owns any Receivables or Participation Interests, and (ii) subject to Section 7(d), the delivery of written notice of termination by the Owner to the Servicer pursuant to Section 7(c), in each case upon which event this Agreement shall automatically terminate unless otherwise agreed in writing between the Servicer and the Owner.']",perpetual,[],,[],,"['THIS AGREEMENT SHALL BE GOVERNED BY AND CONSTRUED IN ACCORDANCE WITH THE LAWS OF THE STATE OF NEW YORK, WITHOUT REFERENCE TO ITS CONFLICT OF LAW PROVISIONS (OTHER THAN SECTION 5-1401 OF THE GENERAL OBLIGATIONS LAW), AND THE OBLIGATIONS, RIGHTS AND REMEDIES OF THE PARTIES HEREUNDER SHALL BE DETERMINED IN ACCORDANCE WITH SUCH LAWS.']",New York
BLACKSTONEGSOLONG-SHORTCREDITINCOMEFUND_05_11_2020-EX-99.(K)(1)-SERVICE AGREEMENT.PDF,['SERVICE AGREEMENT FOR TRANSFER AGENT SERVICES'],SERVICE AGREEMENT FOR TRANSFER AGENT SERVICES,"['Blackstone / GSO Long-Short Credit Income Fund', 'Mellon Investor Services LLC', 'Agent', 'BNY Mellon Shareowner Services', 'Client', 'Mellon Investor Services LLC (operating with the service name BNY Mellon Shareowner Services)']","Blackstone / GSO Long-Short Credit Income Fund (""Client""); Mellon Investor Services LLC operating with the service name BNY Mellon Shareowner Services (""Agent"")","['January 26, 2011']",1/26/11,"['Agent\'s appointment hereunder shall commence on the next business day after the later of (i) the date hereof, or (ii) the date Agent has confirmed that Client\'s records have been converted to Agent\'s system (the ""Effective Date""), and shall continue for three years thereafter (the ""Initial Term"")']",,"['Agent\'s appointment hereunder shall commence on the next business day after the later of (i) the date hereof, or (ii) the date Agent has confirmed that Client\'s records have been converted to Agent\'s system (the ""Effective Date""), and shall continue for three years thereafter (the ""Initial Term"").']",1/26/14,"['Unless either party gives written notice of termination of this Agreement at least 60 days prior to the end of the Initial Term, or any successive three-year term, this Agreement shall automatically renew for successive additional three-year terms; provided, however, that this Agreement shall automatically terminate upon the dissolution of the client.']",successive 3 years,"['Unless either party gives written notice of termination of this Agreement at least 60 days prior to the end of the Initial Term, or any successive three-year term, this Agreement shall automatically renew for successive additional three-year terms; provided, however, that this Agreement shall automatically terminate upon the dissolution of the client.']",60 days,"['This Agreement shall be governed by, construed and interpreted in accordance with the laws of the State of New York, without regard to principles of conflicts of law.']",New York
"OAKTREECAPITALGROUP,LLC_03_02_2020-EX-10.8-Services Agreement.PDF",['SERVICES AGREEMENT'],SERVICES AGREEMENT,"['Oaktree US', 'Oaktree Capital Management (International) Limited', 'Oaktree Capital Management, L.P.', 'Sub-Advisor']","Oaktree Capital Management. L.P. (""Oaktree US""); Oaktree Capital Management (International) Limited (""Sub-Advisor"")",['25 September 2018'],9/25/18,['25 September 2018'],9/25/18,"[""In relation to each Fund, this Agreement shall terminate on the earlier of (a) the expiration of the term of such Fund or (b) the date, if any, on which Oaktree US (or any affiliate it has substituted in its stead in accordance with such Fund's Fund Agreement) is removed as general partner of such Fund or (c) the Sub-Advisor ceasing to be authorised and regulated by the FCA.""]",,[],,[],,['This Agreement is governed by the laws of England and Wales.'],"England and Wales, UK"
"PAXMEDICA,INC_07_02_2020-EX-10.12-Master Service Agreement.PDF",['Master Service Agreement'],Master Service Agreement,"['Client', 'Purinix Pharmaceuticals LLC', 'CRO Consulting (Pty) Limited', 'CRO']","CRO Consultiong (Pty) Limited (""CRO""); Purinis Pharmaceuticals LLC (""Client"")","['May 25th, 2018']",5/25/08,['This Agreement shall take effect on the date of signature of the Agreement by both parties and shall terminate when all obligations required of both parties hereunder are performed unless either terminated earlier or extended by the parties pursuant to the terms of this Agreement subject to clause 4.0.<omitted>25/05/2008'],5/25/18,['This Agreement shall take effect on the date of signature of the Agreement by both parties and shall terminate when all obligations required of both parties hereunder are performed unless either terminated earlier or extended by the parties pursuant to the terms of this Agreement subject to clause 4.0.'],,[],,[],,"['This Agreement shall be governed by the laws of the State of Connecticut, U.S.A. without regard to conflict of law principles.']",Connecticut
MERITLIFEINSURANCECO_06_19_2020-EX-10.(XIV)-MASTER SERVICES AGREEMENT.PDF,['MASTER SERVICES AGREEMENT ('],MASTER SERVICES AGREEMENT (,"['Company', 'Contractor', 'RadialSpark, LLC', 'Clear Capital']","Clear Capital (""Company""); Radial Spark, LLC (""Contractor"")",['9/24/2018'],9/24/18,['9/24/2018'],9/24/18,"['At any time that there is no uncompleted Statement of Work outstanding, either party may terminate this Agreement for any or no reason upon fifteen (15) days advance notice to the other.', 'The term of this Agreement shall begin on the date hereof and shall continue until terminated by either party pursuant to Paragraph 6 hereof.']",perpetual,[],,[],,"['This Agreement shall be governed by and construed in accordance with the laws of the Arizona, without regard to the conflict of laws provisions thereof.']",Arizona
PFSFUNDS_06_26_2020-EX-99.H OTH MAT CONT-SERVICES AGREEMENT.PDF,['SERVICES AGREEMENT'],SERVICES AGREEMENT,"['PFS Funds', 'Adviser', 'Potomac Fund Management, Inc.', 'Trust']","PFS Funds (""Trust""); Potomac Fund Management, Inc. (""Adviser"")","['June 24, 2020']",6/24/20,"['June 24, 2020']",6/24/20,['The term of this Services Agreement shall begin on the date of execution and shall continue in effect for a period of two years.'],6/24/22,[],,[],,['This Agreement shall be construed and enforced in accordance with and governed by the laws of the State of Massachusetts.'],Massachusetts
SCOUTCAMINC_05_12_2020-EX-10.22-SERVICES AGREEMENT.PDF,['SERVICES AGREEMENT'],SERVICES AGREEMENT,"['Intellisense Solutions, Inc.', 'Company', 'Maimon', 'Idan Maimon']","Idan Maimon (""Maimon""); Intellisense Solutions Inc. (""Company"")","['April 1, 2019']",4/1/19,"['April 1, 2019', 'Subject to the provisions for termination hereinafter provided, the term of this Agreement shall commence on the date hereof (the ""Effective Date"") and shall continue for a minimum period of 12 months (the ""Minimum Period"") and thereafter upon the mutual agreement of the Company and Maimon (the ""Service Term"").']",4/1/19,"['Subject to the provisions for termination hereinafter provided, the term of this Agreement shall commence on the date hereof (the ""Effective Date"") and shall continue for a minimum period of 12 months (the ""Minimum Period"") and thereafter upon the mutual agreement of the Company and Maimon (the ""Service Term"").']",4/1/20,[],,[],,['This Agreement shall be governed by and construed in accordance with the law of the State of New York without giving effect to the principles of conflicts of law thereof.'],New York
TALCOTTRESOLUTIONLIFEINSURANCECO-SEPARATEACCOUNTTWELVE_04_30_2020-EX-99.8(L)-SERVICE AGREEMENT.PDF,['SERVICE AGREEMENT'],SERVICE AGREEMENT,"['Administrator', 'The Victory Portfolios', 'Hartford Life Insurance Co., Inc.', 'Trust']","The Victory Portfolios (""Trust""); Hartford Life Insurance Co., Inc. (""Administrator"")",['9/28/2004'],9/28/04,[],,"[""This Agreement shall terminate (a) at the option of any party, upon 90 days' advance written notice to the other parties hereto; or (b) in the event of a material breach that has not been cured within ten days following a written notice of breach to the breaching party.""]",perpetual,[],,[],,['This Agreement shall be governed by and construed in accordance with the internal laws of the State of Ohio.'],Ohio
TRANSMONTAIGNEPARTNERSLLC_03_13_2020-EX-10.9-SERVICES AGREEMENT.PDF,['SERVICES AGREEMENT'],SERVICES AGREEMENT,"['Operating Company', 'TransMontaigne Management Company, LLC', 'TLP Management Services, LLC', 'EmployeeCo', 'The above-named entities are sometimes referred to in this Agreement (as defined herein) each as a ""Party"" and collectively as the ""Parties.""']","TransMontaigne Management Company, LLC (""EmployeeCo""); TLP Management Services, LLC (""Operating Company""); (each ""Party,"" collectively ""Parties"")","['August __, 2019']",08/[]/2019,"['August __, 2019']",08/[]/2019,['This Agreement shall remain in effect until terminated by the Parties.'],perpetual,[],,[],,"['This Agreement shall be subject to and governed by the laws of the State of Colorado, excluding any conflicts-of-law rule or principle that might refer the construction or interpretation of this Agreement to the laws of another state.']",Colorado
WPPPLC_04_30_2020-EX-4.28-SERVICE AGREEMENT.PDF,['SERVICE AGREEMENT'],SERVICE AGREEMENT,"['Executive', 'WPP 2005 LIMITED', 'Company', 'JOHN ROGERS']","WPP 2005 LIMITED (""Company""); JOHN ROGERS (""Executive"")",['1 October 2019'],10/1/19,['27 January 2020'],1/27/20,"[""The Appointment may be terminated by either party giving the other at least 12 months' notice in writing.""]",perpetual,[],,[],,"['This Agreement is governed by and construed in accordance with English law, save where provided otherwise herein.']",England
BICYCLETHERAPEUTICSPLC_03_10_2020-EX-10.11-SERVICE AGREEMENT.PDF,['SERVICE AGREEMENT'],SERVICE AGREEMENT,"['\'\'Employee""', 'NIGEL CROCKETT', 'Company', 'BICYCLETX LIMITED']","BICYCLETX LIMITED (""Company""); NIGEL CROCKETT (""Employee"")",['26 September 2019'],9/26/19,['26 September 2019'],9/26/19,['Your employment shall commence on 26  September 2019 and shall continue unless and until either party gives notice to the other in accordance with paragraph 11 below.'],perpetual,[],,[],,"['This Agreement shall be governed by and interpreted in accordance with the laws of England and Wales and the parties to this Agreement submit to the exclusive jurisdiction of the Courts of England and Wales in relation to any claim, dispute or matter arising out of or relating to this Agreement.']",England
NYLIACVARIABLEANNUITYSEPARATEACCOUNTIII_04_10_2020-EX-99.8.KK-SERVICE AGREEMENT.PDF,['SERVICE AGREEMENT'],SERVICE AGREEMENT,"['FIDELITY INVESTMENTS INSTITUTIONAL OPERATIONS COMPANY, INC.', 'FIIOC', 'Company', 'NEW YORK LIFE INSURANCE AND ANNUITY CORPORATION']","Fidelity Investments Institutional Operations Company, Inc. (""FIIOC""); New York Life Insurance and Annuity Corporation (""Company"")","['1st day of January, 1998']",1/1/98,"['1st day of January, 1998']",1/1/98,"[""This Agreement shall terminate immediately and automatically upon the termination of Company's Participation Agreement(s) with the Funds, and in such event no notice need be given hereunder.""]",,[],,[],,['This Agreement shall be construed and the provisions hereof interpreted under and in accordance with the laws of the Commonwealth of Massachusetts.'],Massachusetts
RISEEDUCATIONCAYMANLTD_04_17_2020-EX-4.23-SERVICE AGREEMENT.PDF,['SERVICE AGREEMENT'],SERVICE AGREEMENT,"['[•]', 'Service Recipient', 'Rise (Tianjin) Education Information Consulting Co., Ltd.', 'Service Provider']","Rise (Tianjin) Education Information Consulting Co., Ltd. (""Service Provider""); [*] (""Service Recipient"")",['[Date]'],,['This Agreement shall be effective as of the date set forth above in this Agreement.'],,['The term of this Agreement shall be five (5) years.'],,"['This Agreement shall be renewed automatically for another five (5) years upon the expiration unless the Parties confirm, in writing, the termination of this Agreement.']",5 years,[],,[],Beijing
OPERALTD_04_30_2020-EX-4.14-SERVICE AGREEMENT.PDF,['Service Agreement'],Service Agreement,"['PC Financial Services Private Limited', 'PC Financial and Mobimagic are individually referred to herein each as a ""Party"" and collectively as the ""Parties.""', 'Mobimagic Co., Ltd.', 'PC Financial', 'Mobimagic']","PC Financial Services Private Limited (""PC Financial""); Mobimagic Co., Ltd. (""Mobimagic""); (each as ""Party"" collectively as ""Parties"")",['April. 1st 2019'],4/1/19,['April. 1st 2019'],4/1/19,"['The Agreement shall commence on the Effective Date and continue in effect for the Service Period, unless terminated earlier as provided in this Section.', '""Service Period"" means April. 1st 2019 through to March 30, 2020<omitted>The Agreement shall commence on the Effective Date and continue in effect for the Service Period, unless terminated earlier as provided in this Section.']",3/30/20,"['knowingly use the Services in violation of this Agreement.<omitted>4.7 Data protection. Each Party agrees to comply with all applicable data protection and privacy laws arising from its obligations, if any, under the Agreement and to reasonably co-operate with the other Party in order to allow the other Party to comply with any laws as deemed necessary from time to time. Each Party shall treat all data, information relating to Services, including but not limit to the customer personal data, as confidential. Each party warrants that it shall take appropriate technical and organizational measures against unauthorized or unlaw', 'knowingly use the Services in violation of this Agreement. 3\n\n\n\n\n\n4.7 Data protection. Each Party agrees to comply with all applicable data protection and privacy laws arising from its obligations, if any, under the Agreement and to reasonably co-operate with the other Party in order to allow the other Party to comply with any laws as deemed necessary from time to time. Each Party shall treat all data, information relating to Services, including but not limit to the customer personal data, as confidential. Each party warrants that it shall take appropriate technical and organizational measures against unauthorized or unlaw']",,[],,"['This Agreement (and any question about its subsistence, effect or termination) is to be interpreted in accordance with the laws of India, save for that body of law which governs the conflict of laws.']",India
"SOLUTIONSVENDINGINTERNATIONAL,INC_03_31_2020-EX1A-1 UNDR AGMT-SERVICES AGREEMENT.PDF",['Services Agreement'],Services Agreement,"['Solutions Vending International, Inc', 'Company', '""Customer"" or ""you""', 'StartEngine Crowdfunding, Inc.']","StartEngine Crowdfunding, Inc. (""Company""); Solutions Vending International, Inc (""Customer"", ""you"")",['08/19/2019'],8/19/19,"['This Services Agreement (""Services Agreement"" or ""Agreement"") is entered into as of the date noted below (the ""Effective Date"") between StartEngine Crowdfunding, Inc., a Delaware corporation (""Company""), and Solutions Vending International, Inc a ___ DE corporation (""Customer"" or ""you"").<omitted>08/19/2019']",8/19/19,"['Subject to earlier termination as provided below, this Service Agreement is for the total duration of the Company\'s Offering (the ""Initial Term"") unless either party requests termination at least 30 days prior to the end of the then-current term.']",,[],,[],,[],
"THERAVANCEBIOPHARMA,INC_05_08_2020-EX-10.2-SERVICE AGREEMENT.PDF",['SERVICE AGREEMENT'],SERVICE AGREEMENT,"['Executive', 'Employer', 'Brett Haumann', 'Theravance Biopharma UK Limited']","Theravance Biopharma UK Limited (""Employer""); Brett Haumann (""Executive"")","['1 April, 2020']",4/1/20,['1 April 2020'],4/1/20,"[""The Executive's employment with the Company will commence on the Commencement Date and shall continue, subject to the remaining terms of this Agreement, until terminated by either party giving the other the following minimum advance written notice: 2.1.1 6 weeks' notice;\n\n2.1.2 such other longer period as required by law.""]",perpetual,[],,[],,['This Agreement and any dispute or claim arising out of or in connection with it or its subject matter or formation (including non-contractual disputes or claims) shall be governed by and construed in accordance with the law of England.'],England
DOMINIADVISORTRUST_02_18_2005-EX-99.(H)(2)-SPONSORSHIP AGREEMENT.PDF,['SPONSORSHIP AGREEMENT'],SPONSORSHIP AGREEMENT,"['Domini Social Investments LLC', 'Domini Advisor Trust', '""Domini"" or the ""Sponsor""', 'Trust']","Domini Advisor Trust (""Trust""); Domini Social Investments LLC (""Domini"" or the ""Sponser"")","['February 4, 2005']",2/4/05,"['February 4, 2005<omitted>This Agreement shall become effective as of the day and year first above written and shall govern the relations between the parties hereto thereafter, unless terminated as set forth in this Section 6.']",2/4/05,"['This Agreement shall become effective as of the day and year first above written and shall govern the relations between the parties hereto thereafter, unless terminated as set forth in this Section 6.']",perpetual,[],,[],,['This Agreement shall be construed and enforced and interpreted in accordance with and governed by the laws of the Commonwealth of Massachusetts without reference to principles of conflicts of law.'],Massachusetts
"CANOPETROLEUM,INC_12_13_2007-EX-10.1-Sponsorship Agreement.PDF",['Sponsorship Agreement'],Sponsorship Agreement,"['Sponsor', 'R. C. Boyd Enterprises, LLC', '""Cano', 'Cano Petroleum, Inc.', 'Boyd', 'Company']","R. C. Boyd Enterprises, LLC (""Company"" or ""Boyd""); Cano Petroleum, Inc. (""Sponsor"" or ""Cano"")","['5th day of December, 2007']",12/5/07,"['This Agreement is executed in duplicate on the 5th day of December, 2007, in Fort Worth, Tarrant County, Texas, to be effective January 1, 2008.']",1/1/08,"['The term of this Agreement shall be one (1) year, commencing January 1, 2008 and ending on December 31, 2008.']",12/31/08,[],,[],,"['This Agreement shall be governed by and construed in accordance with the laws of the State of Texas and venue for  any legal action brought in State Court shall lie exclusively in Tarrant County, Texas and venue for any action brought in federal court shall  lie exclusively in the Northern District of Texas, Fort Worth Division.']",Texas
"HALITRON,INC_03_01_2005-EX-10.15-SPONSORSHIP AND DEVELOPMENT AGREEMENT.PDF",['SPONSORSHIP AND DEVELOPMENT AGREEMENT'],SPONSORSHIP AND DEVELOPMENT AGREEMENT,"['TDA', 'RICK SMITH ENTERPRISES', 'Smith', 'TEKNIK DIGITAL ARTS INC.']","TEKNIK DIGITAL ARTS INC. (""TDA""); RICK SMITH ENTERPRISES (""Smith"")","['August 6, 2004']",8/6/04,"['August 6, 2004']",8/6/04,"['The term of this Agreement (the ""Term"") shall commence on the Effective Date and terminate at the end of the Exclusivity Period (i.e., a three (3) year period commencing on the Effective Date).']",8/6/07,[],,[],,"['This Agreement shall be governed by the laws of the State of Arizona applicable to agreements fully executed and performed therein.', 'This Agreement will be deemed entered into in Arizona and will be governed by and interpreted in accordance with the internal substantive laws of the State of Arizona without reference to conflicts of law provisions.']",Arizona
GAINSCOINC_01_21_2010-EX-10.41-SPONSORSHIP AGREEMENT.PDF,['SPONSORSHIP AGREEMENT'],SPONSORSHIP AGREEMENT,"['Sponsor', 'GAINSCO, INC.', 'Stallings Capital Group Consultants, Ltd.', 'Racing']","Stallings Capital Group  Consultants, Ltd. (""Racing""); GAINSCO, INC. (""Sponser"")","['January 1, 2010']",1/1/10,"['January 1, 2010']",1/1/10,"['Subject to the provisions of Section 14 hereof, the term of this Agreement and the sponsorship described herein shall commence on  January 1, 2010 and extend through December 31, 2010.']",12/31/10,[],,[],,"['This Agreement shall be governed and construed in accordance with the internal laws of the State of Texas, without giving effect to  principles of conflict of laws.']",Texas
"IPAYMENT,INC_05_14_2007-EX-10.1-SPONSORSHIP AGREEMENT.PDF",['SPONSORSHIP AGREEMENT'],SPONSORSHIP AGREEMENT,"['Wells Fargo Bank, N.A', 'Bank', 'iPayment, Inc.', 'FDMS', 'First Data Merchant Services Corporation', 'ISO']","iPayment, Inc. (""ISO""); First Data Merchant Services Corporation (""FDMS""); Wells Fargo Bank, N.A. (""Bank"")","['January 29, 2007']",1/29/07,"['January 29, 2007']",1/29/07,"['The initial term of this Agreement shall be four (4) Processing Years commencing on the Effective Date of this Agreement and ending on June 30, 2010 unless']",6/30/10,"['Thereafter, this Agreement shall automatically continue in effect until either party gives the other at least six (6) months prior written notice of termination.']",perpetual,"['Thereafter, this Agreement shall automatically continue in effect until either party gives the other at least six (6) months prior written notice of termination.']",(6) months,"['This Agreement shall be governed by and construed in accordance with the laws of the State of New York, without giving effect to New York conflict laws.']",New York
LOOKSMARTLTD_07_20_2012-EX-99.(D)(I)-SPONSORSHIP AGREEMENT.PDF,['SPONSORSHIP AGREEMENT'],SPONSORSHIP AGREEMENT,"['Purchaser', 'Sponsor', 'Platinum Partners Value Arbitrage Fund L.P.', 'Snowy August Fund I LP', 'PEEK Investments LLC', 'each other party hereto identified on the signature  page(s) hereto']","PEEK Investments LLC (""Purchaser""); Platinum Partners Value Arbitrage Fund L.P (""Sponser""); Snowy August Fund ILP (""Sponser"")","['July 16, 2012']",7/16/12,"['July 16, 2012<omitted>THIS SPONSORSHIP AGREEMENT (""Agreement"") is entered into and effective as of the date first written above (""Effective Date"") by  and among PEEK Investments LLC, a Delaware limited liability company (""Purchaser""), and each other party hereto identified on the signature  page(s) hereto (each, a ""Sponsor"").']",7/16/12,"['This Agreement shall automatically terminate at and as of (the first to occur of): (a) 12:00 midnight, New York City time,  on the 30th day after the Effective Date (if Purchaser has not commenced the Offer, with the unanimous consent of the Sponsors, by then); (b) the  expiration of the Offer (if the Offer is not consummated pursuant to the terms of the Offer), subject to any extension or subsequent offering period;  and (c) the expiration of the Interim Period (if the Offer is consummated pursuant to the terms of the Offer), in any case, unless sooner terminated  by unanimous written consent of the Participating Sponsors; provided, however, that any liability for failure to comply with this Agreement shall  survive any such termination.']",8/15/12,[],,[],,"['This Agreement shall be governed by and construed in accordance with, the laws of the  State of New York applicable to contracts executed in and to be performed in that State. All actions arising out of or relating to this Agreement  shall be heard and determined exclusively in any New York state or federal court sitting in the Borough of Manhattan of The City of New York.']",New York
STAMPSCOMINC_06_24_1999-EX-10.18-SPONSORSHIP AGREEMENT.PDF,['Sponsorship Agreement'],Sponsorship Agreement,"['Client', 'Intuit', 'Stamps.com Inc.', 'Intuit Inc.']","Intuit Inc. (""Intuit""); Stamps.com Inc. (""Client"")","['14th day of May, 1999']",5/14/99,"['14th day of May, 1999']",5/14/99,"['Unless otherwise terminated as specified in this Section 12, the      ----      term of this Agreement shall begin on the Effective Date and will not end      until the later of (a) twelve (12) months from the Launch Date; or (2) the      date Intuit displays a total of 176,717,916 Impressions in accordance with      the terms set forth herein (""Term"").']",,[],,[],,"['This Agreement and the performance of<omitted>the parties under this Agreement shall be governed by and construed in      accordance with the laws of the State of California, U.S.A., except that      body of law concerning conflicts of laws.']",California
VIOLINMEMORYINC_12_12_2012-EX-10.14-SPONSORSHIP AGREEMENT.PDF,['SPONSORSHIP AGREEMENT'],SPONSORSHIP AGREEMENT,"['Sponsor', 'Forty Niners SC', 'Violin Memory, Inc.', 'Forty Niners SC Stadium Company LLC', 'For purposes of this Agreement, Forty Niners SC and Sponsor may each be referred to individually as a ""Party"" and may be collectively referred to as the ""Parties.""']","Forty Niners SC Stadium Company LLC (""Forty Niners SC""); Violin Memory, Inc. (""Sponsor""); Forty Niners SC and Sponsor (individually as a “Party” and collectively as the “Parties."")","['June 13, 2012']",6/13/12,"['June 13, 2012']",6/13/12,"['This Agreement shall commence on the ""Effective Date"" and shall continue for ten (10) Contract Years, unless terminated in accordance with the provisions of Section 6 of this Agreement or extended by renewal by written agreement of the Parties in accordance with the provisions of Section 13(o) of this Agreement (the ""Term"").']",6/13/22,[],,[],,['This Agreement shall be governed by and construed in accordance with the laws of the State of California without regard to its conflict of laws provisions.'],California
XYBERNAUTCORP_07_12_2002-EX-4-SPONSORSHIP AGREEMENT.PDF,['SPONSORSHIP AGREEMENT'],SPONSORSHIP  AGREEMENT,"['XYBERNAUT CORPORATION', 'AJR', 'XC', 'ALEX JOB RACING, INC.']","XYBERNAUT CORPORATION (""XC""); ALEX JOB RACING, INC. (""AJR"");","['May 1, 2002']",5/1/02,[],,"['Subject to earlier termination as provided for herein, the term of this Agreement  shall commence as of the date hereof and shall  terminate at the end of the Season which is scheduled to end on October 12, 2002 (the ""Term"").']",10/12/02,[],,[],,"['This Agreement and all acts and  transactions  hereunder shall in all respects be governed by and construed in  accordance  with the laws of the Commonwealth of Virginia,  without regard to any of its conflicts of laws principles  which would result in the  application  of the  substantive  laws of\n\n\n\n\n\nanother jurisdiction.']",Virginia
"CURAEGISTECHNOLOGIES,INC_05_26_2010-EX-1-CORPORATE SPONSORSHIP AGREEMENT.PDF",['CORPORATE SPONSORSHIP AGREEMENT'],CORPORATE SPONSORSHIP AGREEMENT,"['Torvec', 'Vendor', 'Phoenix Performance, LLC', 'Torvec Inc.']","Phoenix Performance, LLC (""Vendor""); Torevic Inc. (""Torvec"")","['May 18, 2010']",5/18/10,"['May 18, 2010']",5/18/10,"['The term of this Agreement (the ""Term"") shall commence on the Effective Date and conclude on October 31, 2010, unless renewed by  agreement or sooner terminated in accordance with this Agreement.']",10/31/10,[],,[],,['This Agreement is to be governed and construed according to the laws of the State of New York without regard to conflicts of law.'],New York
DRKOOPCOMINC_04_21_1999-EX-10.28-SPONSORSHIP AGREEMENT.PDF,['SPONSORSHIP AGREEMENT'],SPONSORSHIP AGREEMENT,"['Vitamin Shoppe Industries, Inc.', 'Sponsor', 'drkoop.com', 'drkoop.com, inc']","drkoop.com, inc.""drkoop.com""; Vitamin Shoppe Industries, Inc. ""Sponsor""","['11th day of March, 1999']",3/11/99,[],,"['If the Launch Date has not occurred by August 31, 1999, Sponsor shall, in its sole discretion, be entitled to terminate this Agreement without any liability and receive a full refund of all amounts paid by Sponsor to drkoop.com pursuant to this Agreement prior to the date of such termination.', 'The initial term (the ""Initial Term""; and together with all extensions and renewals, the ""Term"") will begin on the date set forth above * * * (the ""Launch Date"") on which: (i) each of the Sponsor Areas of the drkoop.com Website are operational in accordance with the terms of this Agreement (other than the e-commerce tile placements); and (ii) the links to the<omitted>Sponsor Website or Vitamin Buzz contained in the Sponsor logos or the Sponsor banner advertisements are established in accordance with the terms of this Agreement, subject to earlier termination as set forth in this Agreement.']",,[],,[],,"['This Agreement shall be construed and enforced in accordance with the laws of the State of Delaware, but without giving effect to its laws or rules relating to conflicts of laws.']",Delaware
GSVINC_05_15_1998-EX-10-SPONSORSHIP AGREEMENT.PDF,['SPONSORSHIP AGREEMENT'],SPONSORSHIP AGREEMENT,"['Excite', 'Excite, Inc.', 'Client', 'CyberShop']","Excite, Inc.""Excite""; CyberShop ""Client""","['31st day of March, 1998']",3/31/98,"['31st day of March, 1998']",3/31/98,"['In the event that Excite has not delivered XXXXXXXXXXXXXXXX             clickthroughs to the Client Site by the end of twelve (12) months             after the Launch Date, the first year of the term of the Agreement             will be extended without additional sponsorship and advertising fees             for up to an additional four (4) months.', ""The term of this Agreement will begin on the Launch Date and will             not end until Excite displays of a total of XXXXXXXXXXXXX             impressions of Client's advertising banners and promotional             placements on the Excite Site and Excite has made reasonable             commercial efforts to deliver, at minimum, a goal of XXXXXXXX             clickthroughs to the Client Site."", ""Regardless of Excite's actual             delivery of impressions and clickthroughs, the term of this             Agreement will not be shorter than two (2) years after the display             of the first of Client's advertising banners and promotional             placements, subject to the termination rights set forth below.""]",perpetual,[],,[],,"['This Agreement will be governed by and construed in             accordance with the laws of the State of New York, notwithstanding             the actual state or country of residence or incorporation of Excite             or Client.']",New York
IVILLAGEINC_03_17_1999-EX-10.16-SPONSORSHIP AGREEMENT.PDF,['Sponsorship Agreement'],Sponsorship Agreement,"['iVillage, Inc.', 'FMM and iVillage may be referred to generically as a ""Party"", or collectively as ""Parties"".', 'iVillage', 'FMM', 'Ford Motor Media']","J. Walter Thompson (""FMM""); iVillage, Inc. (""iVillage"")(referred to generically as a ""Party"", orcollectively as ""Parties"")","['December 18, 1998']",12/18/98,[],,"['The initial production period shall be for a period of two (2) months to commence on November 4, 1998 (the ""Production Period""), and the remaining term of this Agreement shall be for a period of twenty four (24) months to commence on the tentative launch date of January 4, 1999, unless terminated earlier as provided herein (the ""Promotion Period""), (The Production Period and the Promotion Period shall be collectively referred to as the ""Initial Term"").']",1/4/01,"['The Parties agree that prior to July 1, 2000, iVillage will provide FMM with the opportunity to renew this Agreement (the ""Renewal Term"") on terms set forth in a proposal (the ""Proposal) to be presented to FMM. FMM shall indicate its acceptance or rejection of the Proposal no later than August 31, 2000. If iVillage does not receive FMM\'s acceptance or rejection of the Proposal by August 31, 2000, iVillage may interpret FMM\'s non response as a rejection of the Proposal.']",,[],,"['Agreement shall be governed by, and construed in accordance with the laws of the State of New York without regard to the conflicts of laws principles thereof.']",New York
LOGANSROADHOUSEINC_03_27_1998-EX-10.17-SPONSORSHIP AGREEMENT.PDF,['SPONSORSHIP AGREEMENT'],SPONSORSHIP AGREEMENT,"['(""Logan\'s""', 'SRP', 'Southern Racing Promotions, Inc.', ""Logan's Roadhouse, Inc.,""]","Southern Racing Promotions, Inc. (""SRP""); Logan's Roadhouse, Inc. (""Logan's"")","['24th day of February, 1998,']",2/24/98,[],,"['The term of this Agreement shall commence on the date hereof  and, unless terminated as provided herein, shall continue through November 30, 1998.']",11/30/98,[],,[],,['This Agreement shall be constructed under and  governed by the laws of the State of Tennessee.'],Tennessee
MERCATAINC_03_09_2000-EX-10.21-SPONSORSHIP AGREEMENT.PDF,['SPONSORSHIP AGREEMENT'],SPONSORSHIP AGREEMENT,"['FNW', 'Sponsor', 'FOOTBALL NORTHWEST LLC', 'MERCATA, Inc.']","Football Northwest LLC, (""FNW""); Mercata, Inc., (""Sponsor"")","['July 12, 1999']",7/12/99,"['July 19, 1999']",7/19/99,"['The term of this Agreement shall commence on July 19, 1999 and shall    ----    thereafter continue until all above described Sponsor benefits are completed,    but in no event beyond the end of the 1999 season (the ""Term"").']",,[],,[],,['This Agreement shall be deemed to have been made in the     --------------     state of Washington and shall be construed in accordance with the laws of     the state of Washington.'],Washington
HYDRONTECHNOLOGIESINC_03_31_1997-EX-10.47-SPONSORSHIP AGREEMENT.PDF,['SPONSORSHIP AGREEMENT'],SPONSORSHIP AGREEMENT,"['Hydron', 'MIAMI DOLPHINS, LTD.', 'Dolphins', 'HYDRON TECHNOLOGIES, INC.']","HYDRON TECHNOLOGIES, INC. (""Hydron""); MIAMI DOLPHINS, LTD. (""Dolphins"")","['1st day of January, 1997']",1/1/97,"['1st day of January, 1997']",1/1/97,"['If Hydron does not timely exercise its right to terminate this Agreement, then Hydron agrees that this Agreement shall continue for the entire four (4) year term unless earlier terminated pursuant to Section 8 of this Agreement.']",1/1/01,[],,[],,['This Agreement shall be governed by and construed in accordance with the laws of the State of Florida.'],Florida
N2KINC_10_16_1997-EX-10.16-SPONSORSHIP AGREEMENT.PDF,['SPONSORSHIP AGREEMENT'],SPONSORSHIP AGREEMENT,"['Excite', 'Sponsor', 'Excite, Inc.', 'N2K Inc.']","Excite, Inc. (""Excite""); N2K, Inc. (""Sponsor"")","['23rd day of September, 1997']",9/23/97,"['23rd day of September, 1997']",9/23/97,['The term of this Agreement will begin on the Effective Date and                  will end on the second (2nd) anniversary of the Commencement                  Date.'],9/23/99,[],,[],,['This Agreement will be governed by and                   construed in accordance with the laws of the State of New York'],New York
"XLITECHNOLOGIES,INC_12_11_2015-EX-10.1-Sponsorship Agreement.PDF",['Sponsorship Agreement'],Sponsorship Agreement,"['RMF Empire, Inc. DBA West Coast Customs', 'Bosch International, LLC / XLI Technologies, Inc.', 'WCC', 'XLI']","RMF Empire, In. DBA West Coast Customs (""WCC""); Bosch International, LLC / XLI Technologies, Inc. (""XLI"")","['December 1st, 2015']",12/1/15,"['December 1st, 2015']",12/1/15,"['Unless earlier terminated, this Agreement shall take effect on December 1st, 2015 and shall expire on November 30, 2016.']",11/30/16,[],,[],,[],
VITAMINSHOPPECOMINC_09_13_1999-EX-10.26-SPONSORSHIP AGREEMENT.PDF,['SPONSORSHIP AGREEMENT'],SPONSORSHIP AGREEMENT,"['Excite', 'Excite, Inc.', 'Client', 'Vitamin Shoppe Industries Inc.']","Excite, Inc. (""Excite""); Vitamin Shoppe Industries Inc. (""Client"")",['23rd day of September 1998'],9/23/98,['23rd day of September 1998'],9/23/98,"['Unless terminated earlier in accordance with the                           specific terms of this Agreement, the term of this                           Agreement will begin on the Launch Date and will not                           end until Excite displays a total of [*****]                           impressions of the Client advertising banners and                           promotional placements on the Excite Network as                           described in this Agreement and pushes [*****]                           emails using the email vehicles specified in Exhibit                           B']",,[],,[],,"['This Agreement will be governed by                           and construed in accordance with the laws of the                           State of California, notwithstanding the actual state                           or country of residence or incorporation of Excite or                           Client.']",California
ASPIRITYHOLDINGSLLC_05_07_2012-EX-10.6-OUTSOURCING AGREEMENT.PDF,['OUTSOURCING AGREEMENT'],OUTSOURCING AGREEMENT,"['Twin Cities Power Holdings, LLC', 'Company', 'Contractor', 'Redwater LLC']","Twin Cities Power Holdings, LLC (""Company""); Redwater LLC (""Contractor"")","['this  day of , 2012']",[]/[]/2012,"['this  day of , 2012<omitted>This Agreement shall become effective as of the date first set forth above, and shall  continue in full force and effect until terminated as provided below.']",[]/[]/2012,"[""The services described herein to be provided by Agency shall begin upon execution and delivery of the  Outsourcing Agreement and shall continue until termination of Contractor's activities to administer the Notes thereunder."", 'This Agreement shall become effective as of the date first set forth above, and shall  continue in full force and effect until terminated as provided below.']",perpetual,[],,[],,"['This Agreement shall be governed by and construed in accordance with the laws of the State of  Minnesota, without regard to conflict of law principles.']",Minnesota
BNLFINANCIALCORP_03_30_2007-EX-10.8-OUTSOURCING AGREEMENT.PDF,['Outsourcing Agreement'],Outsourcing Agreement,"['Virtual Item Processing Systems, Inc.', 'BNL', 'VIP', 'Brokers National Life Assurance Company']","Virtual Item Processing Systems, Inc. (""VIP""); Brokers National Life Assurance Company (""BNL"")",['1 st  day of May 2006'],5/1/06,"['The initial term (""Initial Term"") of this Agreement shall be for one year commencing on the 1st day of May, 2006 (""Effective Date"").']",5/1/06,"['The initial term (""Initial Term"") of this Agreement shall be for one year commencing on the 1st day of May, 2006 (""Effective Date"").']",5/1/07,"['Unless either party gives written notice to terminate this Agreement at least six (6) months prior to the end of said Initial Term, this Agreement shall continue on a year to year basis (""Extended Term(s)"") until terminated by either party by giving written notice of termination thereof to the other party at least six (6) months prior to the end of the then current Extended Term.']",successive 1 year,"['Unless either party gives written notice to terminate this Agreement at least six (6) months prior to the end of said Initial Term, this Agreement shall continue on a year to year basis (""Extended Term(s)"") until terminated by either party by giving written notice of termination thereof to the other party at least six (6) months prior to the end of the then current Extended Term.']",6 months,['This Agreement and performance hereunder shall be governed by the laws of the State of Oklahoma without regard to conflict of laws.'],Oklahoma
CCAINDUSTRIESINC_04_14_2014-EX-10.1-OUTSOURCING AGREEMENT.PDF,['Services Outsourcing Agreement'],Services Outsourcing Agreement,"['CCA Industries, Inc.', 'Emerson HealthCare, LLC', 'Company', 'Contractor']","CCA Industries, Inc. (""Company""); Emerson HealthCare, LLC (""Contractor"")","['January 20, 2014']",1/20/14,"['This agreement shall commence on January 20, 2014 (the ""Effective Date"") and shall continue in effect for six (6) months (the ""Initial Term"").']",1/20/14,"['This agreement shall commence on January 20, 2014 (the ""Effective Date"") and shall continue in effect for six (6) months (the ""Initial Term"").']",7/20/14,"[""This agreement shall automatically renew for successive six (6) month periods unless written notice is provided of either party's intent not to renew at least six (6) months before the end of the then-current term.""]",successive 6 months,"[""This agreement shall automatically renew for successive six (6) month periods unless written notice is provided of either party's intent not to renew at least six (6) months before the end of the then-current term.""]",6 months,"['This Agreement shall be deemed to have been entered into in the State of New Jersey, and shall be construed and interpreted in accordance with the laws of that State applicable to agreements made and to be performed in the State of New Jersey.']",New Jersey
ELANDIAINTERNATIONALINC_04_25_2007-EX-10.21-Outsourcing Agreement.PDF,['Network Management Outsourcing Agreement'],Network Management Outsourcing Agreement,"['DATEC (PNG) LIMITED', 'Bank of South Pacific Ltd', 'BANK OF SOUTH PACIFIC LIMITED', 'PNG', 'Datec PNG Limited', 'BSP', 'Datec']","(BANK OF SOUTH PACIFIC LIMITED (""BSP"" or ""Bank of South Pacific Ltd""); DATEC (PNG) LIMITED (""Datec PNG Limited"" or ""Datec"" or ""PNG""))",['The commencement date for this contract will be 16th June 2004.'],6/16/04,['The commencement date for this contract will be 16th June 2004.'],6/16/04,['The initial term of the contracted agreement is 5 years from the commencement date.'],6/16/09,['The BSP then have the option to renew the agreement for another 5 years subject to any restructuring of the agreement as required by the parties.'],5 years,[],,['This agreement will be construed in accordance with the laws of Papua New Guinea and the parties submit to the non-exclusive jurisdiction of the National Court of Papua New Guinea.'],Papua New Guinea
NICELTD_06_26_2003-EX-4.5-OUTSOURCING AGREEMENT.PDF,['MANUFACTURING OUTSOURCING AGREEMENT'],MANUFACTURING OUTSOURCING AGREEMENT,"['CONTRACTOR', 'Nice Systems Ltd.', 'NICE', 'Flextronics Israel Ltd.']","Nice Systems Ltc. (""NICE""); Flextronics Israel Ltd. (""CONTRACTOR"")","['January 21st, 2002']",1/21/02,"['January 21st, 2002']",1/21/02,"['The initial term of this Agreement shall           commence on the Effective Date and extend for three (3) years           thereafter (""INITIAL TERM""), with an automatic renewal for an           indefinite period of time (""EXTENDED TERM""), unless terminated by the           parties according to Sections 16.2. or 16.3. herein.']",1/21/05,"['The initial term of this Agreement shall           commence on the Effective Date and extend for three (3) years           thereafter (""INITIAL TERM""), with an automatic renewal for an           indefinite period of time (""EXTENDED TERM""), unless terminated by the           parties according to Sections 16.2. or 16.3. herein.']",3 years,"['Notwithstanding the aforesaid in Section 16.1. and any possible           implication to the contrary herein or as a result of the course of           conduct of the parties, Contractor shall be entitled, at its sole           discretion, to terminate this Agreement only during the Extended Term,           with or without cause, upon a prior written notice of termination to           NICE of not less than six (6) months.']",6 months,"['This Agreement shall be governed by and           construed in accordance with the laws of the state of Israel, without           giving effect to choice of law rules.']",Israel
SYKESHEALTHPLANSERVICESINC_04_24_1998-EX-10.14-OUTSOURCING AGREEMENT.PDF,['OUTSOURCING AGREEMENT'],OUTSOURCING AGREEMENT,"['Sykes HealthPlan Services, Inc.', 'HealthPlan Services, Inc.', 'SHPS', 'HPS']","Sykes HealthPlan Services, Inc. (""SHPS""); HealthPlan Services, Inc. (""HFS"")","['January 1, 1998']",1/1/98,"['January 1, 1998']",1/1/98,"['The term of this Agreement will commence on January 1, 1998 (the ""Effective Date"") and will end on December 31, 1998.']",12/31/98,"[""Unless either party gives the other at least ninety days' prior written notice that it has elected not to extend the term of this Agreement beyond December 31, 1998, the term of this Agreement will be automatically extended until December 31, 1999."", 'Thereafter this Agreement will automatically be renewed for successive additional periods of one year, unless either party gives notice of cancellation on or before October 1 of any such year.']",successive 1 year,"[""Unless either party gives the other at least ninety days' prior written notice that it has elected not to extend the term of this Agreement beyond December 31, 1998, the term of this Agreement will be automatically extended until December 31, 1999."", 'Thereafter this Agreement will automatically be renewed for successive additional periods of one year, unless either party gives notice of cancellation on or before October 1 of any such year.']",90 days,"['This Agreement shall be governed by and construed in accordance with the laws, other than choice of law rules, of the state of Florida.']",Florida
TRICITYBANKSHARESCORP_05_15_1998-EX-10-OUTSOURCING AGREEMENT.PDF,['Outsourcing Agreement'],Outsourcing Agreement,"['Customer', 'Marshall & Ilsley Corporation', 'M&I', 'Tri City National Bank']","Tri City National Bank (""Customer""); Marshall & Ilsley Corporation (""M&I"")","['16th day of February, 1998']",2/16/98,"['""Effective Date"" shall mean February 16, 1998']",2/16/98,"['""Term"" shall mean the period commencing on the Effective Date and terminating on the eighth anniversary of the Commencement Date, unless the Agreement is extended in accordance with its provisions.']",11/16/06,"['If M&I and Customer are unable to agree upon the terms for renewal of this Agreement at least six (6) months prior to the expiration of the Term, then Customer may, at its option, renew this Agreement for one (1) twelve month period at the then-current terms and conditions of this Agreement.']",12 months,[],,"['The validity, construction and interpretation of this Agreement and the rights and duties of the parties hereto shall be governed by the internal laws of the State of Wisconsin, excluding its principles of conflict of laws.']",Wisconsin
OFGBANCORP_03_28_2007-EX-10.23-OUTSOURCING AGREEMENT.PDF,['TECHNOLOGY OUTSOURCING AGREEMENT'],TECHNOLOGY OUTSOURCING AGREEMENT,"['Metavante Corporation', 'Metavante', 'Customer', 'Oriental Financial Group Inc.']","Oriental Financial Group Inc. (""Customer""); Melavante Corporation (""Melavante"")","['26 day of January, 2007']",1/26/07,"['26 day of January, 2007']",1/26/07,"['The term of this Agreement shall commence on the Effective Date and end on November 30, 2014 (the ""Initial Term"").']",11/30/14,"['Unless Customer notifies Metavante of its intent not to renew this Agreement in writing within a period of three (3) months following the Renewal Notice, this Agreement shall automatically renew at the end of the Initial Term on the same terms (including pricing terms) for one (1) twelve-month period.']",12 Months,"['Unless Customer notifies Metavante of its intent not to renew this Agreement in writing within a period of three (3) months following the Renewal Notice, this Agreement shall automatically renew at the end of the Initial Term on the same terms (including pricing terms) for one (1) twelve-month period.']",3 Months,"['The validity, construction and interpretation of this Agreement and the rights and duties of the parties hereto shall be governed by the internal laws of the State of New York, excluding its principles of conflict of laws.']",New York
DRAGONSYSTEMSINC_01_08_1999-EX-10.17-OUTSOURCING AGREEMENT.PDF,['OUTSOURCING AGREEMENT'],OUTSOURCING AGREEMENT,"['MMI', 'MODUS MEDIA INTERNATIONAL', 'DRAGON SYSTEMS', 'DRAGON SYSTEMS, INC.']","(Dragon Systems, Inc. (""Dragon Systems""); Modus Media International (""MMI"")",['19 Jan. 1998'],1/19/98,['19 Jan. 1998'],1/19/98,['This Agreement shall be valid for an indefinite period.'],perpetual,[],,[],,['Any lawsuit relating to any matter arising under this Agreement may be initiated in a State or Federal Court located in the Commonwealth of Massachusetts or in any court in the Netherlands having jurisdiction over the matter.'],Massachusetts; Netherlands
HUBEIMINKANGPHARMACEUTICALLTD_09_19_2006-EX-10.1-OUTSOURCING AGREEMENT.PDF,['PHOTO RETOUCHING OUTSOURCING AGREEMENT'],PHOTO RETOUCHING OUTSOURCING AGREEMENT,"['DGT', 'Dolphin Industries Limited', 'Dolphin', 'DGT Corp.']","(DGT Corp. (""DGT""); Dolphin Industries Limited (""Dolphin"")","['1st  day of JUNE , 2006']",6/1/06,"['IN WITNESS WHEREOF the parties hereto have hereunto executed this Agreement on the 1st  day of JUNE , 2006 , but effective as of the Date of Commencement.']",,[],,[],,[],,"['This Agreement shall be governed by and construed in accordance with the laws of the State of Nevada, USA in force therein without regard to its conflict of law rules.']",Nevada
MANUFACTURERSSERVICESLTD_06_05_2000-EX-10.14-OUTSOURCING AGREEMENT.PDF,['Outsourcing Base Agreement'],Outsourcing Base Agreement,"['IBM', 'MSL', 'International Business Machines Corporation', ""Manufacturers' Services Western US Operations, Inc.""]","(International Business Machines Corporation (""IBM""); Manufacturers' Services Western US Operations, Inc. (""MSL""))",['Dated 05/05/98'],5/5/98,"['EFFECTIVE DATE\n\n                                  JUNE 1, 1998']",6/1/98,"['This Attachment and its Product Attachments shall become effective on the       Effective Date and shall continue for a period of three (3) years unless       terminated as provided in Section 5.0 of the Base Agreement.', 'This Agreement shall become effective on the Effective Date and shall       continue for a period of three (3) years unless terminated as provided in       Section 5.0.']",6/1/01,"['This       Attachment will automatically be renewed for periods of six (6) months       unless either party gives twelve (12) months written notice of its intent       to terminate this Agreement.', 'This Agreement will automatically be renewed for periods of       twelve (12) months unless either Party gives six (6) months written       notice of its intent to terminate this Agreement.']",successive 12 months; successive 6 months;,"['This       Attachment will automatically be renewed for periods of six (6) months       unless either party gives twelve (12) months written notice of its intent       to terminate this Agreement.', 'This Agreement will automatically be renewed for periods of       twelve (12) months unless either Party gives six (6) months written       notice of its intent to terminate this Agreement.']",6 months; 12 months,"['This Agreement and the performance of transactions under this Agreement       shall be governed by the substantive laws of the state of New York.', 'This Agreement and the rights and obligations of the parties hereto shall       be construed in accordance with the substantive laws of the State of New       York.']",New York
NEXSTARFINANCEHOLDINGSINC_03_27_2002-EX-10.26-OUTSOURCING AGREEMENT.PDF,['OUTSOURCING AGREEMENT'],OUTSOURCING AGREEMENT,"['WYZZ Licensee, Inc.', 'WYZZ', 'WYZZ and Nexstar are sometimes referred to herein individually as a ""Party"" and collectively as the ""Parties"".', 'NEXSTAR', 'Nexstar Broadcasting of Peoria, L.L.C.', 'WYZZ, Inc.']","WYZZ, Inc. and WYZZ Licensee, Inc. (collectively ""WYZZ""); Peoria, L.L.C. (""NEXSTAR"")","['November 28, 2001']",11/28/01,"['December 1, 2001']",12/1/01,"['Unless earlier terminated in accordance with the terms hereof, the term of this Agreement shall end on the seventh anniversary of the date hereof.']",11/28/08,[],,[],,"['This Agreement shall be governed and construed in accordance with the laws of Maryland, without regard to its choice of law rules.']",Maryland
"OASYSMOBILE,INC_07_05_2001-EX-10.17-OUTSOURCING AGREEMENT.PDF","['Order Form', 'ASP and Outsourcing Agreement']","ASP and Outsourcing Agreement

Order Form","['E.piphany', 'E.PIPHANY, INC.', 'High Speed Net Solutions, Inc.', 'E.piphany, Inc.', 'HIGH SPEED NET SOLUTIONS, INC.', 'HSNS']","E.PIPHANY, INC. (""E.piphany""); HIGH SPEED NET SOLUTIONS, INC. (""HSNS"")","['July __, 2000', '31 day of July, 2000']",07/31/2000; 07/[]/2000,"['JULY __,  2000.', '31 day of July, 2000']",07/31/2000; 07/[]/2000,['This Agreement shall have an initial term of three (3) years.'],07/[]/2003,[],,[],,"['This Agreement, and all matters arising out of or relating to this Agreement, shall be governed by the laws of the State of California.']",California
"UNITEDNATIONALBANCORP_03_03_1999-EX-99-Outsourcing Agreement with the BISYS Group, Inc..PDF","['United National Bancorp Enters Into                 Outsourcing Agreement with the BISYS Group, Inc.']","United National Bancorp Enters Into Outsourcing Agreement with the BISYS Group, Inc.","['United National Bank', 'UNBJ', 'BISYS', 'United National Bancorp', 'BISYS Group, Inc.']","United National Bancorp (""UNBJ""); United National Bank; BISYS Group, Inc. (""BISYS"")","['February 18, 1999']",2/18/99,[],,[],,[],,[],,[],
ASIANDRAGONGROUPINC_08_11_2005-EX-10.5-Reseller Agreement.PDF,['Reseller Agreement'],Reseller Agreement,"['695014 B.C. Ltd. dba Galaxy Telecom', 'Telnet', 'Galaxy', 'Galaxy Telnet SRL']","695014 B.C. Ltd. dba Galaxy Telecom (""Galaxy""); Galaxy Telnet SRL (""Telnet"")","['1s t day of June, 2004.']",6/1/04,"['1s t day of June, 2004<omitted>""Effective Date"" means the date first written above']",6/1/04,['The initial term of this Agreement will be for two (2) year(s) commencing on the Effective Date.'],6/1/06,"['Thereafter, this agreement will renew automatically from year to year unless cancelled in writing by either Party giving the other written notice of such cancellation a minimum of 60 days before the end of the then current term.']",successive 1 year,"['Thereafter, this agreement will renew automatically from year to year unless cancelled in writing by either Party giving the other written notice of such cancellation a minimum of 60 days before the end of the then current term.']",60 days,"['This Agreement shall be governed by and construed in accordance with the laws of the Province of British Columbia and the federal laws of Canada applicable therein, excluding its conflict-of-laws rules.']","British Columbia, Canada"
LOYALTYPOINTINC_11_16_2004-EX-10.2-RESELLER AGREEMENT.PDF,['Distribution Agreement'],Distribution Agreement,"['AEIS', 'American Express Incentive Services, L.L.C.', 'Schoolpop, Inc.', 'Schoolpop']","American Express Incentive Services, L.L.C. (""AEIS""); Schoolpop, Inc. (""Schoolpop"")",[],,"['This Agreement is effective as of August 1, 2004, (the ""Effective Date"") and shall terminate on July 31, 2009, (the ""Termination Date"") unless earlier terminated or extended as provided for herein.']",8/1/04,"['This Agreement is effective as of August 1, 2004, (the ""Effective Date"") and shall terminate on July 31, 2009, (the ""Termination Date"") unless earlier terminated or extended as provided for herein.']",7/31/09,[],,[],,"['This Agreement shall be deemed to have been made and executed                   in the State of Missouri and any dispute arising thereunder                   shall be resolved in accordance with the laws of the State of                   Missouri, without reference to its rules governing conflicts                   of law.', 'This Agreement shall be subject to and governed by the laws of the          State of Missouri, USA.']",Missouri
MTITECHNOLOGYCORP_11_16_2004-EX-10.102-Reseller Agreement Premier Addendum.PDF,['RESELLER AGREEMENT'],RESELLER AGREEMENT,"['McDATA', 'McDATA CORPORATION', 'RESELLER', 'MTI TECHNOLOGY CORPORATION']","McDATA Corporation (""McDATA""); MTI Technology Corporation (""Reseller"")",['9/29/04'],9/29/04,"['THE EFFECTIVE DATE OF THIS RESELLER AGREEMENT SHALL BE: Sept 29, 2004']",9/29/04,['The initial term of this Agreement shall be for a period of one (1) year from the Effective Date unless sooner terminated pursuant to the termination provisions herein.'],9/29/05,"['Thereafter, this Agreement automatically renews for successive terms of one (1) year.']",successive 1 year,[],,['This Agreement shall be governed by and construed in accordance with the laws of the State of Colorado excluding its choice of law provisions.'],Colorado
"OMINTO,INC_03_29_2004-EX-10-RESELLER AGREEMENT.PDF",['RESELLER AGREEMENT'],RESELLER AGREEMENT,"['RESELLER', 'MEDIANET GROUP TECHNOLOGIES', 'MediaNet Group Technologies, Inc.', 'International Direct Response, Inc.']","MediaNet Group Technologies, Inc. (""MEDIANET GROUP TECHNOLOGIES""); International Direct Response, Inc. (""RESELLER"")","['19 day of March, 2004']",3/19/04,"['19 day of March, 2004']",3/19/04,"['The term of this Agreement shall commence on the Effective Date      and continue for a period of 1 year after the Effective Date, unless      earlier terminated as set forth herein (the ""TERM"").']",3/19/05,"['This Agreement shall      renew for successive 1-year periods, after the initial 1 Year Term, if      agreed by both parties in writing within 30 days of license expiration.']",successive 1 year,[],,"['The laws of the State of Florida shall govern this      Agreement, without reference to conflicts of law provisions.']",Florida
AzulSa_20170303_F-1A_EX-10.3_9943903_EX-10.3_Maintenance Agreement2.pdf,['Amendment n° 01   to the Global Maintenance Agreement ref. DS/C-3957/14 Issue 7'],Amendment n° 01   to the Global Maintenance Agreement ref. DS/C-3957/14 Issue 7,"['Hereinafter individually referred to as the ""Party"" or collectively as the ""Parties""', 'AZUL LINHAS AÉREAS BRASILEIRAS S/A', 'AVIONS DE TRANSPORT REGIONAL, G.I.E', 'AZUL', 'ATR', '""Repairer\'', 'Company']","AZUL LINHAS AÉREAS BRASILEIRAS S/A (""Company"", ""AZUL""); AVIONS DE TRANSPORT REGIONAL, G.I.E. (“Repairer”, “ATR”); AZUL LINHAS AÉREAS BRASILEIRAS and AVIONS DE TRANSPORT REGIONAL, G.I.E. (individually referred to as the “Party” or collectively as the “Parties”)","['January 6th, 2016']",1/6/16,"['This Amendment shall enter into force on the date of its signature by both Parties and, unless otherwise agreed upon in writing by the Parties through a subsequent amendment to the GMA, shall remain in force for the term of the referenced GMA.<omitted>January 6th, 2016']",1/6/16,"['This Amendment shall enter into force on the date of its signature by both Parties and, unless otherwise agreed upon in writing by the Parties through a subsequent amendment to the GMA, shall remain in force for the term of the referenced GMA.']",,[],,[],,"['Pursuant to and in accordance with Section 5-1401 of the New York General Obligations Law, the Parties hereto agree that this Amendment in all respects, and any claim or cause of action based upon or arising out of this Amendment, or any dealing between the Parties relating to the subject matter of this Amendment or the transactions contemplated hereby or the Company/Repairer relationship being established, shall be governed by, and construed in accordance with, the laws of the State of New York, U.S.A. as applied to contracts to be performed wholly within the State of New York (Exclusive of Section 7-101 of the New York General Obligations Law which is inapplicable to this Amendment).']",New York
AzulSa_20170303_F-1A_EX-10.3_9943903_EX-10.3_Maintenance Agreement1.pdf,['GLOBAL MAINTENANCE AGREEMENT ('],GLOBAL MAINTENANCE AGREEMENT (,"['the ""Repairer""or ""ATR"",', 'Hereinafter individually referred to as the ""Party"" or collectively as the ""Parties"", as the context requires.', 'AZUL LINHAS AÉREAS BRASILEIRAS S/A', '""Company"" or ""AZUL"",', 'AVIONS DE TRANSPORT REGIONAL']","AZUL LINHAS AÉREAS BRASILEIRAS S/A (""Company"", ""AZUL""); AVIONS DE TRANSPORT REGIONAL, G.I.E. (“Repairer”, “ATR”); AZUL LINHAS AÉREAS BRASILEIRAS and AVIONS DE TRANSPORT REGIONAL, G.I.E. (individually referred to as the “Party” or collectively as the “Parties”)",['March 9th 2015'],3/9/15,[],,"['The Agreement shall end on the End Date without any further action, unless otherwise provided under this Agreement.', '""End Date""\n\n\n\nmeans the date on which this Agreement is terminated or expires, and shall be the earlier to occur of the following, as appropriate:   (i) the end of the Initial Term as defined in Clause 3.1of this Agreement; or,   (ii) the end of the term of each annual renewal of this Agreement as per Clause 3.2 of this Agreement; or,   (iii) the date on which all or part of this Agreement is terminated as per Clause 16 (""Termination"");', 'The Agreement enters into force on the Signing Date; it will have a duration of [*****] as from the Start Date (the ""Initial Term"").']",,"['Upon expiry of the Initial Term, this Agreement [*****] unless a Notice of non-renewal is given by either Party to the other Party [*****] prior to the expiry of the Initial Term or the end of a renewal period, if any.']",,"['Upon expiry of the Initial Term, this Agreement [*****] unless a Notice of non-renewal is given by either Party to the other Party [*****] prior to the expiry of the Initial Term or the end of a renewal period, if any.']",,"['Pursuant to and in accordance with Section 5-1401 of the New York General Obligations Law, the Parties hereto agree that this Agreement in all respects, and any claim or cause of action based upon or arising out of this Agreement, or any dealing between the Parties<omitted>relating to the subject matter of this Agreement or the transactions contemplated hereby or the Company/Repairer relationship being established, shall be governed by, and construed in accordance with, the laws of the State of New York, U.S.A. as applied to contracts to be performed wholly within the State of New York (Exclusive of Section 7-101 of the New York General Obligations Law which is inapplicable to this Agreement).']",New York
CardlyticsInc_20180112_S-1_EX-10.16_11002987_EX-10.16_Maintenance Agreement2.pdf,"['Customization Schedule', 'Software License, Customization and Maintenance Agreement']","Customization Schedule

Software License, Customization and Maintenance Agreement","['<<enter Company Name>>', 'Bank of America', 'Supplier', 'Bank of America, N.A.']","Bank of America, N.A. (""Bank of America""); Supplier (""Supplier"")",[],,[],,[],,[],,[],,[],
CardlyticsInc_20180112_S-1_EX-10.16_11002987_EX-10.16_Maintenance Agreement3.pdf,"['SCHEDULE TO Software License, Customization and Maintenance Agreement']","SCHEDULE TO Software License, Customization and Maintenance Agreement","['Bank of America', 'Bank of America, N. A', 'Cardlytics, Inc.', 'Supplier']","Cardlytics, Inc. (""Supplier""); Bank of America, N.A (""Bank of America)",['3/4/11'],3/4/11,"['March 3, 2011']",3/3/11,[],,[],,[],,[],
CardlyticsInc_20180112_S-1_EX-10.16_11002987_EX-10.16_Maintenance Agreement4.pdf,"['Software License, Customization and Maintenance Agreement', 'Product License Schedule']","Product License Schedule

Software License, Customization and Maintenance Agreement","['Cardlytics,', 'Bank of America', 'Supplier', 'Bank of America, N.A.']","Bank of America, N.A. (""Bank of America""); Cardlytics, (""Supplier"")",[],,[],,['The first paid (Initial) Maintenance Term shall commence upon expiration of the Warranty Period and shall continue for twelve (12) months thereafter.'],,"['Thereafter, the Maintenance Term shall automatically renew for successive period, 12 months, on the terms and conditions of this Agreement unless Bank of America terminates Maintenance Services pursuant to this Agreement.']",successive 12 months,[],,[],
CardlyticsInc_20180112_S-1_EX-10.16_11002987_EX-10.16_Maintenance Agreement1.pdf,"['Software License, Customization and Maintenance Agreement']"," Software License, Customization and Maintenance Agreement","['Bank of America', 'Cardlytics, Inc.', 'Supplier', 'Bank of America, N.A.']","Cardlytics, Inc. (“Supplier”);  Bank of America, N.A. (“Bank of America”);",['11/4/10'],11/4/10,['11/4/10'],11/4/10,"['This Agreement shall apply and remain in effect from the Effective Date and perpetually thereafter unless terminated pursuant to the Section entitled ""Termination.""']",perpetual,[],,[],,"['This Agreement shall be governed by the internal laws, and not by the laws regarding conflicts of laws, of the State of North Carolina.']",North Carolina
OLDAPIWIND-DOWNLTD_01_08_2016-EX-1.3-AGENCY AGREEMENT1.pdf,['AGENCY AGREEMENT'],AGENCY AGREEMENT,"['Kes 7 Capital Inc', 'Dundee Securities Ltd', 'Corporation', '(collectively with the Lead Agent, the ""Agents"" and each individually an ""Agent"")', 'Bloom Burton & Co. Ltd.', 'Lead Agent', 'Tribute Pharmaceuticals Canada Inc']","Dundee Securities Ltd.(""Lead Agent""); Kes 7 Capital Inc. and Bloom Burton & Co. Ltd. (collectively with the Lead Agent, ""Agents"" and each individually an ""Agent""); Tribute Pharmaceuticals Canada Inc. (""Corporation"")","['May 21, 2015']",5/21/15,[],,[],,[],,[],,['This Agreement shall be governed by and construed in accordance with the laws of the Province of Ontario and the federal laws of Canada applicable in the Province of Ontario.'],"Ontario, Canada"
OLDAPIWIND-DOWNLTD_01_08_2016-EX-1.3-AGENCY AGREEMENT2.pdf,"[""AGENTS' CERTIFICATE""]",AGENTS’ CERTIFICATE,"['Agent', 'U.S. Affiliate', '[ ]', 'Tribute Pharmaceuticals Inc.', 'Corporation', 'U.S. registered broker-dealer affiliate of the Agen']","Tribute Pharmaceuticals Inc. (""Corporation""); [] (""Agent""); [] (""U.S. Affiliate""); U.S. registered broker-dealer affiliate of the Agent","[', 2015.']",[]/[]/2015,[],,[],,[],,[],,[],
MEDIWOUNDLTD_01_15_2014-EX-10.6-SUPPLY AGREEMENT.PDF,['Supply Agreement'],Supply Agreement,"['MediWound Ltd.', 'CBC', 'MediWound', 'Challenge Bioproducts Corporation Ltd.']","MediWound Ltd. (""MediWound""); Challenge Bioproducts Corporation Ltd. (""CBC"")","['11 day of January, 2001']",1/11/01,"['The date upon which MediWound shall have acknowledged in writing to CBC that the Conditions Precedent have all been met shall be the ""Effective Date"".']",,[],,[],,[],,"['This Agreement is made under and subject to the provision of the substantive laws of the State of New York, without giving effect to its conflict of law rules.']",New York
SEASPINEHOLDINGSCORP_10_10_2018-EX-10.1-SUPPLY AGREEMENT.PDF,['SUPPLY AGREEMENT'],SUPPLY AGREEMENT,"['PcoMed', 'Integra LifeSciences Corporation', 'Integra', 'PcoMed, LLC']","Integra LifeSciences Corporation (""Integra""); PcoMed, LLC (""PcoMed"")","['15th day of May, 2013']",5/15/13,"['15th day of May, 2013']",5/15/13,"['The initial term of this Agreement (the ""Initial Term"") shall commence on the Effective Date and shall end on the date that payment is due for Minimum Payment Period 7, pursuant to Section 2.4 hereof and as set forth in Attachment B hereof, unless earlier terminated as provided herein.']",,[],,[],,['This Agreement shall be construed and enforced in accordance with the laws of the State of New Jersey.'],New Jersey
PROFOUNDMEDICALCORP_08_29_2019-EX-4.5-SUPPLY AGREEMENT.PDF,['SUPPLY AGREEMENT'],SUPPLY AGREEMENT,"['PHILIPS MEDICAL SYSTEMS NEDERLAND B.V.', 'Customer and Philips hereinafter also collectively referred to as the ""Parties"" and individually as a ""Party"".', 'PROFOUND MEDICAL INC.', 'Customer', 'Philips']","Profound Medical Inc. (""Customer""); Philips Medical Systems Nederland B.V. (""Philips""); (Customer and Philips hereinafter also collectively referred to as the “Parties” and individually as a “Party”)","['July 31, 2017']",7/31/17,"['July 31, 2017']",7/31/17,"['This Agreement shall come into force on the Effective Date and shall remain in force and effect for a period of [Redacted - Commercially Sensitive - Term Details] , unless this Agreement is extended or previously terminated in accordance with this clause 12, pursuant to clause 15.1 (Force Majeure), or (ii) by the mutual written consent of the Parties (the ""Term"").']",[]/[]/[],[],,[],,"['This Agreement (including any dispute hereunder) and the documents to be entered into pursuant to it, save as expressly otherwise provided therein, will be governed by and construed in accordance with the Laws of the Netherlands']",Netherlands
"GRIDIRONBIONUTRIENTS,INC_02_05_2020-EX-10.3-SUPPLY AGREEMENT.PDF",['SUPPLY AGREEMENT'],SUPPLY AGREEMENT,"['Shi Farms', 'each individually ""a Party,"" and collectively, ""the Parties.""', 'Gridiron BioNutrients, Inc', 'EWSD 1, LLC, d/b/a/ SHI FARMS', 'Gridiron']","EWSD 1, LLC, d/b/a SHI FARMS (""Shi Farms""); Gridiron BioNutrients (""Gridiron""); EWSD 1, LLC, d/b/a SHI FARMS and Gridiron BioNutrients (individually “a Party,” and collectively, “the Parties.”)",['1/27/2020'],1/27/20,[],1/27/20,[],,[],,[],,['This Agreement and any amendments thereto shall be construed according to the laws of the State of Colorado without regard to conflicts of law principles and any disputes hereunder shall be litigated in a state court in Colorado.'],Colorado
"BELLICUMPHARMACEUTICALS,INC_05_07_2019-EX-10.1-Supply Agreement.PDF",['Supply Agreement'],Supply Agreement,"['Miltenyi', 'Miltenyi Biotec GmbH', 'Bellicum Pharmaceuticals, Inc.', 'Miltenyi and Bellicum are sometimes referred to herein individually as a ""Party"" and collectively as the ""Parties.""', 'Bellicum']","Miltenyi Biotec GmbH (""Miltenyi""); Bellicum Phamaceuticals, Inc. (""Bellicum""); Miltenyi and Bellicum (individually as a “Party” and collectively as the “Parties”)","['March 27, 2019']",3/27/19,"['March 27, 2019']",3/27/19,"['The Agreement shall have an initial term of ten (10) years commencing from the Effective Date and ending on the tenth (10th) anniversary thereof (the ""Initial Term""), unless earlier terminated by either Party in accordance with the provisions of Section 15.2 or Section 15.3.']",3/27/29,"['Thereafter, Bellicum shall have consecutive separate options to extend the Term for successive renewal terms of five (5) years each (each, a ""Renewal Term"", and<omitted>collectively with the Initial Term, the ""Term"").']",successive 5 years,[],,"['This Agreement shall be governed in all respects by, and construed and enforced in accordance with, the laws of the State of New York, USA, without regard to the conflict of law provisions thereof or the United Nations Convention on Contracts for the International Sale of Goods; provided, however, that any dispute relating to the scope, validity, enforceability or infringement of any Intellectual Property Right will be governed by, and construed and enforced in accordance with, the substantive laws of the jurisdiction in which such Intellectual Property Right applies.']",New York
FLOTEKINDUSTRIESINCCN_05_09_2019-EX-10.1-SUPPLY AGREEMENT.PDF,['SUPPLY AGREEMENT'],SUPPLY AGREEMENT,"['Flotek Chemistry, LLC', 'Florida Chemical Company, LLC', 'Flotek', 'FCC']","Florida Chemical Company, LLC (""FCC""); Flotek Chemistry LLC (""Flotek"")","['February 28, 2019']",2/28/19,"['February 28, 2019<omitted>The ""Term"" shall begin on the date hereof and shall expire December 31, 2023, subject to early termination pursuant to the terms of Section 19.']",2/28/19,"['The ""Term"" shall begin on the date hereof and shall expire December 31, 2023, subject to early termination pursuant to the terms of Section 19. Flotek, may, by written notice given to FCC on or before September 30, 2023, elect for the Term to be extended to December 31, 2024.']",12/31/23,[],,[],,['This Agreement shall be governed by and construed in accordance with the laws of the state of Delaware.'],Delaware
GRANTIERRAENERGYINC_05_07_2012-EX-10.6-TRANSPORTATION CONTRACT.PDF,['TRANSPORTATION CONTRACT  GENERAL CONDITIONS'],TRANSPORTATION CONTRACT  GENERAL CONDITIONS,"['SOLANA PETROLEUM EXPLORATION  COLOMBIA LIMITED', 'SENDER', 'ECOPETROL', 'SHIPPER', 'ECOPETROL S.A.']","SOLANA PETROLEUM EXPLORATION  COLOMBIA LIMITED (""SENDER""); ECOPETROL S.A.(""ECOPETROL"") (""SHIPPER"")","['January 30, 2012']",1/30/12,"['January 30, 2012']",1/30/12,"['TERM OF EXECUTION From January 30, 2012 until July 29, 2012']",7/29/12,[],,[],,['This Manual is governed in all its parts by the applicable regulations of the Republic of Colombia.'],Colombia
ATMOSENERGYCORP_11_22_2002-EX-10.17-TRANSPORTATION SERVICE AGREEMENT.PDF,['TRANSPORTATION SERVICE AGREEMENT'],TRANSPORTATION SERVICE AGREEMENT,"['Arkansas Western Pipeline Company', 'Associated Natural Gas Company', 'Shipper', 'Transporter']","Arkansas Western Pipeline Company (""Transporter""); Associated Natural Gas Company (""Shipper"")","['May 20, 1992']",5/20/92,"[""Subject to the General Terms and Conditions of Transporter's                   FERC Gas Tariff and Rate Schedule FTS/ITS, this Agreement                   shall be effective as of the date of physical completion of                   and initial deliveries on Transporter's pipeline and shall                   continue for a primary term of ten years.""]",,"[""Subject to the General Terms and Conditions of Transporter's                   FERC Gas Tariff and Rate Schedule FTS/ITS, this Agreement                   shall be effective as of the date of physical completion of                   and initial deliveries on Transporter's pipeline and shall                   continue for a primary term of ten years.""]",,"['Thereafter, this\n\n\n\n\n\n                  Agreement shall be effective month to month, until terminated                   by Transporter or Shipper upon the following written notice to                   the other specifying a termination date: sixty (60) days for\n\n                  interruptible transportation under Rate Schedule ITS and 180                   days for firm transportation under Rate Schedule FTS.']",successive 1 month,"['Thereafter, this\n\n\n\n\n\n                  Agreement shall be effective month to month, until terminated                   by Transporter or Shipper upon the following written notice to                   the other specifying a termination date: sixty (60) days for\n\n                  interruptible transportation under Rate Schedule ITS and 180                   days for firm transportation under Rate Schedule FTS.']",60 days; 180 days,"['This Agreement and the rights and duties of                   Transporter and Shipper hereunder shall be governed by and                   interpreted in accordance with the laws of the State of                   Arkansas, without recourse to the law governing conflict of                   laws.']",Arkansas
DYNAMEXINC_06_06_1996-EX-10.4-TRANSPORTATION SERVICES AGREEMENT.PDF,['MARKETING AND TRANSPORTATION SERVICES AGREEMENT'],MARKETING AND TRANSPORTATION SERVICES AGREEMENT,"['Purolator', 'PUROLATOR COURIER LTD.', 'Dynamex', 'PARCELWAY COURIER SYSTEMS CANADA LTD.', 'a subsidiary of Dynamex Inc.']","Purolator Courier Ltd. (""Purolator""); Parcelway Courier Systems Canada Ltd. a subsidiary of Dynamex Inc. (""Dynamex"")","['20 day of November, 1995']",11/20/95,"['20 day of November, 1995.<omitted>This Agreement shall be effective from the date first above written and         shall continue indefinitely until terminated by either Party in          accordance with the provisions of this Agreement.']",11/20/95,['This Agreement shall be effective from the date first above written and         shall continue indefinitely until terminated by either Party in          accordance with the provisions of this Agreement.'],perpetual,[],,[],,['This Agreement shall be governed and construed in accordance with the         laws of the Province of Ontario.'],"Province of Ontario, Canada"
MPLXLP_06_17_2015-EX-10.1-TRANSPORTATION SERVICES AGREEMENT.PDF,['TRANSPORTATION SERVICES AGREEMENT'],TRANSPORTATION SERVICES AGREEMENT,"['Shipper', 'Marathon Pipe Line LLC', 'MPL', 'both referred to jointly as the ""Parties"" and each individually as a ""Party"".', 'Marathon Petroleum Company LP']","Marathon Petroleum Company LP (""Shipper""); Marathon Pipe Line LLC (""MPL""); Marathon Petroleum Company LP and Marathon Pipe Line LLC (jointly as ""Parties"" and individually as a ""Party"")","['June 11, 2015,']",6/11/15,"['June 11, 2015']",6/11/15,"['The Agreement shall continue through the project\'s in-service date and for a period of fifteen (15) years after the project\'s in-service date (""Initial Term"").']",6/11/30,"['This Agreement will automatically renew for up to two (2) renewal terms of five (5) years each (each, an ""Extension Period"") unless either Party provides the other Party with written notice of its intent to terminate this Agreement at least six (6) months prior to the end of the Initial Term or the then current Extension Period.']",2 5 years,"['This Agreement will automatically renew for up to two (2) renewal terms of five (5) years each (each, an ""Extension Period"") unless either Party provides the other Party with written notice of its intent to terminate this Agreement at least six (6) months prior to the end of the Initial Term or the then current Extension Period.']",6 months,"['This Agreement shall be construed and interpreted in accordance with the laws of the State of Ohio, without recourse to any principles of law governing conflicts of law, which might otherwise be applicable.']",Ohio
CHAPARRALRESOURCESINC_03_30_2000-EX-10.66-TRANSPORTATION CONTRACT.PDF,['TRANSPORTATION CONTRACT'],TRANSPORTATION CONTRACT,"['Principal', 'JSC Karakudukmunay', 'Parties', 'JSC NOC KazakhOil', 'Company']","JSC NOC KazakhOil (""Company""); JSC Karakudukmunay (""Principal""); collectively referred to as ""Parties""","['January 3, 2000']",1/3/00,"['""Effective Date"" means the date of actual execution of this Contract by the Parties.']",,"['""Initial Term"" means the period commencing on the Effective Date and concluding on the last day of the month in which the fifth anniversary of the Offtake Agreement Effective Date falls.', '""Offtake Agreement"" means that certain Crude Oil Sale and Purchase Agreement between the Principal and STASCO dated 1 November 1999.']",11/30/04,"['In accordance with items 9.3, 9.4, and 10.3, this Contract shall come into      force on the Effective Date, remain effective throughout the Initial Term,      and be prolonged, or further extended automatically for a period of 12<omitted>months, each such extension commencing at the end of the last day of the      Initial Term or the relevant anniversary thereof, unless either Party      serves written notice of termination on the other Party at least 65 days      prior to the end of the Initial Term, or any subsequent extension.']",successive 12 months,"['In accordance with items 9.3, 9.4, and 10.3, this Contract shall come into      force on the Effective Date, remain effective throughout the Initial Term,      and be prolonged, or further extended automatically for a period of 12\n\n\n\n\n\n     months, each such extension commencing at the end of the last day of the      Initial Term or the relevant anniversary thereof, unless either Party      serves written notice of termination on the other Party at least 65 days      prior to the end of the Initial Term, or any subsequent extension.']",65 days,['Effective legislation of the Republic of Kazakhstan shall apply to any      relations of the Parties arising out of this Contract.'],Republic of Kazakhstan
KENTUCKYUTILITIESCO_03_25_2003-EX-10.65-TRANSPORTATION AGREEMENT.PDF,['GAS TRANSPORTATION AGREEMENT'],GAS TRANSPORTATION AGREEMENT,"['Transporter', 'TENNESSEE GAS PIPELINE COMPANY', 'Shipper.', 'LOUISVILLE GAS AND ELECTRIC COMPANY']","TENNESSEE GAS PIPELINE COMPANY (""Transporter""); LOUISVILLE GAS AND ELECTRIC COMPANY (""Shipper""); Transporter and Shipper shall collectively be referred to herein as the ""Parties"".","['1st day of November, 2002']",11/1/02,"['This contract shall be effective as of November 1, 2002, and shall remain in force and effect, unless modified as per Exhibit B, until October 31, 2012.']",11/1/02,"['This contract shall be effective as of November 1, 2002, and shall remain in force and effect, unless modified as per Exhibit B, until October 31, 2012.']",10/31/12,[],,[],,"['THE INTERPRETATION AND PERFORMANCE OF THIS CONTRACT SHALL BE IN ACCORDANCE WITH AND CONTROLLED BY THE LAWS OF THE STATE OF TEXAS, WITHOUT REGARD TO THE DOCTRINES GOVERNING CHOICE OF LAW.']",Texas
MACROGENICSINC_08_02_2013-EX-10-COLLABORATION AGREEMENT.PDF,['Collaboration Agreement'],Collaboration Agreement,"['MacroGenics and Green Cross may be referred to herein individually as a ""Party"" or collectively as the ""Parties.', 'MacroGenics, Inc.', 'Green Cross Corp.', 'Green Cross', 'MacroGenics']","MacroGenics, Inc. (""MacroGenics""); Green Cross Corp. (""Green Cross""); MacroGenics and Green Cross (individually as a “Party” or collectively as the “Parties"")","['June , 2010']",06/[]/2010,"['June , 2010']",06/[]/2010,"['""Royalty Term"" means, with respect to sales of a Product in the Territory, the time period beginning on the First Commercial Sale of such Product in the Territory and expiring on the latest of the following dates:\n\n(a) ***\n\n(b) ***\n\n(c) ***<omitted>Unless earlier terminated, this Agreement shall continue in effect until the expiration of the Royalty Term as defined in Section 1.87 (""Term""), and thereafter Green Cross has no remaining payment obligations with respect to the Products pursuant to Section 8.5 above and MacroGenics shall have no further obligations hereunder.']",,[],,[],,"['Except as otherwise indicated, in all other respects, the right and obligations of the Parties under this Agreement shall be governed by and construed in accordance with the laws of the ***.']",
CHINARECYCLINGENERGYCORP_11_14_2013-EX-10.6-Cooperation Agreement.PDF,['Cooperation Agreement'],Cooperation Agreement,"['Party A', ""Xi'an Zhonghong New Energy Technology Co., Ltd."", 'Boxing County Chengli Gas Supply Co., Ltd.', 'Party B']","Xi'an Zhonghong New Energy Technology Co., Ltd. (""Party A""); Boxing County Chengli Gas Supply Co., Ltd. (""Party B"")",['July 2013'],07/[]/2013,[],,"['The term of the agreement is 20 years, during which if any main equipment of any Party stops operation due to technical problem or at the end of its life cycle, the agreement shall be automatically terminated.']",07/[]/2033,[],,[],,[],
IDREAMSKYTECHNOLOGYLTD_07_03_2014-EX-10.39-Cooperation Agreement on Mobile Game Business.PDF,['Cooperation Agreement'],Cooperation Agreement,"['Party A', 'Party B', 'Shenzhen iDreamSky Technology Co., Ltd.', 'Dazzle Interactive Network Technologies Co., Ltd']","Dazzle Interactive Network Technologies Co., Ltd. (""Party A""); Shenzhen iDreamSky Technology Co., Ltd. (""Party B"")","['January 1, 2013']",1/1/13,"['This Agreement shall come into force as of January 1, 2013 and remain valid for 1 year.']",1/1/13,"['This Agreement shall come into force as of January 1, 2013 and remain valid for 1 year.', 'As of the effective date hereof, the original cooperation of mobile game business executed between the Parties shall terminate automatically.']",1/1/14,"['Upon the expiry of this Agreement, this Agreement may be renewed automatically for one year (but can only be renewed once) if neither Party raises objection.']",1 year,[],,[],
TUNIUCORP_03_06_2014-EX-10-COOPERATION AGREEMENT.PDF,['Cooperation Agreement (2014 Amendment)'],Cooperation Agreement (2014 Amendment),"['Party A', 'Beijing Tuniu Technology Co., Ltd.', 'Nanjing Tuniu Technology Co., Ltd.,', 'Party B']","Nanjing Tuniu Technology Co., Ltd. (""Party A""); Beijing Tuniu Technology Co., Ltd. (""Party B"")","['January 24, 2014']",1/24/14,"['January 24, 2014<omitted>This Agreement shall take effect as of the date when the authorized representatives of the Parties sign hereon.']",1/24/14,"['Party A and Party B agree and confirm that the term of cooperation under this Agreement shall commence from the execution date hereof and end on the expiration date of the operation term of Party B (""Term of Cooperation"").']",perpetual,[],,[],,"[""This Agreement shall be governed by and interpreted pursuant to the laws of the People's Republic of China that are promulgated and are publicly available, provided that the general international business practices shall apply if the laws of the People's Republic of China that are promulgated and are publicly available do not involve any matter in relation to this Agreement.""]",People's Republic of China
SENMIAOTECHNOLOGYLTD_02_19_2019-EX-10.5-Collaboration Agreement.PDF,['Collaboration Agreement'],Collaboration Agreement,"['Party B', 'Didi Chuxing Technology Co., Ltd.', 'Hunan Ruixi Financial Leasing Co., Ltd', 'Party A', 'Party A and Party B shall be individually referred to as a ""Party"" and collectively as the ""Parties"".']","Didi Chuxing Technology Co., Ltd. (""Party A""); Hunan Ruixi Financial Leasing Co., Ltd (""Party B""); Party A and Party B (individually referred to as a “Party” and collectively as the “Parties”)","['December 17, 2018']",12/17/18,"['The Agreement executed offline in paper form shall become effective upon the completion of the execution by both Parties (hereinafter referred to as the ""Effective Date""); and the Agreement executed online in electronic form shall become effective upon the completion of the execution on the Contracting Platform by both Parties (hereinafter referred to as the ""Effective Date"") recorded by the third-party Online Document Depository.<omitted>December 17, 2018']",12/17/18,"['Unless this Agreement is early terminated in accordance with this Agreement or other agreements signed by the Parties hereof, the term of the validity of this Agreement shall be one year from the effective date.']",12/17/19,[],,[],,"['The execution, validation, interpretation, performance, modification and termination of this Agreement and the settlement of disputes under this Agreement shall be governed by the Laws of China.']",China
"BERKELEYLIGHTS,INC_06_26_2020-EX-10.12-COLLABORATION AGREEMENT.PDF",['COLLABORATION AGREEMENT'],COLLABORATION AGREEMENT,"['BLI', 'Ginkgo Bioworks, Inc.', 'Ginkgo', 'Berkeley Lights, Inc.', 'Ginkgo and BLI may each be referred to herein as a ""Party"" or, collectively, as the ""Parties.""']","Ginkgo Bioworks, Inc. (""Ginko""); Berkely Lights, Inc. (""BLI""); Gingko and BLI (""Party"", collectively as the ""Parties"")","['September 13th, 2019']",9/13/19,"['September 13th, 2019']",9/13/19,"['""Intended End of Term"" means the later of (a) the seventh (7th) anniversary of the Effective Date and (b) the date determined to be the ""Intended End of Term"" under Section 7.2.2(d) (Effects of Tolling).<omitted>This Agreement shall commence on the Effective Date and, unless sooner terminated in accordance with its terms, including by Ginkgo pursuant to Section 7.3 (Buy-Down Election) or extended by the mutual written agreement of the Parties, shall continue until the Intended End of Term (such time period, as may be extended pursuant to this Section 13.3.1 (Term - General), the ""Term""); provided that, if,<omitted>at the expiration of the Intended End of Term, Ginkgo has paid the Minimum Cumulative Purchase Commitment, but will not have paid to BLI the Full Purchase Target, then the Term of this Agreement shall automatically extend for an additional [***] ([***]) year period from the date of the expiration of the then-Intended End of Term so that, among other things, BLI may potentially receive the benefit of the Full Purchase Target and Ginkgo may receive the continuing benefit of royalty-free licenses.']",9/13/26,"['This Agreement shall commence on the Effective Date and, unless sooner terminated in accordance with its terms, including by Ginkgo pursuant to Section 7.3 (Buy-Down Election) or extended by the mutual written agreement of the Parties, shall continue until the Intended End of Term (such time period, as may be extended pursuant to this Section 13.3.1 (Term - General), the ""Term""); provided that, if,<omitted>at the expiration of the Intended End of Term, Ginkgo has paid the Minimum Cumulative Purchase Commitment, but will not have paid to BLI the Full Purchase Target, then the Term of this Agreement shall automatically extend for an additional [***] ([***]) year period from the date of the expiration of the then-Intended End of Term so that, among other things, BLI may potentially receive the benefit of the Full Purchase Target and Ginkgo may receive the continuing benefit of royalty-free licenses.']",,[],,"['This Agreement will be construed and interpreted in accordance with the laws of the State of Delaware, without regard to any choice of law provision.']",Delaware
PREMIERBIOMEDICALINC_05_14_2020-EX-10.2-INTELLECTUAL PROPERTY AGREEMENT.PDF,['Intellectual Property Agreement'],Intellectual Property Agreement,"['Premier', 'Each shall be referred to as a ""Party"" and collectively as the ""Parties.""', 'Premier Biomedical, Inc.', 'Marv Enterprises, LLC', 'THI', 'Marv', 'Technology Health, Inc.']","Marv Enterprises, LLC (""Marv""); Premier Biomedical, Inc. (""Premier""); Technology Health, Inc. (""THI""); (Each shall be referred to as a “Party” and collectively as the “Parties.”)","['May 12, 2020']",5/12/20,"['May 12, 2020']",5/12/20,[],,[],,[],,"['This Agreement and the rights of the Parties hereunder shall be governed by and construed in accordance with the laws of the Commonwealth of Pennsylvania including all matters of construction, validity, performance, and enforcement and without giving effect to the principles of conflict of laws.']",Pennsylvania
"MIDDLEBROOKPHARMACEUTICALS,INC_03_18_2010-EX-10.1-PROMOTION AGREEMENT.PDF",['Promotion Agreement'],Promotion Agreement,"['""Parties"" means DD and MBRK collectively.', 'MiddleBrook Pharmaceuticals, Inc.', 'DD', 'DoctorDirectory.com, Inc', 'MBRK']","MiddleBrook Pharmaceuticals, Inc. (""MBRK""); DoctorDirectory.com, Inc (""DD""); (collectively ""Parties"")","['February 3, 2010']",2/3/10,"['February 3, 2010']",2/3/10,"['This Agreement shall commence as of the Effective Date and shall continue in full force and effect for an initial term of  three (3) years from the Promotion Commencement Date, divided into three one-year periods.']",2/3/13,"['Unless terminated in  accordance with the provisions of Section 18, this Agreement shall automatically renew for each subsequent one-year  term.']",successive 1 year,[],,"['The Parties agree that the venue for any action, injunctive application or dispute determinable by a court of law arising  out of this Agreement and that this Agreement shall be governed by and construed and enforced in accordance with the  laws of the State of North Carolina, without giving effect to choice of law or arbitration provisions, and that the federal  and state courts therein shall have jurisdiction over the subject matter and the Parties.']",North Carolina
"ASHWORTHINC_01_29_1999-EX-10.(D)-PROMOTION AGREEMENT AND NANTZ COMMUNICATIONS, INC..PDF",['PROMOTION AGREEMENT'],PROMOTION AGREEMENT,"['ASHWORTH, INC.', 'NANTZ COMMUNICATIONS, INC.', 'Nantz Communications', 'Nantz', 'JAMES W. NANTZ III', 'Ashworth', 'Company']","ASHWORTH, INC. (""Company, ""Ashworth""); JAMES W. NANTZ III (""Nantz""); NANTZ COMMUNICATIONS, INC. (""Nantz Communications"")","['June 1, 1998']",6/1/98,"['June 1, 1998']",6/1/98,"['Except as otherwise provided herein, this Agreement shall commence      effective June 1, 1998, and shall continue for a term of three (3) years      expiring May 31, 2001 (the ""Term"").']",5/31/01,[],,[],,"['This Agreement and its formation, operation and performance      shall be governed, construed, performed, and enforced in accordance with      the laws of the State of California.']",California
ON4COMMUNICATIONSINC_07_02_2009-EX-10.1-PROMOTION AGREEMENT.PDF,['PROMOTION AGREEMENT'],PROMOTION AGREEMENT,"['Sponsor', 'Charity Tunes', 'ConAgra Foods Canada Inc.', 'Charity Tunes Inc.']","Charity Tunes Inc. (""Charity Tunes""); ConAgra Foods Canada  Inc. (""Sponsor"")","['June 29, 2009']",6/29/09,[],,[],,[],,[],,['This Agreement shall be governed by the laws of the Province of Ontario and the federal laws of  Canada applicable therein.'],"Ontario, Canada"
"WHITESMOKE,INC_11_08_2011-EX-10.26-PROMOTION AND DISTRIBUTION AGREEMENT.PDF",['Promotion and Distribution Agreement'],Promotion and Distribution Agreement,"['Google', 'Google Inc', 'Distributor', 'Whitesmoke Inc.']","Whitesmoke Inc. (""Distributor""); Google Inc (""Google"")",[],,['1 August 2011'],8/1/11,"['""Term"" means the earlier of: (a) the end of the two year period from the Effective Date to 31 July 2013; or (b) the last day of the calendar month  within which the Maximum Distribution Commitment is reached.', 'This Agreement shall commence on the Effective Date and, unless earlier terminated as set out in this Agreement, shall continue  for the Term.']",7/31/13,[],,[],,['This Agreement is governed by English law and the parties submit to the exclusive jurisdiction of the English courts in  relation to any dispute (contractual or non-contractual) concerning this Agreement save that either party may apply to any court for an  injunction or other relief to protect its Intellectual Property Rights.'],England
GOCALLINC_03_30_2000-EX-10.7-Promotion Agreement.PDF,['Promotion Agreement'],Promotion Agreement,"['PageMaster Corporation', 'Go Call', 'Go Call, Inc.']","Go Call, Inc. (""Go Call""); PageMaster Corporation","['March 12,1999']",3/12/99,"['This promotion shall begin on June 1,1999 and shall terminate June 1, 2000 (herein ""Term"")']",6/1/99,"['This promotion shall begin on June 1,1999 and shall terminate June 1, 2000 (herein ""Term"")']",6/1/00,['This term shall be extended for a 1 year period provided 3000 pagers per month are distributed to Purchase customers.'],1 year,[],,"['This Agreement will be governed by and construed in accordance with the laws of the State of California, exclusive of conflicts of law principles, and will, to the maximum extent practicable, be deemed to call for performance in Los Angeles County, California.']",California
QBIOMEDINC_04_08_2020-EX-99.1-JOINT FILING AGREEMENT.PDF,['JOINT FILING AGREEMENT'],JOINT FILING AGREEMENT,"['YAII GP, LP', 'D-Beta One Blocker EQ, Ltd.', 'D-Beta One GP, LLC', 'YA II PN, Ltd.', 'YA Global Investments II (U.S.), Ltd.', 'Yorkville Advisors GP, LLC', 'Delta Beta Advisors, LP', 'Yorkville Advisors Global, LP', 'D-Beta One Growth and Opportunity Fund Offshore, LP', 'D-Beta One EQ, Ltd.', 'Yorkville Advisors Global II, LLC']","YA II PN, Ltd.; YA Global Investments II (U.S.), Ltd.; Yorkville Advisors Global, LP; Yorkville Advisors Global II, LLC; YAII GP, LP; Yorkville Advisors GP, LLC; D-Beta One EQ, Ltd.; D-Beta One Blocker EQ, Ltd.;
D-Beta One Growth and Opportunity Fund Offshore, LP; D-Beta One GP, LLC; Delta Beta Advisors, LP",['4/8/2020'],4/8/20,[],,[],,[],,[],,[],
ACCELERATEDTECHNOLOGIESHOLDINGCORP_04_24_2003-EX-10.13-JOINT VENTURE AGREEMENT.PDF,['JOINT VENTURE AGREEMENT'],JOINT VENTURE AGREEMENT,"['Pivotal Self Service Tech, Inc.', '(the ""Parties"" or ""Joint Venturers"" if referred to collectively, or the ""Party"" or Joint Venturer"" if referred to singularly)', 'CCGI', 'PVSS', 'Collectible Concepts Group, Inc.']","Collectible Concepts Group, Inc. (""CCGI""); Pivotal Self Service Tech, Inc. (""PVSS""); (the ""Parties"" or ""Joint Venturers"" if referred to collectively, or the ""Party"" or Joint Venturer"" if referred to singularly)",[],,"['The Joint Venture shall commence on the 1st of      March, 2003,']",3/1/03,"['The Joint Venture shall commence on the 1st of      March, 2003, and shall be effective until February 28, 2004 unless extended      by written agreement of the Joint Venturers not less than thirty (30) days      prior to scheduled termination.']",2/28/04,[],,[],,"['The Joint Venturers declare that in entering into this      Agreement, they have contracted with reference to the laws of the      Commonwealth of Pennsylvania, and the construction and interpretation of      the terms and provisions of this Agreement shall be interpreted and      construed under the laws of the Commonwealth of Pennsylvania, except in      such cases and to such extent as the laws of another jurisdiction shall      necessarily control.']",Pennsylvania
"MFAFINANCIAL,INC_07_06_2020-EX-99.D-JOINT FILING AGREEMENT.PDF",['JOINT FILING AGREEMENT'],JOINT FILING AGREEMENT,"['APOLLO CAPITAL MANAGEMENT, L.P.', 'ATHENE ANNUITY AND LIFE COMPANY', 'APOLLO PRINCIPAL HOLDINGS III GP, LTD.', 'ATHENE HOLDING LTD.', 'APOLLO MANAGEMENT HOLDINGS GP, LLC', 'AISG GP LTD.', 'APOLLO HYBRID VALUE ADVISORS, L.P.', 'APOLLO INSURANCE SOLUTIONS GROUP LP', 'APOLLO MANAGEMENT HOLDINGS, L.P.', 'APOLLO LIFE ASSET GP, LLC', 'APOLLO CAPITAL MANAGEMENT GP, LLC', 'APOLLO HYBRID VALUE CAPITAL MANAGEMENT, LLC', 'APH HOLDINGS, L.P.', 'ATHENE LIFE RE LTD.', 'ATHENE ANNUITY & LIFE ASSURANCE COMPANY', 'APOLLO LIFE ASSET, L.P.', 'AP OMAHA ADVISORS, LLC', 'ATHENE USA CORPORATION', 'OMAHA EQUITY AGGREGATOR, L.P.']","ATHENE ANNUITY AND LIFE COMPANY; ATHENE ANNUITY & LIFE ASSURANCE COMPANY; ATHENE USA CORPORATION; ATHENE LIFE RE LTD.; ATHENE HOLDING LTD.; APOLLO INSURANCE SOLUTIONS GROUP LP; AISG GP LTD.; APOLLO LIFE ASSET, L.P.; APOLLO LIFE ASSET GP, LLC.; APOLLO CAPITAL MANAGEMENT, L.P.; APOLLO CAPITAL MANAGEMENT GP, LLC; APOLLO MANAGEMENT HOLDINGS, L.P.; APOLLO MANAGEMENT HOLDINGS GP, LLC; OMAHA EQUITY AGGREGATOR, L.P.; AP OMAHA ADVISORS, LLC; APOLLO HYBRID VALUE ADVISORS, L.P.; APOLLO HYBRID VALUE CAPITAL MANAGEMENT, LLC; APH HOLDINGS, L.P.; APOLLO PRINCIPAL HOLDINGS III GP, LTD.","['July 6, 2020']",7/6/20,[],,[],,[],,[],,[],
"TALLGRASSENERGY,LP_02_20_2020-EX-99.26-JOINT FILING AGREEMENT.PDF",['JOINT FILING AGREEMENT'],JOINT FILING AGREEMENT,"['PRAIRIE NON-ECI ACQUIROR LP', 'PRAIRIE VCOC ACQUIROR LP', 'BIA GP L.L.C.', 'BLACKSTONE INFRASTRUCTURE ASSOCIATES L.P.', 'BLACKSTONE HOLDINGS III L.P.', 'PRAIRIE SECONDARY ACQUIROR LP', 'PRAIRIE SECONDARY ACQUIROR E LP', 'BIP HOLDINGS MANAGER L.L.C.', 'PRAIRIE ECI ACQUIROR LP', 'BIA GP L.P.']",PRAIRIE ECI ACQUIROR LP; PRAIRIE NON-ECI ACQUIROR LP; PRAIRIE VCOC ACQUIROR LP; PRAIRIE SECONDARY ACQUIROR LP; PRAIRIE SECONDARY ACQUIROR E LP; BIP HOLDINGS MANAGER L.L.C.; BLACKSTONE INFRASTRUCTURE ASSOCIATES L.P.; BIA GP L.P.; BIA GP L.L.C.; BLACKSTONE HOLDINGS III L.P.,"['February 19, 2020']",2/19/20,[],,[],,[],,[],,[],
"GALERATHERAPEUTICS,INC_02_14_2020-EX-99.A-JOINT FILING AGREEMENT.PDF",['JOINT FILING AGREEMENT'],JOINT FILING AGREEMENT,"['Blackstone Clarus GP L.P', 'Clarus IV-A, L.P.', 'Clarus IV-C, L.P.', 'Blackstone Clarus GP L.L.C', 'Blackstone Holdings I/II GP L.L.C.', 'Blackstone Group Management L.L.C.', 'Stephen A. Schwarzman', 'Blackstone Holdings II L.P.', 'The Blackstone Group Inc.', 'Clarus IV-D, L.P', 'Clarus IV-B, L.P.', 'Clarus IV GP, L.P.']","CLARUS IV-A, L.P.; CLARUS IV-B, L.P.; CLARUS IV-C, L.P.; CLARUS IV-D, L.P.; CLARUS IV GP, L.P.; BLACKSTONE CLARUS GP L.P.; BLACKSTONE CLARUS GP L.L.C.; BLACKSTONE HOLDINGS I/II GP L.L.C.; THE BLACKSTONE GROUP INC.; BLACKSTONE GROUP MANAGEMENT L.L.C.",['14t h day of February 2020'],2/14/20,[],,[],,[],,[],,[],
CHIPMOSTECHNOLOGIESBERMUDALTD_04_18_2016-EX-4.72-Strategic Alliance Agreement.PDF,['Strategic Alliance Agreement'],Strategic Alliance Agreement,"['ChipMOS TECHNOLOGIES INC.', 'ChipMOS and Tsinghua Unigroup shall collectively be referred to as the ""Parties.""', 'Tsinghua Unigroup', 'Tsinghua Unigroup Ltd.', 'ChipMOS']","ChipMOS TECHNOLOGIES INC. (""ChipMOS""); Tsinghua Unigroup Ltd. (""Tsinghua Unigroup""); ChipMOS and Tsinghua Unigroup shall collectively be referred to as the “Parties”","['11th day of December, 2015']",12/11/15,[],,"['Except as otherwise provided herein, the term of this Agreement is three (3) years from the Execution Date (""Cooperation Period"").']",12/11/18,['The Parties may negotiate for an extension of this Agreement six (6) months before the expiration of the Cooperation Period.'],,[],,"['This Agreement shall be governed by, and construed in accordance with the laws of Taiwan.']",Taiwan
"SIBANNAC,INC_12_04_2017-EX-2.1-Strategic Alliance Agreement.PDF",['Strategic Alliance Agreement'],Strategic Alliance Agreement,"['Bravatek Solutions, Inc.', 'COMPANY', 'Bravatek', 'Sibannac, Inc.']","Bravatek Solutions (""Bravatek""); Sibannac Inc. (""COMPANY"")","['30th day of November, 2017']",11/30/17,[],,"['The term of this Agreement is twelve (12) months from the date hereof, and will be automatically renewed for one (1) additional twelve month period unless either party shall notify the other in writing of its intention not to renew.']",11/30/18,"['The term of this Agreement is twelve (12) months from the date hereof, and will be automatically renewed for one (1) additional twelve month period unless either party shall notify the other in writing of its intention not to renew.']",12 months,"['The term of this Agreement is twelve (12) months from the date hereof, and will be automatically renewed for one (1) additional twelve month period unless either party shall notify the other in writing of its intention not to renew. Such notice must be given ninety (90) days prior to expiration of the original term.']",90 days,['This Agreement is entered into in the State of Texas and shall be interpreted according to the laws of the State of Texas.'],Texas
PLAYAHOTELS&RESORTSNV_03_14_2017-EX-10.22-STRATEGIC ALLIANCE AGREEMENT (Hyatt Ziva Cancun).PDF,['STRATEGIC ALLIANCE AGREEMENT'],STRATEGIC ALLIANCE AGREEMENT,"['Hyatt', 'Playa Hotels & Resorts, B.V.', 'Playa', 'Hyatt Franchising Latin America, L.L.C.', 'Hyatt and Playa are each referred to as a ""Party"" and collectively as the ""Parties.""']","Hyatt Franchising Latin America, L.L.C. (""Hyatt""); Playa Hotels & Resorts, B.V. (""Playa""); Hyatt and Playa (each a “Party” and collectively as the “Parties”)","['December 14, 2016']",12/14/16,"['December 14, 2016']",12/14/16,[],,[],,[],,"['Except to the extent governed by the Federal Arbitration Act or other federal law, this Agreement and all claims arising from the relationship between Hyatt (and/or any of its Affiliates) and Playa (and/or any of its Affiliates) under this Agreement will be governed by the laws of the State of Illinois (U.S.A.), without regard to its conflict of laws rules, except that any Illinois law or any other law regulating the offer or sale of franchises, business opportunities, or similar interests, or governing the relationship between a franchisor and a franchisee or any similar relationship, will not apply unless its jurisdictional requirements are met independently without reference to this Section 4.']",Illinois
ALLISONTRANSMISSIONHOLDINGSINC_12_15_2014-EX-99.1-COOPERATION AGREEMENT.PDF,['Cooperation Agreement'],Cooperation Agreement,"['persons and entities listed on Schedule A', 'Schedule A\n\nMembers of ValueAct Group\n\nVA Partners I, LLC\n\nValueAct Capital Master Fund, L.P.\n\nValueAct Capital Management, L.P.\n\nValueAct Capital Management, LLC\n\nValueAct Holdings, L.P.\n\nValueAct Holdings GP, LLC\n\nGregory P. Spivy', 'collectively, the ""ValueAct Group"", and individually a ""member"" of the ValueAct Group', 'the ""ValueAct Designee""', 'Allison Transmission Holdings, Inc.', 'Company', 'Gregory P. Spivy']","VA Partners I, LLC, ValueAct Capital Master Fund, L.P., ValueAct Capital Management, L.P., ValueAct Capital Management, LLC, ValueAct Holdings, L.P. (collectively, the “ValueAct Group”, and individually a “member” of the ValueAct Group); Allison Transmission Holdings, Inc. (the “Company”); Gregory P. Spivy (the “ValueAct Designee”)","['December 12, 2014']",12/12/14,"['December 12, 2014<omitted>This Agreement is effective as of the date hereof<omitted>.']",,"['This Agreement is effective as of the date hereof and shall remain in full force and effect for the period (the ""Covered Period"") commencing on the date hereof and ending on the date that is the earliest of: (i) the Company\'s failure to appoint the ValueAct Designee to the Board following the ValueAct Group\'s written request to the Company to have the ValueAct Designee appointed to the Board pursuant to Section 1(a) of this Agreement; (ii) the failure of the Company to comply in good faith with Section 1(e) of this Agreement; or (iii) the date which is the 60t h day prior to the Company\'s 2016 annual meeting of stockholders.']",,[],,[],,"['THIS AGREEMENT SHALL BE GOVERNED IN ALL RESPECTS, INCLUDING WITHOUT LIMITATION VALIDITY, INTERPRETATION AND EFFECT, BY THE LAWS OF THE STATE OF DELAWARE APPLICABLE TO CONTRACTS EXECUTED AND TO BE PERFORMED WHOLLY WITHIN SUCH STATE WITHOUT GIVING EFFECT TO THE CHOICE OF LAW PRINCIPLES OF SUCH STATE.']",Delaware
XENCORINC_10_25_2013-EX-10.24-COLLABORATION AGREEMENT (3).PDF,['COLLABORATION AGREEMENT'],COLLABORATION AGREEMENT,"['XENCOR', 'Boehringer Ingelheim International GmbH', 'Xencor, Inc', 'BII', 'hereinafter BII an XENCOR each shall also be called ""Party"" and collectively ""Parties"" as the case may be).']","Xencor, Inc (""XENCOR""); Boehringer Ingelheim International GmbH (""BII""); BII and XENCOR (each a “Party” and collectively “Parties”)","['February 10, 2012']",2/10/12,"['February 10, 2012']",2/10/12,"['This Agreement shall take effect as of the Effective Date and shall expire upon completion of the Project as set forth in the Project Plan and after payment of all payments due and payable according to this Agreement, unless terminated earlier in accordance with this Agreement.']",,[],,[],,"['This Agreement shall be exclusively governed by and construed in accordance with the laws of the State of New York, USA without regard to its conflict of laws provisions.']",New York
IMMUNOMEDICSINC_08_07_2019-EX-10.1-PROMOTION AGREEMENT.PDF,['PROMOTION AGREEMENT'],PROMOTION AGREEMENT,"['Janssen Biotech, Inc.', 'Janssen', 'Company', 'Immunomedics, Inc.']","Janssen Biotech, Inc. (""Janssen”); Immunomedics, Inc. (""Company"")","['April 5, 2019']",4/5/19,"['April 5, 2019']",4/5/19,"['""Expiration Date"" means March 31, 2020.']",3/31/20,[],,[],,"['The interpretation, construction and performance of this Agreement, and the rights granted and obligations arising hereunder, shall be governed in accordance with the substantive laws of the State of New York, without regard to its conflicts of law rules.']",New York
IGENEBIOTECHNOLOGYINC_05_13_2003-EX-1-JOINT VENTURE AGREEMENT.PDF,['Joint Venture Agreement'],Joint Venture Agreement,"['Tate & Lyle Fermentation Products Ltd.', 'Igene Biotechnology, Inc.', 'T&L', '""Igene""; collectively with T&L, the ""Parties""', '""PARTY"" shall mean each of T&L and Igene', 'Tate & Lyle PLC']","Tate & Lyle Fermentation Products Ltd. (""T&L""); Tate & Lyle PLC; Igene Biotechnology, Inc. (""Igene""); (collectively ""Parties""); (each ""Party"")","['March 18, 2003']",3/18/03,"['""EFFECTIVE DATE"" means 12:01 a.m. Eastern Standard Time on March 3, 2003.']",3/3/03,[],,[],,[],,"['This Agreement shall be governed and construed in accordance with the laws of the State of Delaware, without reference to the conflicts of laws principles thereunder.']",Delaware
RMRGROUPINC_01_22_2020-EX-99.1-JOINT FILING AGREEMENT.PDF,['JOINT FILING AGREEMENT'],JOINT FILING AGREEMENT,"['ABP TRUST', 'ADAM D. PORTNOY']",ABP TRUST; ADAM D. PORTNOY,"['January 22, 2020']",1/22/20,[],,[],,[],,[],,[],
"MJBIOTECH,INC_12_06_2018-EX-99.01-JOINT VENTURE AGREEMENT.PDF",['JOINT VENTURE AGREEMEN'],JOINT VENTURE AGREEMEN,"['individually and collectively the Joint Venture Participants ""JVP""', 'SIMPLY HERBAL', 'MJ Syndicated, Inc.']","MJ Syndicated, Inc.; SIMPLY HERBAL; individually and collectively ""JVP""",['27th day of November 2018'],11/27/18,"['The Joint Venture is a fixed term Joint Venture beginning November 27, 2018 and ending November 30th, 2019 or as otherwise provided in this Agreement.']",11/27/18,"['The Joint Venture is a fixed term Joint Venture beginning November 27, 2018 and ending November 30th, 2019 or as otherwise provided in this Agreement.']",11/30/19,[],,[],,"['By this Agreement the Participants enter into a general Joint Venture (the ""Joint Venture"") in accordance with the laws of The State of Florida.']",Florida
"ONEMAINHOLDINGS,INC_02_20_2020-EX-99.D-JOINT FILING AGREEMENT.PDF",['JOINT FILING AGREEMENT'],JOINT FILING AGREEMENT,"['VÄRDE INVESTMENT PARTNERS (OFFSHORE) MASTER, L.P.', 'THE VÄRDE FUND XII (MASTER), L.P.', 'THE VÄRDE FUND XII UGP, LLC', 'VÄRDE CREDIT PARTNERS MASTER, L.P.', 'VÄRDE INVESTMENT PARTNERS G.P., LLC', 'THE VÄRDE SKYWAY FUND G.P., L.P.', 'THE VÄRDE SKYWAY MASTER FUND, L.P.', 'UNIFORM INVESTCO GP LLC', 'VÄRDE INVESTMENT PARTNERS, L.P.', 'THE VÄRDE FUND VI-A, L.P.', 'THE VÄRDE FUND XII G.P., L.P.', 'UNIFORM INVESTCO LP', 'THE VÄRDE SKYWAY FUND UGP, LLC']","UNIFORM INVESTCO LP; UNIFORM INVESTCO GP LLC; THE VÄRDE FUND VI-A, L.P.; VÄRDE INVESTMENT PARTNERS, L.P.; VÄRDE INVESTMENT PARTNERS (OFFSHORE) MASTER, L.P.; VÄRDE INVESTMENT PARTNERS G.P., LLC; THE VÄRDE SKYWAY MASTER FUND, L.P.;THE VÄRDE SKYWAY FUND G.P., L.P.; THE VÄRDE SKYWAY FUND UGP, LLC; THE VÄRDE FUND XII (MASTER), L.P.; THE VÄRDE FUND XII G.P., L.P.; THE VÄRDE FUND XII UGP, LLC; VÄRDE CREDIT PARTNERS MASTER, L.P.","['February 20, 2020']",2/20/20,[],,[],,[],,[],,[],
"MACY'S,INC_05_11_2020-EX-99.4-JOINT FILING AGREEMENT.PDF",['JOINT FILING AGREEMENT'],JOINT FILING AGREEMENT,"['EP INVESTMENT S.À R.L.', 'DANIEL KŘETÍNSKÝ', 'VESA EQUITY INVESTMENT S.À R.L.']",VESA EQUITY INVESTMENT S.À R.L.; EP INVESTMENT S.À R.L.;  DANIEL KŘETÍNSKÝ,"['May 11, 2020']",5/11/20,[],,[],,[],,[],,[],
BLACKROCKMUNIHOLDINGSINVESTMENTQUALITYFUND_04_07_2020-EX-99.01-JOINT FILING AGREEMENT.PDF,['JOINT FILING AGREEMENT'],JOINT FILING AGREEMENT,"['BANK OF AMERICA CORPORATION', 'BANC OF AMERICA PREFERRED FUNDING CORPORATION']","Bank of America Corporatino, Banc of America Preferred Funding Corporation","['April 7, 2020']",4/7/20,"['IN WITNESS WHEREOF, each party hereto, being duly authorized, has caused this agreement to be executed and effective as of the date set forth below.<omitted>April 7, 2020']",4/7/20,[],,[],,[],,[],
NELNETINC_04_08_2020-EX-1-JOINT FILING AGREEMENT.PDF,['JOINT FILING AGREEMENT'],JOINT FILING AGREEMENT,"['Shelby J. Butterfield', 'Co-Trustee']","Shelby J. Butterfield (""Co-Trustee"")","['March 27, 2020.']",3/27/20,[],,[],,[],,[],,[],
"VIRGINGALACTICHOLDINGS,INC_04_08_2020-EX-99.1-JOINT FILING STATEMENT.PDF",['JOINT FILING STATEMENT'],JOINT FILING STATEMENT,"['SCULPTOR CAPITAL HOLDING CORPORATION', 'SCULPTOR CAPITAL LP', 'SCULPTOR MASTER FUND LTD', 'SCULPTOR MANAGEMENT, INC.']","SCULPTOR CAPITAL LP; SCULPTOR CAPITAL HOLDING CORPORATION; SCULPTOR MANAGEMENT, INC.; SCULPTOR MASTER FUND LTD","['April 8, 2020']",4/8/20,[],,[],,[],,[],,[],
"PRECIGEN,INC_01_22_2020-EX-99.1-JOINT FILING AGREEMENT.PDF",['JOINT FILING AGREEMENT'],JOINT FILING AGREEMENT,"['ARES TRADING SA', 'MERCK SERONO SA, COINSINS, SWITZERLAND, AN AFFILIATE OF MERCK KGAA, DARMSTADT, GERMANY', 'MERCK KGAA, DARMSTADT, GERMANY']","ARES TRADING SA; MERCK SERONO SA COINSINS, SWITZERLAND, AN AFFILIATE OF MERCK KGAA, DARMSTADT, GERMANY; MERCK KGAA DARMSTADT, GERMANY",[],,[],,[],,[],,[],,[],
"SPRINGBANKPHARMACEUTICALS,INC_04_08_2020-EX-99.A-JOINT FILING AGREEMENT.PDF",['JOINT FILING AGREEMENT'],JOINT FILING AGREEMENT,"['UBS ONCOLOGY IMPACT FUND L.P.', 'MPM ONCOLOGY IMPACT MANAGEMENT LP', 'ONCOLOGY IMPACT FUND (CAYMAN) MANAGEMENT L.P.', 'MPM ONCOLOGY IMPACT MANAGEMENT GP LLC']",UBS ONCOLOGY IMPACT FUND L.P.; ONCOLOGY IMPACT FUND (CAYMAN) MANAGEMENT L.P.; MPM ONCOLOGY IMPACT MANAGEMENT LP; MPM ONCOLOGY IMPACT MANAGEMENT GP LLC,"['7t h day of April, 2020.']",4/7/20,[],,[],,[],,[],,[],
ATENTOSA_07_06_2020-EX-99.1-JOINT FILING AGREEMENT.PDF,['JOINT FILING AGREEMENT'],JOINT FILING AGREEMENT,"['HPS MEZZANINE PARTNERS II GP, L.P.', 'MEZZANINE PARTNERS II OFFSHORE LUX S.À R.L II', 'HPS MEZZANINE PARTNERS II, LLC', 'MEZZANINE PARTNERS II ONSHORE LUX S.À R.L', 'MEZZANINE PARTNERS II OFFSHORE LUX S.À R.L', 'HPS INVESTMENT PARTNERS, LLC', 'MEZZANINE PARTNERS II ONSHORE LUX S.À R.L II', 'MEZZANINE PARTNERS II, L.P.', 'MEZZANINE PARTNERS - OFFSHORE INVESTMENT MASTER FUND II, L.P.', 'HPS MEZZANINE PARTNERS II OFFSHORE GP, L.P.']","HPS INVESTMENT PARTNERS, LCC; HPS MEZZANINE PARTNERS II, LLC; HPS MEZZANINE PARTNERS II OFFSHORE GP, L.P.; MEZZANINE PARTNERS - OFFSHORE INVESTMENT MASTER FUND II, L.P.; MEZZANINE PARTNERS II OFFSHORE LUX S.À R.L; MEZZANINE PARTNERS II OFFSHORE LUX S.À R.L II; HPS MEZZANINE PARTNERS II GP, L.P.; MEZZANINE PARTNERS II, L.P.; MEZZANINE PARTNERS II ONSHORE LUX S.À R.L; MEZZANINE PARTNERS II ONSHORE LUX S.À R.L II","['July 6, 2020']",7/6/20,[],,[],,[],,[],,[],
CYBERIANOUTPOSTINC_07_09_1998-EX-10.13-PROMOTION AGREEMENT.PDF,['Promotion Agreement'],Promotion Agreement,"['Cyberian Outpost, Inc.', 'Company', 'CNET', 'CNET, Inc.']","CNET, Inc. (""CNET""); Cyberian Outpost, Inc. (""Company"")","['January 26, 1998']",1/26/98,"['The term of this Agreement (the ""Term"") will begin on      February 1, 1998 and end on the first anniversary of the date of this      Agreement; provided that (a) either party may terminate this Agreement,      effective at any time after the first three\n\n       months of the Term, by giving 30 days\' written notice of termination to the      other party, and (b) either party may terminate this Agreement at any time      by giving written notice of termination to the other party, if the other      party commits a material breach of its obligations hereunder that is not      cured within 30 days after notice thereof from the non-breaching party.']",2/1/98,"['The term of this Agreement (the ""Term"") will begin on      February 1, 1998 and end on the first anniversary of the date of this      Agreement; provided that (a) either party may terminate this Agreement,      effective at any time after the first three\n\n       months of the Term, by giving 30 days\' written notice of termination to the      other party, and (b) either party may terminate this Agreement at any time      by giving written notice of termination to the other party, if the other      party commits a material breach of its obligations hereunder that is not      cured within 30 days after notice thereof from the non-breaching party.']",1/26/99,[],,[],,"['This Agreement will be construed in accordance with           and governed by the laws of the State of California, without regard to           principles of  conflicts of law.']",California
KINGPHARMACEUTICALSINC_08_09_2006-EX-10.1-PROMOTION AGREEMENT.PDF,['PROMOTION AGREEMENT'],PROMOTION AGREEMENT,"['Each of Depomed and King is referred to herein individually as a ""party"" and collectively as the ""parties.""', 'King Pharmaceuticals, Inc.', 'Depomed', 'Depomed, Inc.', 'King']","Depomed, Inc. (""Depomed""); King Pharmaceuticals, Inc. (""King""); Depomed and King (individually as a ""party"" and collectively as the ""parties"")","['June 27, 2006']",6/27/06,"['June 27, 2006']",6/27/06,"['The term of this Agreement shall commence on the Effective Date and shall continue, unless terminated sooner in accordance with this Article VIII, until June 27, 2011 (the ""Term"").']",6/27/11,"['The Term of this Agreement shall be extended for subsequent one year periods upon the mutual agreement of the parties, which agreement shall be set forth in writing (in which event a party that desires to so extend the Term of this Agreement shall notify the other party at least 120 days prior to the termination of this Agreement).']",,[],,"['This Agreement will be construed under and in accordance with, and governed in all respects by, the laws of the State of New York, without regard to its conflicts of law principles.']",New York
"KNOWLABS,INC_08_15_2005-EX-10-INTELLECTUAL PROPERTY AGREEMENT.PDF",['INTELLECTUAL PROPERTY AGREEMENT'],INTELLECTUAL PROPERTY AGREEMENT,"['Turpin', 'Company', 'KENNETH TURPIN', 'VISUALANT INCORPORATED']","Visualant Incorporated (""Company""); Kenneth Turpin (""Turpin"")","['June 16, 2004']",6/16/04,[],,['This Agreement  shall continue until  terminated as      provided herein.'],perpetual,[],,[],,['This  Agreement  shall be  governed  by and  construed  in      accordance  with the laws of the  Province  of  British  Columbia  (without      regard to its conflict of laws provisions)  which shall be deemed to be the      proper law thereof.'],"British Columbia, Canada"
INGEVITYCORP_05_16_2016-EX-10.5-INTELLECTUAL PROPERTY AGREEMENT.PDF,['INTELLECTUAL PROPERTY AGREEMENT'],INTELLECTUAL PROPERTY AGREEMENT,"['Ingevity Corporation', 'Parent', 'SpinCo and Parent may be individually referred to herein as a ""Party"" and collectively as the ""Parties"".', 'SpinCo', 'WestRock Company']","WestRock Company (""Parent""); Ingevity Corporation (""SpinCo""); SpinCo and Parent (individually referred to herein as a “Party” and collectively as the “Parties”)","['May 14, 2016']",5/14/16,[],,[],,[],,[],,[],
"BABCOCK_WILCOXENTERPRISES,INC_08_04_2015-EX-10.17-INTELLECTUAL PROPERTY AGREEMENT between THE BABCOCK _ WILCOX COMPANY and BABCOCK _ WILCOX ENTERPRISES, INC..PDF",['INTELLECTUAL PROPERTY AGREEMENT'],INTELLECTUAL PROPERTY AGREEMENT,"['Babcock & Wilcox Enterprises, Inc.', 'The Babcock & Wilcox Company', 'SpinCo', 'RemainCo', 'individually as a ""Party,"" and collectively as the ""Parties."" C']","The Babcock and Wilcox Company (""RemainCo""); Babcock and Wilcox Enterprises, Inc. (""SpinCo""); individually as a “Party,” and collectively as the “Parties”","['June 26, 2015']",6/26/15,"['June 26, 2015']",6/25/15,[],,[],,[],,"['This Agreement shall be governed by, and construed and enforced in accordance with, the substantive laws of the State of Delaware, without regard to any conflicts of law provisions thereof that would result in the application of the laws of any other jurisdiction.']",Delaware
PcquoteComInc_19990721_S-1A_EX-10.11_6377149_EX-10.11_Co-Branding Agreement2.pdf,"['AMENDMENT TO SECTION 2, PART B OF THE CO-BRANDING AGREEMENT']","AMENDMENT TO SECTION 2, PART B OF THE CO-BRANDING AGREEMENT","['PC Quote, Inc.', 'A.B. Watley, Inc.', 'ABW', 'PCQ']","PC Quote, Inc. (""PCQ""); A.B. Watley, Inc. (""ABW"")","['December 9, 1996']",12/9/96,"['December 9, 1996']",12/9/96,[],,[],,[],,[],
PcquoteComInc_19990721_S-1A_EX-10.11_6377149_EX-10.11_Co-Branding Agreement3.pdf,['SECOND AMENDMENT TO CO-BRANDING AGREEMENT'],SECOND AMENDMENT TO CO-BRANDING AGREEMENT,"['ABW', 'A.B. Watley, Inc.', 'PC QUOTE, INC.', 'PCQ']","PC QUOTE, INC. (""PCQ""); A.B. Watley, Inc. (""ABW"")","['23rd day of February, 1998']",2/23/98,"['23rd day of February, 1998']",2/23/98,[],,[],,[],,[],
PcquoteComInc_19990721_S-1A_EX-10.11_6377149_EX-10.11_Co-Branding Agreement1.pdf,['CO-BRANDING AGREEMENT'],CO-BRANDING AGREEMENT,"['PC QUOTE, INC.', 'PCQ', 'This agreement shall apply to said ABW and all of its subsidiaries and related companies.', 'ABW', 'AB Wately, Inc.']","PC QUOTE, INC. (""PCQ""); AB Wately, Inc. and all of its subsidiaries and related companies (""ABW"" )","['Oct. 11, 1996']",10/11/96,['The effective date for purposes of this Agreement is the contract date as specified on the signature page of this Agreement.<omitted>10-11-96'],10/11/96,[],,[],,[],,"['This Agreement shall be interpreted, construed and enforced in all respects in accordance with the laws of the State of Illinois, except with regards to its rules regarding choice of law.']",Illinois
SoupmanInc_20150814_8-K_EX-10.1_9230148_EX-10.1_Franchise Agreement2.pdf,['GUARANTEES OF MASTER FRANCHISE AGREEMENT'],GUARANTEES OF MASTER FRANCHISE AGREEMENT,"['K iosk  Concep t s ,   I nc', 'F ranch i so r', 'Master Franchisee', 'Guarantors']","Kiosk Concepts, Inc. (""Franchisor""); (""Master Franchisee""); (""Guarantors"")",[],,[],,[],,[],,[],,[],
SoupmanInc_20150814_8-K_EX-10.1_9230148_EX-10.1_Franchise Agreement3.pdf,['Attachment C to Master Franchise Agreement   MULTI-STATE ADDENDUM   CALIFORNIA APPENDIX'],Attachment C to Master Franchise Agreement   MULTI-STATE ADDENDUM   CALIFORNIA APPENDIX,[],,[],,[],,[],,[],,[],,['The Master Franchise Agreement requires application of the laws of New York.'],New York
SoupmanInc_20150814_8-K_EX-10.1_9230148_EX-10.1_Franchise Agreement1.pdf,['MASTER FRANCHISE AGREEMENT'],MASTER FRANCHISE AGREEMENT,"['we', 'you', 'our', 'The Grilled Cheese Truck, Inc.', 'your', 'Master Franchisee', 'us', 'Kiosk Concepts, Inc.']","Kiosk Concepts Inc. (""we"", ""us"", ""our""); The Grilled Cheese Truck, Inc. (""you"", ""your"", ""Master Franchisee"")","['_____ day of __________________, 2015']",[]/[]/2015,"['_____ day of __________________, 2015']",[]/[]/2015,"['The initial term of this Agreement shall commence upon the Effective Date and shall expire ten (10) years from the Effective Date, unless sooner terminated under the terms of this Agreement.']",[]/[]/2025,"['You shall have the option to renew the term of this Agreement, on the terms and conditions set forth in this Agreement, for four (4) additional ten (10) year terms, upon written notice given by you to us not less than six (6) months nor more than twelve (12) months prior to the scheduled expiration date of the term then in effect, provided that each of the following conditions are satisfied:   3.2.1 You shall not be in default of any provision of this Agreement, or any other agreement between you and us or our affiliates, or any standards set forth in the Manuals, and you shall have complied with all the terms and conditions of this Agreement, the Manuals and any other agreements during the term of this Agreement.   3.2.2 You shall have satisfied all monetary obligations owed by you to us and our affiliates, and shall have timely met those obligations throughout the term of this Agreement.   3.2.3 You shall, at our option, execute our then-current form of Master Franchise Agreement and any addenda thereto for the renewal term, which renewal agreement shall supersede this Agreement in all respects, and the terms of which, including, without limitation, continuing fees payable to us, may differ materially and be less advantageous to you than the terms of this Agreement.   3.2.4 You shall comply with our then-current qualification and training requirements.   3.2.5 You shall pay us a renewal fee in the sum of Ten Thousand Dollars ($10,000) for the right to renew this Agreement.   3.2.6 You shall execute a general release, in a form prescribed by us, of any and all claims which you may have or believe to have against us and/or our affiliates and our respective officers, directors, agents and employees, whether the claims are known or unknown, which are based on, arise from or relate to this Agreement or the Franchised Business, as well as claims, known or unknown, which are not based on, do not arise from or do not relate to this Agreement or the Franchised Business, but which relate to other franchise agreements, Franchised Businesses and other agreements between us or our affiliates and you which arose on or before the date of the general release, including, without limitation, all obligations, liabilities, demands, costs, expenses, damages, claims, actions and causes of action, of whatever nature, character or description, arising under federal, state and local laws, rules and ordinances (provided, however, that all rights enjoyed by you and any causes of action arising in your favor from the provisions of Article 33 of the New York General Business Law (""GBL"") and the regulations issued thereunder shall remain in force; it being the intent of this provision that the non-waiver provisions of GBL Sections 687.4 and 687.5 be satisfied).']",four successive 10 years,[],,['This Agreement shall be interpreted and construed under the laws of the State of New York.'],New York
SoupmanInc_20150814_8-K_EX-10.1_9230148_EX-10.1_Franchise Agreement4.pdf,['ADDENDUM REQUIRED BY THE DEPARTMENT OF LAW OF THE STATE OF NEW YORK'],ADDENDUM REQUIRED BY THE DEPARTMENT OF LAW OF THE STATE OF NEW YORK,"['THE GRILLED CHEESE TRUCK, INC.', 'KIOSK CONCEPTS, INC.']","KIOSK CONCEPTS, INC.; THE GRILLED CHEESE TRUCK, INC.","['______ day of ______________, 2015.']",[]/[]/2015,[],,[],,[],,[],,[],
FEDERATEDGOVERNMENTINCOMESECURITIESINC_04_28_2020-EX-99.SERV AGREE-SERVICES AGREEMENT.PDF,['SERVICES AGREEMENT'],SERVICES AGREEMENT,"['Adviser', 'FASC', 'FEDERATED ADVISORY SERVICES COMPANY', 'FEDERATED INVESTMENT MANAGEMENT COMPANY']","FEDERATED INVESTMENT MANAGEMENT COMPANY (""Adviser""); FEDERATED ADVISORY SERVICES COMPANY (""FASC"")","['January 1, 2004']",1/1/04,"['January 1, 2004 (']",1/1/04,"['Notwithstanding the foregoing, to the extent that the Services to be provided with respect to any Account which is registered as an investment company under the 1940 Act (herein referred to as a ""registered investment company"") are services referred to in the definition of ""investment advisor"" under Section 202(a)(11) of the Investment Company Act of 1940 (herein referred to as ""investment advisory services""), then with respect to such Account, this Agreement:\n\n(i) shall not commence until the effective date of its approval by the board of directors or trustees (""Board"") of such Account;\n\n(ii) shall continue from year to year thereafter, subject to the provisions for termination and all other terms and conditions hereof, only if such continuation shall be specifically approved at least annually by a majority of the Board, including a majority of the members of the Board who are not parties to this Agreement or interested persons of any such party (other than as members of the Board) cast in person at a meeting called for that purpose;\n\n(iii) may be terminated at any time without the payment of any penalty by the Board or by a vote of a majority of the outstanding voting securities (as defined in Section 2(a)(42) of the 1940 Act) of the Account on 60 days\' written notice to the Adviser;\n\n(iv) shall automatically terminate in the event of (A) its assignment (as defined in the 1940 Act) or (B) termination of the Advisory Agreement for any reason whatsoever.', ""Subject to the remaining provisions of this Section, the term of this Agreement shall begin on the effective date first above written and shall continue until terminated by mutual agreement of the parties hereto or by either party on not less than 60 days' written notice to the other party hereto.""]",,[],perpetual,[],,['This Agreement shall be governed by and construed in accordance with the laws of the Commonwealth of Pennsylvania.'],Pennsylvania
FEDERATEDGOVERNMENTINCOMESECURITIESINC_04_28_2020-EX-99.SERV AGREE-SERVICES AGREEMENT_SECONDAMENDMENT.pdf,['SECOND AMENDMENT TO SERVICES AGREEMENT'],SECOND AMENDMENT TO SERVICES AGREEMENT,"['Adviser', 'FASC', 'FEDERATED ADVISORY SERVICES COMPANY', 'FEDERATED INVESTMENT MANAGEMENT COMPANY']","FEDERATED INVESTMENT MANAGEMENT COMPANY (""Adviser""); FEDERATED ADVISORY SERVICES COMPANY (""FASC"")","['March 1, 2016']",3/1/16,"['March 1, 2016']",3/1/16,[],,[],,[],,['This Second Amendment shall be governed by and construed in accordance with the laws of the Commonwealth of Pennsylvania.'],Pennsylvania
FEDERATEDGOVERNMENTINCOMESECURITIESINC_04_28_2020-EX-99.SERV AGREE-SERVICES AGREEMENT_POWEROF.pdf,['LIMITED POWER OF ATTORNEY'],LIMITED POWER OF ATTORNEY,"['Adviser', 'FASC', 'FEDERATED ADVISORY SERVICES COMPANY', 'FEDERATED INVESTMENT MANAGEMENT COMPANY']","FEDERATED INVESTMENT MANAGEMENT COMPANY (""Adviser""); FEDERATED ADVISORY SERVICES COMPANY (""FASC"")","['January 1, 2004']",1/1/04,[],,"[""This Limited Power of Attorney shall be revoked and terminated automatically upon the cancellation or termination of the Services Agreement or as to any Fund upon the cancellation or termination of the Adviser's Investment Advisory Contract for such Fund.""]",,[],,[],,['This Limited Power of Attorney shall be governed and construed in accordance with the laws of the Commonwealth of Pennsylvania without reference to principles of conflicts of laws.'],Pennsylvania
FEDERATEDGOVERNMENTINCOMESECURITIESINC_04_28_2020-EX-99.SERV AGREE-SERVICES AGREEMENT_AMENDMENT.pdf,['AMENDMENT TO SERVICES AGREEMENT'],AMENDMENT TO SERVICES AGREEMENT,"['Adviser', 'FASC', 'FEDERATED ADVISORY SERVICES COMPANY', 'FEDERATED INVESTMENT MANAGEMENT COMPANY']","FEDERATED INVESTMENT MANAGEMENT COMPANY (""Adviser""); FEDERATED ADVISORY SERVICES COMPANY (""FASC"")","['March 30, 2009']",3/30/09,"['March 30, 2009']",3/30/09,[],,[],,[],,['This Amendment shall be governed by and construed in accordance with the laws of the Commonwealth of Pennsylvania.'],Pennsylvania
WESTERN COPPER - NON-COMPETITION AGREEMENT.PDF,['NON COMPETITION AGREEMENT AND RIGHT OF FIRST OFFER'],NON COMPETITION AGREEMENT AND RIGHT OF FIRST OFFER,"['GLAMIS GOLD LTD.', 'Glam is', 'Bach of the parties hereto agree that all of their covenants, agreements and obligations hereunder shall extend to and be binding upon and may be enforced against any and  all of their respective subsidiaries and other Affiliates, as well as against the parties themselves,  as the case may be, and that the names of Glamis and Western Copper will herein be deemed to  refer collectively to Glamis and all of its subsidiaries and other Affiliates and to Western Copper  and all of its subsidiaries and other Affiliates, respectively.', 'WESTERN COPPER CORPORATION', 'Western Copper']","Glamis Gold Ltd. and all of its subsidiaries and other Affiliates (""Glamis""); Western Copper Corporation and all of its subsidiaries and other Affiliates (""Western Copper"")","['May 3,2006']",5/3/06,"['Effective Date means May 3, 200ri or such later date as determined under the  Arrangement Agreement,']",5/3/06,[],,[],,[],,"['4.8 This Agreement will be governed exclusively by and construed in accordance  with the laws of the Province of British Columbia, and the parties attorn to the exclusive  jurisdiction of the Courts of British Columbia.']",British Columbia
"INNOVIVA,INC_08_07_2014-EX-10.1-COLLABORATION AGREEMENT.PDF","['COLLABORATION AGREEMENT (""']",COLLABORATION AGREEMENT (“,"['THERAVANCE, INC.', 'GLAXO GROUP LIMITED', 'Theravance and GSK may be referred to as a ""Party"" or together, the ""Parties"".', 'GSK', 'Theravance']","Theravance, Inc. (""Theravance""); Glaxo Group Limited (""GSK""); (Theravance and GSK, a “Party” or together, the “Parties”)","['November 14, 2002,']",11/14/02,[],,"['Unless otherwise mutually agreed to by the Parties, this Agreement shall commence on the Effective Date and shall end upon expiration of the Term, unless terminated early as contemplated hereunder.', '""Term"" means, on a Country-by-Country and Collaboration Product-by-Collaboration Product basis, the period from the Effective Date until the later of (a) the expiration or termination of the last Valid Claim of a Patent Right covering the Pooled Compound in such Collaboration Product in such Country, and (b) fifteen (15) years from First Commercial Sale in such Country, unless this Agreement is terminated earlier in accordance with Article 14.']",,[],,[],,"['This Agreement shall be construed, and the respective rights of the Parties determined, according to the substantive law of the State of Delaware notwithstanding the provisions governing conflict of laws under such Delaware law to the contrary, except matters of intellectual property law which shall be determined in accordance with the intellectual property laws relevant to the intellectual property in question.']",Delaware
"FOUNDATIONMEDICINE,INC_02_02_2015-EX-10.2-Collaboration Agreement.PDF",['Collaboration Agreement'],Collaboration Agreement,"['Foundation Medicine, Inc', 'F. Hoffmann-La Roche Ltd', 'FMI', '(""Roche US""; Roche Basel and Roche US together referred to as ""Roche"")', 'Roche Basel', 'Hoffmann-La Roche Inc']","F. Hoffmann-La Roche Ltd (""Roche Basel""); Hoffmann-La Roche Inc. (“Roche US”)(Roche Basel and Roche US together referred to as “Roche”); Foundation Medicine, Inc. (""FMI"")",[],,"['The term ""Effective Date"" shall mean the latest of (a) the date of the last signature of this Agreement, or (b) if a HSR filing is made, the second Business Day immediately following the earlier of: (i) the date upon which the waiting period under HSR expires or terminates early or (ii) the date upon which all requests to the Parties by the Federal Trade Commission or the Justice Department, as the case may be, with regard to the transaction contemplated by this Agreement<omitted>have been satisfactorily met and no objection on the part of the Federal Trade Commission or the Justice Department remains, or (c) the occurrence of the Acceptance Time (as defined in the Transaction Agreement).']",,"['The term of the CDx Development Program shall be five (5) years.', 'The term for Database Insights under Section 3.1.8 shall commence on the Effective Date and continue for five (5) years thereafter (the ""Database Insights Term"").', 'The term ""Agreement Term"" shall mean the period of time commencing on the Effective Date and, unless this Agreement is terminated sooner as provided in Article 17, expiring on the date when all work has been completed or terminated under all R&D Plans.', 'The initial term of the Immunotherapy Testing Platform Development Program will be five (5) years beginning on the Effective Date.', 'The term for Sample Profiling set forth in Section 3.1.4 shall commence on the Effective Date and continue for five (5) years thereafter (the ""Profiling Term"").', 'This Agreement shall commence upon the Effective Date and continue for the Agreement Term.', 'The initial term of the ctDNA Platform Development Program will be twelve (12) months.']",,"['Roche shall have the right to extend the term of the CDx Development Program, upon […***…] prior written notice to FMI as specified in Section 19.13, for additional three (3) year periods, during any period of time in which Roche is a majority shareholder of FMI.', 'Roche shall have the right to extend the Immunotherapy Testing Platform Development Program, upon [...***...] written notice to FMI as specified in Section 19.13, for up to six (6)<omitted>additional one (1) year periods, during any period of time in which Roche is a majority shareholder of FMI (each a ""Signature Identification Renewal Term""), provided, for clarity, that during any Signature Identification Renewal Term, FMI\'s obligations under Section 16.1 shall continue to apply to any signature identified under this Agreement but that exclusivity under Section 3.2.8 shall not apply to the Immuno-Biomarker Discovery Platform.', 'The Database Insights<omitted>Term may be extended at Roche\'s option, upon […***…] notice to FMI as specified in Section 19.13, for additional three (3) year periods, during any period of time in which Roche is a majority shareholder of FMI (each a ""Database Renewal Term"").']",,[],,"['This Agreement shall be governed by and construed in accordance with the laws of New York, US, without reference to its conflict of laws principles, and shall not be governed by the United Nations Convention of International Contracts on the Sale of Goods (the Vienna Convention).']",New York
"NOVOINTEGRATEDSCIENCES,INC_12_23_2019-EX-10.1-JOINT VENTURE AGREEMENT.PDF",['JOINT VENTURE AGREEMENT'],JOINT VENTURE AGREEMENT,"['Harvest Gold Farms Inc.,', 'Novo Integrated Sciences Inc.', 'NVOS and HGF may be referred to herein collectively as the ""Parties"" and separately as a ""Party.""', 'HGF', '""NVOS"")']",Novo Integrated Sciences Inc. (“NVOS”); Harvest Gold Farms Inc. (“HGF”); NVOS and HGF (collectively as the “Parties” and separately as a “Party”),"['December 19, 2019']",12/19/19,"['""Effective Date"" is the date of the most recent final signature on this Agreement.<omitted>December 19, 2019']",12/19/19,"['The initial term of this Agreement shall, unless sooner terminated by consent of all parties, expires in five (5) years from the date of Effective Date.']",12/19/24,"['NVOS and HGF may renew the Agreement within two (2) years of the expiry of the initial term upon mutual understanding.', 'It is understood that a subsequent renewal of a five (5) year term will be negotiated in good faith and shall carry terms very close to the original Agreement.']",,[],,[],
"TRANSPHORM,INC_02_14_2020-EX-10.12(1)-JOINT VENTURE AGREEMENT.PDF",['JOINT VENTURE AGREEMENT'],JOINT VENTURE AGREEMENT,"['AFSL', 'TPH', 'Aizu Fujitsu Semiconductor Limited', 'collectively referred to as the ""Parties"" and individually, a ""Party""', 'Japan, Fujitsu Semiconductor Limited', 'FSL', 'Transphorm, Inc.']","AizuFujitsu Semiconductor Limited (“AFSL”); Fujitsu Semiconductor Limited (“FSL”); Transphorm, Inc. (“TPH”); AizuFujitsu Semiconductor Limited, Fujitsu Semiconductor Limited, Transphorm, Inc. (collectively referred to as the “Parties” and individually, a “Party”)","['23rd day of May, 2017']",5/23/17,"['""Effective Date"" means the date that the Initial Closing occurs.']",,[],,[],,[],,"['The English text of this Agreement shall control any interpretation of its provisions, and this Agreement and the legal relations among the Parties and the Company shall in all respects be interpreted, construed and governed by and in accordance with the laws of Japan.']",Japan
VALENCETECHNOLOGYINC_02_14_2003-EX-10-JOINT VENTURE CONTRACT.PDF,['JOINT VENTURE CONTRACT'],JOINT VENTURE CONTRACT,"['Party A', 'Baoding Fengfan Group Limited Liability Company', 'Valence Technology, Inc.', 'Party B']","Baoding Fengfan Group Limited Liability Company (""Party A""); Valence Technology, Inc. (""Party B"")","['November 8, 2002']",11/8/02,"['""Effective Date"" means the effective date of this Contract, which shall be the date on which this Contract and the Articles of Association have been approved by the Examination and Approval Authority.', 'This Contract shall take effect after it is approved by the Examination and Approval Authority.']",,['The Contract Term shall extend for a period of fifty (50) years.'],,[],,[],,"[""The formation, validity, interpretation and implementation of this Contract, and any disputes arising under this Contract, shall be governed by the published laws of the People's Republic of China.""]",People's Republic of China
"VIVINT SOLAR, INC. - NON-COMPETITION AGREEMENT.PDF",['NON-COMPETITION AGREEMENT AMENDMENT NO. 1'],NON-COMPETITION AGREEMENT AMENDMENT NO. 1,"['together with its successors and permitted assigns ""Vivint""', 'Each of Vivint Solar and Vivint may also be referred to herein individually as a ""Party"", and collectively as the ""Parties"".', 'VIVINT, INC.', 'together with its successors and permitted assigns, ""Vivint Solar""', 'VIVINT SOLAR, INC.']","VIVINT SOLAR, INC. (together with its successors and permitted assigns, “VivintSolar”); VIVINT, INC. (together with its successors and permitted assigns “Vivint”) Vivint Solar and Vivint (individually as a “Party”, and collectively as the “Parties”)","['August 16, 2017']",8/16/17,[],,"['This Agreement will become effective on the Effective Date, and will continue until the expiration of the ""Sales Term"" as that term is defined in the Sales Dealer Agreement dated as of August 16, 2017 between Vivint and Vivint Solar Developer, LLC (the ""Term"").""']",,[],,[],,[],
Quaker Chemical Corporation - NON COMPETITION AND NON SOLICITATION AGREEMENT.PDF,['NON-COMPETITION AND NON-SOLICITATION AGREEMENT'],NON-COMPETITION AND NON-SOLICITATION AGREEMENT,"['(""Gulf Houghton""', '""Gulf International"")', 'Quaker Chemical Corporation', '""Gulf Oil"" and, together with Gulf Houghton and Gulf International, the ""Sellers"" and each, a ""Seller"")', 'GOCL Corporation Limited,', 'Gulf Oil Lubricants India, Ltd, a public limited company incorporated in India (""Gulf India""), is executing this Agreement solely for purposes of Section 1(c) [Confidentiality; Non-competition; Non-solicitation].', 'Gulf Oil International Limited,', 'Gulf Houghton Lubricants Ltd.,', '""Buyer"")']","Quaker Chemical Corporation (“Buyer”); Gulf Houghton Lubricants Ltd. (“Gulf Houghton”); Gulf Oil International Limited (“GulfInternational”); GOCL Corporation Limited (“Gulf Oil” and, together with Gulf Houghton andGulf International, the “Sellers” and each, a “Seller”); Gulf Oil Lubricants India, Ltd (“Gulf India”), solely for purposes of Section 1(c)[Confidentiality; Non-competition; Non-solicitation]","['August 1, 2019']",8/1/19,"['August 1, 2019']",8/1/19,[],,[],,[],,['THIS AGREEMENT SHALL BE GOVERNED BY AND CONSTRUED IN ACCORDANCE WITH THE INTERNAL LAWS OF THE COMMONWEALTH OF PENNSYLVANIA WITHOUT GIVING EFFECT TO ANY CHOICE OR CONFLICT OF LAW PROVISION OR RULE (WHETHER OF THE COMMONWEALTH OF PENNSYLVANIA OR ANY OTHER JURISDICTION).'],Pennsylvania
MOELIS&CO_03_24_2014-EX-10.19-STRATEGIC ALLIANCE AGREEMENT.PDF,['STRATEGIC ALLIANCE AGREEMENT'],STRATEGIC ALLIANCE AGREEMENT,"['SMBC Nikko Securities Inc.', 'SMBC, Nikko, Moelis Holdings and Moelis General Partner are each referred to herein as a ""party"" and collectively referred to as the ""parties', 'Moelis & Company Holdings GP LLC', '""Moelis General Partner"", and together with Moelis Holdings, the ""Moelis Entities""', 'Sumitomo Mitsui Banking Corporation', 'Moelis Holdings', '""Nikko"" and together with SMBC, ""SMBC/Nikko""', 'SMBC', 'Moelis & Company Holdings LP']","Sumitomo Mitsui Banking Corporation (“SMBC”); SMBCNikko Securities Inc. (“Nikko” and together with SMBC, “SMBC/Nikko”); Moelis & Company Holdings LP (“Moelis Holdings”); Moelis & Company Holdings GP LLC, (“Moelis General Partner”, and together with Moelis Holdings, the “MoelisEntities”); SMBC, Nikko, Moelis Holdings and Moelis General Partner (each a “party” and collectively referred to as the “parties"")","['December 27, 2011']",12/27/11,"['This Agreement shall be effective as of January 1, 2012 (the ""Effective Date""), provided, however, that, ARTICLE XII and ARTICLE XIII shall not be effective until after the Closing.']",1/1/12,"['The initial term of this Agreement shall begin on the Effective Date and continue for three (3) years, subject to the prior termination rights provided below.']",1/1/15,"['At the end of such initial term, and any renewed term, as applicable, this Agreement shall automatically renew for an additional one (1) year term, unless a party provides written notice to the other parties at least six (6) months prior to the end of the<omitted>initial term.']",1 year,"['At the end of such initial term, and any renewed term, as applicable, this Agreement shall automatically renew for an additional one (1) year term, unless a party provides written notice to the other parties at least six (6) months prior to the end of the<omitted>initial term.']",6 months,"['This Agreement shall be governed by, and construed in accordance with, the laws of the State of New York without regard to principles of conflict of laws.']",New York
ENERGOUSCORP_03_16_2017-EX-10.24-STRATEGIC ALLIANCE AGREEMENT.PDF,['STRATEGIC ALLIANCE AGREEMENT'],STRATEGIC ALLIANCE AGREEMENT,"['Dialog Semiconductor (UK) Ltd.', 'Energous Corporation', 'ENERGOUS', 'DIALOG']",Dialog Semiconductor (UK) Ltd. (“DIALOG”); Energous Corporation (“ENERGOUS”),"['November 6, 2016']",11/6/16,"['November 6, 2016']",11/6/16,"['Unless earlier terminated as provided herein, this Agreement continues in effect for an initial term of seven (7) years (""Initial Term"") and will automatically renew for one or more annual periods after the Initial Term (each a ""Renewal Term"") unless either party gives notice of non-renewal at least one hundred eighty (180) days prior to the beginning of any Renewal Term.']",11/6/23,"['Unless earlier terminated as provided herein, this Agreement continues in effect for an initial term of seven (7) years (""Initial Term"") and will automatically renew for one or more annual periods after the Initial Term (each a ""Renewal Term"") unless either party gives notice of non-renewal at least one hundred eighty (180) days prior to the beginning of any Renewal Term.']",successive 1 year,"['Unless earlier terminated as provided herein, this Agreement continues in effect for an initial term of seven (7) years (""Initial Term"") and will automatically renew for one or more annual periods after the Initial Term (each a ""Renewal Term"") unless either party gives notice of non-renewal at least one hundred eighty (180) days prior to the beginning of any Renewal Term.']",180 days,"['This Agreement will be governed by and construed in accordance with the laws of the State of California, exclusive of conflict of laws principles.', 'This Letter of Authorization will be governed by and construed in accordance with the laws of California, excluding its conflict of laws provisions, and be subject to the non-exclusive jurisdiction of the California courts.']",California
"BORROWMONEYCOM,INC_06_11_2020-EX-10.1-JOINT VENTURE AGREEMENT.PDF",['JOINT VENTURE AGREEMENT'],JOINT VENTURE AGREEMENT,"['BorrowMoney.com, inc', '(individually the ""Member"" and collectively the ""Members""', 'JVLS, LLC']","BorrowMoney.com, inc.; JVLS, LLC;  BorrowMoney.com, inc.; JVLS, LLC (individually the ""Member"" and collectively the ""Members"")","['20th day of Friday, March 2020']",3/20/20,"['The duration of this Venture (the ""Term"") will begin on March 1, 2020 and continue in full force and effect until February 28, 2025 or as otherwise provided in this Agreement.']",3/1/20,"['The duration of this Venture (the ""Term"") will begin on March 1, 2020 and continue in full force and effect until February 28, 2025 or as otherwise provided in this Agreement.']",2/28/25,[],,[],,"['By this Agreement the Members enter into a joint venture (the ""Venture"") in accordance with the laws of the State of Florida.']",
"VEONEER,INC_02_21_2020-EX-10.11-JOINT VENTURE AGREEMENT.PDF",['AMENDMENT AND TERMINATION OF JOINT VENTURE AGREEMENT'],"AMENDMENT AND TERMINATION 

OF 

JOINT VENTURE AGREEMENT","['Zhongshan Nissin Industry Co., Ltd.', 'Nissin Kogyo Holdings', 'Nissin', '""NBZ"" and together with Nissin and Nissin Holding, the ""Nissin Parties""', '""Veoneer US"" and together with Veoneer AB, the ""Veoneer Parties""', 'Nissin Kogyo Co., Ltd.', '""Nissin Holding"")', 'Veoneer AB', 'Veoneer US, Inc.', 'USA, Inc.']","Veoneer AB (“VeoneerAB”); Veoneer US, Inc. (“Veoneer US"", and together with Veoneer AB, the “Veoneer Parties”); Nissin Kogyo Co., Ltd. (“Nissin”); Nissin Kogyo Holdings USA, Inc. (“NissinHolding”); Zhongshan Nissin Industry Co., Ltd. (“NBZ”, and together with Nissin andNissin Holding, the “Nissin Parties”)","['October 30, 2019']",10/30/19,"['October 30, 2019', 'This Amendment shall only become effective upon the VNBJ Closing with respect to Article 1.1 and the VNBZ Closing with respect to Article 1.2, and shall terminate without any force or effect in the event that the VNBJ SPA and the VNBZ SPA are terminated in accordance with the terms thereof.']",10/30/19,"['This Amendment shall only become effective upon the VNBJ Closing with respect to Article 1.1 and the VNBZ Closing with respect to Article 1.2, and shall terminate without any force or effect in the event that the VNBJ SPA and the VNBZ SPA are terminated in accordance with the terms thereof.']",,[],,[],,['This Amendment shall be governed by and construed in accordance with the laws of Japan.'],Japan
"KIROMICBIOPHARMA,INC_04_08_2020-EX-10.28-JOINT VENTURE AGREEMENT.PDF",['JOINT VENTURE AGREEMENT'],JOINT VENTURE AGREEMENT,"['KIROMIC BIOPHARMA Inc.', 'MOLIPHARMA S.R.L.', 'each a Party and, together, the Parties.']","KIROMIC BIOPHARMA Inc.; MOLIPHARMA S.R.L. (""Party"" and, together, the ""Parties"")",['2 April 2020'],4/2/20,"['This JV Agreement shall become effective on the signing date and shall have a duration of * years, extendable for a further * years, unless notice of non- renewal is sent one year before the natural expiry date.<omitted>2 April 2020']",4/2/20,"['This JV Agreement shall become effective on the signing date and shall have a duration of * years, extendable for a further * years, unless notice of non- renewal is sent one year before the natural expiry date.']",perpetual,"['This JV Agreement shall become effective on the signing date and shall have a duration of * years, extendable for a further * years, unless notice of non- renewal is sent one year before the natural expiry date.']",successive [] years,"['This JV Agreement shall become effective on the signing date and shall have a duration of * years, extendable for a further * years, unless notice of non- renewal is sent one year before the natural expiry date.']",1 year,"['All disputes arising out of or in connection with this Agreement shall be finally settled under the Rules of Arbitration of the International Chamber of Commerce by one or more arbitrators appointed in accordance with the said Rules. Any such arbitration shall (i) be subject to the application of the Italian Law, (ii) take place in Paris, France and (iii) be conducted in English.']",Italy
IMPCOTECHNOLOGIESINC_04_15_2003-EX-10.65-JOINT VENTURE AGREEMENT.PDF,['JOINT VENTURE AGREEMENT'],JOINT VENTURE AGREEMENT,"[""'MIL', which terms shall unless repugnant to the subject or context mean and include its successors and permitted assigns"", 'Mr. Nirmal K. MINDA', 'MINDA INDUSTRIES LIMITED', ""'IMPCO', which terms shall unless repugnant to the subject or context mean and include its successors and permitted assigns"", 'IMPCO Technologies Inc.', ""'MINDA', which terms shall unless repugnant to the subject or context mean and include his heirs, executors, administrators or successors and permitted assigns""]","IMPCO Technologies Inc. including its successors and permitted assigns (""IMPCO""); MINDA INDUSTRIES LIMITED including its successors and permitted assigns (""MIL""), Nirmal K. MINDA including his heirs, executors, administrators or successors and permitted assigns (""MINDA"")","['18th day of May, 2001']",5/18/01,['This Agreement shall become effective on the date of execution and shall continue in force and effect for an indefinite term thereafter unless terminated pursuant to the provisions of Article 16 or by all the Parties in writing.'],5/18/01,['This Agreement shall become effective on the date of execution and shall continue in force and effect for an indefinite term thereafter unless terminated pursuant to the provisions of Article 16 or by all the Parties in writing.'],perpetual,[],,[],,['his Agreement shall be governed by and construed in accordance with the laws of India and the Delhi Courts shall have exclusive jurisdiction over any legal proceedings in respect of this Agreement.'],India
GULFSOUTHMEDICALSUPPLYINC_12_24_1997-EX-4-AFFILIATE AGREEMENT.PDF,['AFFILIATE AGREEMENT'],AFFILIATE AGREEMENT,"['Physician Sales & Service, Inc.', 'PSS', 'Gulf South Medical Supply, Inc.', 'PSS Merger Corp.', 'GSMS']","Gulf South Medical Supply, Inc. (""GSMS""); Physician Sales & Service, Inc. (""PSS""); PSS Merger Corp.","['AGREED TO AND ACCEPTED as of December 14, 1997', 'This Affiliate Agreement is executed as of the 14th day of December, 1997.']",12/14/97,[],,[],,[],,[],,['This Affiliate Agreement shall be governed by the laws of the State of Delaware.'],Delaware
AFSALABANCORPINC_08_01_1996-EX-1.1-AGENCY AGREEMENT.PDF,['AGENCY AGREEMENT'],AGENCY AGREEMENT,"['Federal  Deposit Insurance  Corporation', 'Amsterdam  Federal Savings and Loan  Association', 'FDIC', 'SAIF', 'Capital Resources', 'Association', 'Capital Resources, Inc.', 'AFSALA  Bancorp,  Inc.', 'Company', 'Savings Association   Insurance  Fund']","(AFSALA  Bancorp,  Inc. (the  ""Company""); Amsterdam Federal Savings and Loan Association (""Association""); Savings Association Insurance Fund (""SAIF""); Federal  Deposit Insurance Corporation (""FDIC""); Capital Resources, Inc. (""Capital Resources""))","['____________, 1996']",[]/[]/1996,[],,[],,[],,[],,['This Agreement shall be construed  in accordance with the laws of the District of Columbia.'],District of Columbia
ALAMOGORDOFINANCIALCORP_12_16_1999-EX-1-AGENCY AGREEMENT.PDF,['AGENCY AGREEMENT'],AGENCY AGREEMENT,"['Alamogordo   Financial   Corporation', 'AF Mutual Holding Company', 'Bank', 'Agent', 'Savings  Association Insurance  Fund', 'FDIC', 'SAIF', 'Federal   Deposit   Insurance Corporation', 'Alamogordo Federal Savings and Loan Association', 'MHC', 'Company', 'Charles Webb & Company', 'Bruyette & Woods, Inc.']","(Alamogordo Financial Corporation (""Company""); AF Mutual Holding Company (""MHC""); Alamogordo Federal Savings and Loan Association (""Bank""); Savings  Association Insurance Fund (""SAIF""); Federal Deposit Insurance Corporation (""FDIC""); Charles Webb & Company; Bruyette & Woods,  Inc. (""Agent""))","['___________ __, 2000']",[]/[]/2000,"['___________ __, 2000']",[]/[]/2000,[],,[],,[],,['This  Agreement  shall  be  construed  in accordance with the laws of the State of Kansas.'],Kansas
ALCOSTORESINC_12_14_2005-EX-10.26-AGENCY AGREEMENT.PDF,['AGENCY AGREEMENT'],AGENCY AGREEMENT,"['Lessor', 'together with its successors and assigns, if any, ""Lessor""', 'General Electric Capital Corporation', 'Company', 'Duckwall-Alco Stores, Inc.']","General Electric Capital Corporation together with its successors and assigns, if any (“Lessor”); Duckwall-Alco Stores, Inc. (the “Company”)","['November 9, 2005']",11/9/05,[],,[],perpetual,[],,[],,[],
ALLIANCEBANCORPINCOFPENNSYLVANIA_10_18_2006-EX-1.2-AGENCY AGREEMENT.PDF,['AGENCY AGREEMENT'],AGENCY AGREEMENT,"['Bank', 'Agent', 'Alliance Mutual Holding Company', 'Alliance Bancorp, Inc. of Pennsylvania', ""Sandler O'Neill & Partners, L.P."", 'Greater Delaware Valley Holdings', 'Greater Delaware Valley Savings Bank d/b/a Alliance Bank', ""Sandler O'Neill"", 'PA MHC', 'Company', 'Federal MHC']","(Greater Delaware Valley Holdings (“PA MHC”); Alliance Mutual Holding Company (“Federal MHC”); Alliance Bancorp, Inc. of Pennsylvania (“Company""); Greater Delaware Valley Savings Bank d/b/a Alliance Bank (“Bank”); Sandler O’Neill & Partners, L.P. (“Sandler O’Neill” or “Agent”))","['November ___, 2006']",11/[]/2006,[],,[],,[],,[],,['This Agreement shall be governed by and construed in accordance with the laws of the State of New York applicable to agreements made and to be performed in said State without regard to the conflicts of laws provisions thereof.'],New York
AMERICANPHYSICIANSCAPITALINC_03_31_2003-EX-10.26-AGENCY AGREEMENT.PDF,['AGENCY AGREEMENT'],AGENCY AGREEMENT,"['Stratton, Cheeseman & Walsh-Nevada, Inc.', 'Mutual Insurance Corporation of America', 'Agency', 'MICOA', 'sometimes commonly referred to as the Parties']","Mutual Insurance Corporation of America (MICOA); Stratton, Cheeseman & Walsh-Nevada, Inc. (""Agency""); (sometimes commonly referred to as the Parties)","['25th day of May, 1999.']",5/25/99,"['Signed and effective this 25th day of May, 1999.']",5/25/99,"[""This agreement shall terminate:\n\n                  a.       Automatically if any public authority cancels or                            declines to renew the Agency's license or Certificate                            of Authority.\n\n                  b.       Immediately if either party gives detailed written                            notice to the other of alleged gross and willful                            misconduct, fraud or material misrepresentation.""]",Perpetual,"['This Agreement shall terminate, subject to any automatic                   renewal or extension for one year as required by law, upon                   either party giving at least one hundred twenty (120) days                   advance written notice to the other, if not otherwise contrary                   to applicable law or this Agreement.']",1 year,"['This Agreement shall terminate, subject to any automatic                   renewal or extension for one year as required by law, upon                   either party giving at least one hundred twenty (120) days                   advance written notice to the other, if not otherwise contrary                   to applicable law or this Agreement.']",120 days,['This Agreement shall be interpreted under the                   laws of the State of Nevada.'],Nevada
BANUESTRAFINANCIALCORP_09_08_2006-EX-10.16-AGENCY AGREEMENT.PDF,['AGENCY AGREEMENT'],AGENCY AGREEMENT,"['El Banco Financial Corporation', 'Agent', 'sales agent', '""Agent"" or ""you""', 'Company']","El Banco Financial Corporation (the ""Company""); sales agent (the ""Agent"" or ""you"")","[', 2006']",[]/[]/2006,"[', 2006']",[]/[]/2006,['This Agreement shall become effective on the date hereof and shall terminate upon the termination of the Offering.'],,[],,[],,['THIS AGREEMENT IS TO BE CONSTRUED IN ACCORDANCE WITH AND GOVERNED BY THE LAWS OF THE STATE OF GEORGIA (WITHOUT REGARD TO THOSE LAWS RELATING TO CHOICE OF LAW) APPLYING TO CONTRACTS ENTERED INTO AND TO BE PERFORMED WITHIN THE STATE OF GEORGIA.'],Georgia
BIOPURECORP_06_30_1999-EX-10.13-AGENCY AGREEMENT.PDF,['AGENCY AGREEMENT'],AGENCY AGREEMENT,"['Agent', 'Biopure Corporation', 'Company']","Biopure Corporation (""Company""); Agent (""Agent"")","['March 29, 1999']",3/29/99,"['March 29, 1999', 'This Agreement will become effective as of the date first written above and will continue in effect thereafter until terminated pursuant to Paragraph 4.2 below']",3/29/99,['This Agreement will become effective as of the date first written above and will continue in effect thereafter until terminated pursuant to Paragraph 4.2 below.'],perpetual,[],,[],,['This Agreement and all related business transactions will be governed by the laws of the Commonwealth of Massachusetts (without reference to principles of conflicts or choice of law which would cause the application of the internal laws of any other jurisdiction).'],Massachusetts
"BLUEHILLSBANCORP,INC_05_20_2014-EX-1.1-AGENCY AGREEMENT.PDF",['AGENCY AGREEMENT'],AGENCY AGREEMENT,"['Bank', 'Agent', 'Hyde Park Bancorp, MHC', 'Holding Company', 'MHC', 'Hyde Park Bancorp, Inc.', 'Blue Hills Bancorp, Inc.', 'Blue Hills Bank', 'Bruyette & Woods, Inc.', 'Mid\xadTier']","Blue Hills Bancorp, Inc. (“Holding Company”); Hyde Park Bancorp, MHC (“MHC”); Hyde Park Bancorp, Inc. (“Mid­Tier”); Blue Hills Bank (“Bank”); Bruyette & Woods, Inc. (“Agent”)","['May 14, 2014']",5/14/14,"['May 14, 2014']",5/14/14,[],,[],,[],,['This Agreement shall be governed by and construed in accordance with the laws of the State of New York without regard to principles of conflicts of law.'],New York
"BLUEROCKRESIDENTIALGROWTHREIT,INC_06_01_2016-EX-1.1-AGENCY AGREEMENT.PDF",['AGENCY AGREEMENT'],AGENCY AGREEMENT,"['Compass Point Research & Trading, LLC', 'Company', 'Agent', 'Transaction Entities', 'BRG Manager, LLC', 'Bluerock Residential Growth REIT, Inc.', 'Bluerock Residential Holdings, L.P.', 'Manager', 'Operating Partnership']","Bluerock Residential Growth REIT, Inc. (“Company”); Bluerock Residential Holdings, L.P. (“Operating Partnership”) (collectively, Company, and Bluerock Residential Growth REIT, Inc. are referred to as the “Transaction Entities”); BRG Manager, LLC (“Manager”); Compass Point Research & Trading, LLC (“Agent”)","['May 25, 2016']",5/25/16,"['May 25, 2016']",5/25/16,[],,[],,[],,"['This Agreement shall be governed by, and construed in accordance with, the laws of the State of New York.']",New York
AURASYSTEMSINC_06_16_2010-EX-10.25-STRATEGIC ALLIANCE AGREEMENT.PDF,['STRATEGIC ALLIANCE AGREEMENT'],STRATEGIC ALLIANCE AGREEMENT,"['AURA  SYSTEMS INC.', '(collectively the ""Parties"")', 'ZANOTTI EAST INC.', 'Aura', 'Zanotti']","AURA SYSTEMS INC. (""Aura""); ZANOTTI EAST INC. (""Zanotti"") (collectively the “Parties”)","['March 18, 2010']",3/18/10,"['March 18, 2010']",3/18/10,"['This Agreement shall be for a period of five (5) years commencing upon the Effective Date hereof unless sooner terminated in  accordance with this Agreement (the ""Initial Term"").']",3/18/15,"[""Unless terminated prior to the natural expiration of the Initial Term, upon the expiry of the  Initial Term this Agreement shall automatically renew for successive terms of the same duration, unless either party gives written notice to the  other of such party's desire not to renew not less than ninety (90) days prior to the date of the expiration of the Initial Term or any\n\n\n\n\n\n\n\n\n\n  successive term thereafter.""]",successive 5 years,"[""Unless terminated prior to the natural expiration of the Initial Term, upon the expiry of the  Initial Term this Agreement shall automatically renew for successive terms of the same duration, unless either party gives written notice to the  other of such party's desire not to renew not less than ninety (90) days prior to the date of the expiration of the Initial Term or any\n\n\n\n\n\n\n\n\n\n  successive term thereafter.""]",90 days,"['This Agreement is deemed made and entered into in the State of California and shall be construed, enforced and performed in  accordance with the laws of the State of California, without reference, to choice of law.']",California
CHERRYHILLMORTGAGEINVESTMENTCORP_09_26_2013-EX-10.1-Strategic Alliance Agreement.PDF,['Strategic Alliance Agreement'],Strategic Alliance Agreement,"['Cherry Hill', 'Freedom Mortgage', 'Freedom Mortgage Corporation', 'Cherry Hill Mortgage Investment Corp.']","Freedom Mortgage Corporation (""Freedom Mortgage""); Cherry Hill Mortgage Investment Corp. (""Cherry Hill"")","[', 2013']",[]/[]/2013,[],,"['Unless earlier terminated as provided below, this Agreement shall remain in effect until the later to occur of the date that is (x) three (3) years from the date hereof and (y) the date on which an affiliate of Freedom Mortgage is not acting as the external manager of Cherry Hill.']",[]/[]/2016,[],,[],,"['This Agreement shall be governed by the laws of the State of New York, without giving effect to its principles of conflicts of laws, other than Section 5-1401 of the New York General Obligations Law.']",New York
ADAPTIMMUNETHERAPEUTICSPLC_04_06_2017-EX-10.11-STRATEGIC ALLIANCE AGREEMENT.PDF,['STRATEGIC ALLIANCE AGREEMENT'],STRATEGIC ALLIANCE AGREEMENT,"['MD Anderson and Adaptimmune each a ""Party"" and collectively the ""Parties""', 'The University of Texas M. D. Anderson Cancer Center', 'Adaptimmune', 'MD Anderson', 'Adaptimmune LLC', 'Adaptimmune Limited']","The University of Texas M. D. Anderson Cancer Center (""MD Anderson""); Adaptimmune LLC (""Adaptimmune""); Adaptimmune Limited (""Adaptimmune Limited""); (MD Anderson and Adaptimmune each a “Party” and collectively the “Parties”)","['23rd day of  September, 2016']",9/23/16,"['23rd day of  September, 2016']",9/23/16,"['The term of this Agreement shall be five (5) years following the Effective Date or until the Studies are completed, whichever is later,  unless extended or unless terminated earlier in accordance with the provisions hereof.', 'Term: This Study Order will continue until the Study is completed, which is expected to be ________ (__) months after the Effective Date, or until terminated early as provided in the Agreement.']",9/23/21,[],,[],,['Any disputes or claims arising under this Agreement shall be governed by the laws of the State of Texas.'],Texas
"COOLTECHNOLOGIES,INC_10_25_2017-EX-10.71-Strategic Alliance Agreement.PDF",['Strategic Alliance Agreement'],Strategic Alliance Agreement,"['VET TECH', 'VETERAN TECHNOLOGY GROUP, LLC', 'Cool Technologies Inc..', 'COOL TECH']","Cool Technologies Inc. (""COOL TECH""); VETERAN TECHNOLOGY GROUP, LLC (""VET TECH"")","['26t h day of May, 2017']",5/26/17,"['26t h day of May, 2017']",5/26/17,"[""This Agreement shall be effective as of the date first set forth above and, shall expire on the later of (i) five (5) years from the date hereof, or (ii) with respect to any projects identified in any contract for which VET TECH is billing the client directly, upon the completion of COOL TECH's Services and receipt of payment by COOL TECH from VET TECH for said services.""]",5/26/22,['This Agreement shall be automatically renewed for successive one year periods unless either party gives written notice of termination to the other party at least thirty (30) days prior to the date of expiration.'],successive 1 year,['This Agreement shall be automatically renewed for successive one year periods unless either party gives written notice of termination to the other party at least thirty (30) days prior to the date of expiration.'],30 days,['This Agreement shall be governed by and construed in accordance with the laws of the State of Missouri.'],Missouri
"DUOSTECHNOLOGIESGROUP,INC_04_21_2009-EX-10.1-STRATEGIC ALLIANCE AGREEMENT.PDF",['Strategic Alliance Agreement'],Strategic Alliance Agreement,"['System Associates, Inc.', 'Rubicon', 'Rubicon Software Group plc', 'ISA']","System Associates, Inc. (""ISA""); Rubicon Software Group plc (""Rubicon"")","['15 April, 2009']",4/15/09,"['15 April, 2009']",4/15/09,"['Unless terminated sooner, the term of this Agreement shall begin on the Effective Date and continue for three (3) years  thereafter (the ""Initial Term"") and shall automatically renew for additional one (1) year terms on the terms and conditions set forth herein (each a  ""Renewal Term"" and collectively, the ""Term"") unless either party gives the other Party Notice of its intention to terminate this Agreement ninety  (90) days before the end of the Initial Term or Renewal Term, if any.']",4/15/12,"['Unless terminated sooner, the term of this Agreement shall begin on the Effective Date and continue for three (3) years  thereafter (the ""Initial Term"") and shall automatically renew for additional one (1) year terms on the terms and conditions set forth herein (each a  ""Renewal Term"" and collectively, the ""Term"") unless either party gives the other Party Notice of its intention to terminate this Agreement ninety  (90) days before the end of the Initial Term or Renewal Term, if any.']",successive 1 year,"['Unless terminated sooner, the term of this Agreement shall begin on the Effective Date and continue for three (3) years  thereafter (the ""Initial Term"") and shall automatically renew for additional one (1) year terms on the terms and conditions set forth herein (each a  ""Renewal Term"" and collectively, the ""Term"") unless either party gives the other Party Notice of its intention to terminate this Agreement ninety  (90) days before the end of the Initial Term or Renewal Term, if any.']",90 days,"['This Agreement shall be governed by and interpreted under the laws of the State of Florida, USA,.']",Florida
ENTRUSTINC_07_24_1998-EX-10.5-STRATEGIC ALLIANCE AGREEMENT.PDF,['STRATEGIC ALLIANCE AGREEMENT'],STRATEGIC ALLIANCE AGREEMENT,"['NORTHERN TELECOM LIMITED', 'ENTRUST TECHNOLOGIES INC.', 'NTL', 'ETI']","NORTHERN TELECOM LIMITED (""NTL""); ENTRUST TECHNOLOGIES INC. (""ETI"")","['31 December,<omitted>1996']",12/31/96,[],,"['Except as otherwise provided in this Agreement, this                ----                                                       Agreement shall terminate on the later of (i) the third anniversary of the Effective Date or (ii) the date on which ETI ceases to be a Subsidiary of NTL.']",,[],,[],,"['This Agreement shall be governed by and be                --------- ----                                            construed in accordance with the laws of the Province of Ontario, Canada.']","Province of Ontario, Canada"
"FTENETWORKS,INC_02_18_2016-EX-99.4-STRATEGIC ALLIANCE AGREEMENT.PDF",['STRATEGIC ALLIANCE AGREEMENT'],STRATEGIC ALLIANCE AGREEMENT,"['FTE', 'EDGE Communications Solutions, LLC', 'FTE Networks, Inc.', 'EDGE', '""FTE"" or ""Subcontractor""']","EDGE Communication Solutions, LLC (""EDGE""); FRE Networks, Inc. (""FTE"", ""Subcontractor"")",['17t h day of February 2016'],2/17/16,['17t h day of February 2016'],2/17/16,"['THIS STRATEGIC ALLIANCE AGREEMENT (the ""Agreement""), made effective this 17t h day of February 2016, through February 16, 2019 (the ""Initial Term"") i']",2/16/19,"['After the Initial Term, this Agreement shall continue on a month to month basis until terminated by either party upon thirty (30) days prior written notice to the other setting forth the effective date of such termination.']",successive 1 month,"['After the Initial Term, this Agreement shall continue on a month to month basis until terminated by either party upon thirty (30) days prior written notice to the other setting forth the effective date of such termination.']",30 days,"['The construction, interpretation, and performance of this Agreement and all transactions under it shall be governed by the laws of the State of Texas, irrespective of its conflict of law principles.']",Texas
"GIGGLESN_HUGS,INC_06_23_2016-EX-10.2-STRATEGIC ALLIANCE AGREEMENT.PDF",['Strategic Alliance Agreement'],Strategic Alliance Agreement,"[""Giggles N' Hugs, Inc."", 'Consultant', 'Company""', 'Kiddo, Inc.']","Giggles N' Hugs, Inc. (""Company""); Kiddo, Inc. (""Consultant"")","['May 17, 2016']",5/17/16,"['May 17, 2016']",5/17/16,['Either party may terminate this agreement after 3 years following the effective date.'],5/17/19,[],,[],,"['This Agreement will be governed by and construed in accordance with the laws of the State of California excluding that body of law pertaining to conflict of laws, except with respect to issues governed by the copyright laws of the United States.']",California
GOLDRESOURCECORP_12_11_2008-EX-10.1-STRATEGIC ALLIANCE AGREEMENT.PDF,['STRATEGIC ALLIANCE AGREEMENT'],STRATEGIC ALLIANCE AGREEMENT,"['GRC', 'HOCHSCHILD MINING HOLDINGS LIMITED', 'the Company', 'GOLD RESOURCE CORPORATION', 'HOC']","GOLD RESOURCE CORPORATION (""GRC"", ""the Company""); HOCHSCHILD MINING HOLDINGS LIMITED (""HOC"")",['5th day of December 2008.'],12/5/08,[],,[],,[],,[],,"['This Agreement shall be construed and enforced in accordance with, and the rights of the parties shall be governed by, the laws of the State of New York and the laws of the United States applicable therein.']",New York
ICORECONNECTINC_10_13_2010-EX-7.1-Strategic Alliance Agreement.PDF,['Strategic Alliance Agreement'],Strategic Alliance Agreement,"['IMedicor, Inc', 'IMedicor', 'USA MCO', 'USA Managed Care Organization']","IMedicor, Inc (""IMedicor""); USA Managed Care Organization (""USA MCO"")","['15 th day of July, 2010']",7/15/10,"['15 th day of July, 2010']",7/15/10,"['This Agreement shall commence on the Effective Date of this Agreement and shall remain in effect for a period of 5 years (""Initial Term"").']",7/15/15,"['Thereafter, this Agreement shall be renewed automatically on a five (5) year basis, unless one party notifies the other of its desire to terminate this Agreement at least sixty 90 days prior to the expiration of the Initial Term or then current renewal term, as applicable, or unless a new Agreement is signed between the USA MCO and IMedicor which will then invalidate this Agreement.']",successive 5 years,"['Thereafter, this Agreement shall be renewed automatically on a five (5) year basis, unless one party notifies the other of its desire to terminate this Agreement at least sixty 90 days prior to the expiration of the Initial Term or then current renewal term, as applicable, or unless a new Agreement is signed between the USA MCO and IMedicor which will then invalidate this Agreement.']",90 days,['This Agreement shall be governed by the internal laws State of New York.'],New York
"INTELLIGENTHIGHWAYSOLUTIONS,INC_01_18_2018-EX-10.1-Strategic Alliance Agreement.PDF",['Strategic Alliance Agreement'],Strategic Alliance Agreement,"['Bravatek Solutions, Inc.', 'Bravatek', 'Fazync', 'Fazync LLC']","Bravatek Solutions, Inc. (""Bravatek""); Fazync LLC (""Fazync"")","['10th day of January, 2018']",1/10/18,"['10th day of January, 2018']",1/10/18,[],,"['The term of this Agreement is twelve (12) months from the date hereof, and will be automatically renewed for one (1) additional twelve month period unless either party shall notify the other in writing of its intention not to renew.']",1 year,"['The term of this Agreement is twelve (12) months from the date hereof, and will be automatically renewed for one (1) additional twelve month period unless either party shall notify the other in writing of its intention not to renew. Such notice must be given ninety (90) days prior to expiration of the original term.']",90 days,['This Agreement is entered into in the State of Texas and shall be interpreted according to the laws of the State of Texas.'],Texas
INTRICONCORP_03_10_2009-EX-10.22-Strategic Alliance Agreement.PDF,['Strategic Alliance Agreement'],  Strategic Alliance Agreement,"['IntriCon', 'IntriCon  Corporation', 'Dynamic Hearing Pty Ltd', 'Dynamic Hearing']","IntriCon Corporation (""IntriCon""); Dynamic Hearing Pty Ltd (""Dynamic Hearing"")","['1st day of October, 2008']",10/1/08,"['1st day of October, 2008']",10/1/08,"['The initial term of this Agreement shall be five (5) years from the date of execution and may be extended subject to satisfactory  agreement on ongoing commercial terms, to be agreed two (2) months prior to the expiration of this Agreement.']",10/1/13,[],,[],,"['This Agreement is governed by the laws of Victoria, Australia and the parties submit to the jurisdiction of the courts of Victoria,  Australia']","Victoria, Australia"
"IOVANCEBIOTHERAPEUTICS,INC_08_03_2017-EX-10.1-STRATEGIC ALLIANCE AGREEMENT.PDF",['STRATEGIC ALLIANCE AGREEMENT'],STRATEGIC ALLIANCE AGREEMENT,"['The University of Texas M. D. Anderson Cancer Center', 'Lion Biotechnologies, Inc.', 'LBIO', 'MD Anderson', 'MD Anderson and LBIO are hereinafter individually referred to as a ""Party"" and are collectively known as the ""Parties"".']","Loin Biotechnologies, Inc. (""LBIO""); The University of Texas M. D. Anderson Cancer Center (""MD Adnserson""); (""LBIO"" and ""MD Adnserson"" individually referred to as ""Party"", collectively as the ""Parties"")",[],,"['April 17, 2017']",4/17/17,"['The term of this Agreement commences on the Effective Date and shall continue in effect until the later of (a) the fourth (4th) anniversary of the Effective Date, or (b) the completion or termination of the Research and receipt by LBIO of all deliverables due from MD Anderson hereunder, unless sooner terminated in accordance with the provisions of Section 2.2 or Section 9.14.']",4/17/21,[],,[],,"['This Agreement shall be governed by and interpreted in accordance with the laws of the State of Texas, United States of America, without giving effect to any conflict of laws provisions.']",Texas
LIGHTBRIDGECORP_11_23_2015-EX-10.26-STRATEGIC ALLIANCE AGREEMENT.PDF,"[""STRATEGIC' ALLIANCE AGREEMENT (""]",STRATEGIC' ALLIANCE AGREEMENT (,"['Lightbridge', 'Lloyds Register FNMA', 'Lloyds', 'Lightbridge Corporation']","Lightbridge Corporation (""Lightbridge""); Lloyds Register FNMA (""Lloyds""); ""Lloyds"" and together with ""Lightbridge"" (""Parties"")",['16 day of August. 2012'],8/16/12,['16 day of August. 2012'],8/16/12,"[""This Agreement is effective on the Effective Date and shah continue in effect until the earlier of (a) the fifth (5t h) anniversary of the Effective Date, and (b) termination by either Party for any reason upon thirty (30) days' written notice to the other Party; provided, however, that no Party shall be able to terminate this Agreement so long as such Party is a Defaulting Party under this Agreement.""]",8/16/17,[],,[],,['The terms of this Agreement shall be governed by and construed in accordance with the laws of England.'],England
MANAKOASERVICESCORP_11_21_2007-EX-7.5-STRATEGIC ALLIANCE AGREEMENT.PDF,['Strategic Alliance Agreement'],Strategic Alliance Agreement,"['MKOS', 'UTEK Corporation', 'Manakoa Services Corporation', 'UTEK']","UTEK Corporation (""UTEK""); Manakoa Services Corporation (""MKOS"")",['14 day of June 2006'],6/14/06,[],,['The term of the Agreement will be for 12 months unless terminated sooner.'],6/14/07,[],,[],,[],
ORBSATCORP_08_17_2007-EX-7.3-STRATEGIC ALLIANCE AGREEMENT.PDF,['Strategic Alliance Agreement'],Strategic Alliance Agreement,"['UTK', 'AVDU', 'UTEK Corporation', 'World Energy Solutions']","UTEK Corporation (""UTK""); World Energy Solutions (""AVDU"")",['9th day of September 200'],9/9/05,[],,"['The term of the Agreement will be for 12 months unless terminated sooner', 'The term of the Agreement will be for 12 months unless terminated sooner.']",9/9/06,[],,[],,[],
PHLVARIABLEINSURANCECOCT_08_17_2009-EX-10.1-STRATEGIC ALLIANCE AGREEMENT.PDF,['STRATEGIC ALLIANCE AGREEMENT'],STRATEGIC ALLIANCE AGREEMENT,"['together with PHLVIC and PLIC,  the ""PHL Parties""', 'together with PHLVIC, ""PHL Variable""', 'PEPCO', 'INVESTORS CAPITAL CORPORATION', 'PLIC', 'ICC', 'PHL VARIABLE INSURANCE COMPANY', 'PHOENIX EQUITY PLANNING CORPORATION', 'PHOENIX LIFE INSURANCE COMPANY', 'PHLVIC']","PHL VARIABLE INSURANCE COMPANY (""PHLVIC""); PHOENIX LIFE INSURANCE COMPANY (""PLIC"", together with PHLVIC, “PHL Variable”); PHOENIX EQUITY PLANNING CORPORATION (""PEPCO"", together with PHLVIC and PLIC,  the “PHL Parties”); INVESTORS CAPITAL CORPORATION (""ICC"")",[],,[],,"['This Agreement shall commence on the Effective Date and shall continue until it is terminated in accordance with the  provisions of Section 15 of this Agreement (""Term"").']",perpetual,[],,[],,"['This Agreement shall be construed and its provisions interpreted under and in accordance with the internal  Laws of the State of Connecticut, without giving effect to principles of conflict or choice of laws of that or any other  jurisdiction.']",Connecticut
"PHREESIA,INC_05_28_2019-EX-10.18-STRATEGIC ALLIANCE AGREEMENT.PDF",['STRATEGIC ALLIANCE AGREEMENT'],STRATEGIC ALLIANCE AGREEMENT,"['Phreesia, Inc.', 'the ""Company"" or ""Phreesia""', 'Phreesia', 'Allscripts Healthcare, LLC', 'Allscripts', 'Company']","Allscripts Healthcare, LLC (""Allscripts""); Phreesia, Inc. (""Company"", ""Phreesia""); (Allscripts and the Company are sometimes referred to herein as a “Party” and collectively as the “Parties”)","['December 10, 2015']",12/10/15,"['December 10, 2015']",12/10/15,"['The initial term of this Agreement commences on the Effective Date and will continue in effect until five (5) year(s) from such date (the ""Initial Term"") unless terminated earlier pursuant to Section 25.']",12/10/20,"['Unless this Agreement is terminated pursuant to Section 25, this Agreement will automatically renew for additional successive [***] terms (each a ""Renewal Term"" and together with the Initial Term, the ""Term"") unless and until either Party provides written notice of non-renewal to the other Party at least [***] prior to the end of the then-current Term.']",successive [],"['Unless this Agreement is terminated pursuant to Section 25, this Agreement will automatically renew for additional successive [***] terms (each a ""Renewal Term"" and together with the Initial Term, the ""Term"") unless and until either Party provides written notice of non-renewal to the other Party at least [***] prior to the end of the then-current Term.']",,['This Agreement will be governed by and construed in accordance with the Laws of the State of Illinois applicable to agreements made and to be performed wholly within that State without regard to its conflicts of laws provisions.'],Illinois
REWALKROBOTICSLTD_07_10_2014-EX-10.2-STRATEGIC ALLIANCE AGREEMENT.PDF,['Strategic Alliance Agreement'],Strategic Alliance Agreement,"['Argo Medical Technologies Ltd.', 'Yaskawa Electric Corporation', 'YEC', 'ARGO']","Yaskawa Electric Corporation (""YEC""); Argo Medical Technologies Ltd. (""ARGO"")","['September 24, 2013']",9/24/13,"['September 24, 2013']",9/24/13,"['Unless sooner terminated in accordance with the provisions hereof, the initial term of this Agreement (""Initial Term"") will be ten (10) years from the Effective Date, provided that at any time following the 7th anniversary of such date, either party may terminate such strategic alliance upon not less than 60 days\' prior written notice to the other party.']",9/24/23,[],,[],,['This agreement will be governed by and must be construed in accordance with the laws of the State of Israel'],Israel
KALLOINC_11_03_2011-EX-10.1-STRATEGIC ALLIANCE AGREEMENT.PDF',['STRATEGIC ALLIANCE AGREEMENT'],STRATEGIC ALLIANCE AGREEMENT,"['KALLO Inc', 'Petro data Management Services Limited.', 'PDMS', 'Gateway', 'KALLO', 'Gateway Global Fabrication Ltd.']","KALLO Inc. (""KALLO""); Petro data Management Services Limited. (""PDMS""); Gateway Global Fabrication Ltd. (""Gateway"")",['24 OCT 2011'],10/24/11,['This Agreement shall enter into effect on the date it is signed by both parties as shown below.<omitted>24 OCT 2011'],10/24/11,[],,[],,[],,"['The laws of the province of Ontario, Canada, govern this AGREEMENT and,  in respect of any dispute, which may arise hereunder; Agent consents to the jurisdiction of the federal and provincial  courts of Ontario, Canada.']","Ontario, Canada"
"ROCKYMOUNTAINCHOCOLATEFACTORY,INC_12_23_2019-EX-10.2-STRATEGIC ALLIANCE AGREEMENT.PDF","['STRATEGIC ALLIANCE AGREEMENT, d']","STRATEGIC ALLIANCE AGREEMENT, d","['Edible Arrangements, LLC', 'Farids & Co. LLC', 'EA', 'Company', 'Farids', 'Rocky Mountain Chocolate Factory, Inc.']","Farids & Co. LLC (""Farids""); Edible Arrangements, LLC (""EA""); Rocky Mountain Chocolate Factory, Inc. (""Company"")","['December 20, 2019']",12/20/19,[],,"['The rights and obligations of the Farids Group set forth in this Article VI (other than those set forth in Sections 6.8 and 6.9) shall terminate on the date that the Farids Group owns less than 3% of the issued and outstanding Common Stock, but in no event earlier than the Expiration Date (as defined in the Warrant).']",,[],,[],,"['This Agreement shall be governed and construed in accordance with the laws of the State of New York applicable to contracts made and wholly performed within such state, except for matters directly within the purview of the DGCL, which shall be governed by the DGCL.', 'This Joinder Agreement and the rights of the parties hereto shall be governed by and construed in accordance with the laws of the State of New York applicable to contracts made and to be performed therein.']",New York
"SUCAMPOPHARMACEUTICALS,INC_11_04_2015-EX-10.2-STRATEGIC ALLIANCE AGREEMENT.PDF",['STRATEGIC ALLIANCE AGREEMENT is'],STRATEGIC ALLIANCE AGREEMENT is,"['Sucampo Pharmaceuticals, Inc.', 'R-Tech Ueno, Ltd.', 'SPI', '""SPI,"" and, together with the Company and Acquiror, collectively, the ""Parties""', 'Company', 'Acquiror', 'Sucampo Pharma, LLC.']","R-Tech Ueno, Ltd. (""Company""); Sucampo Pharma, LLC. (""Acquiror""); Sucampo Pharmaceuticals, Inc. (""SPI""); (“SPI,” and, together with the Company and Acquiror, collectively, the “Parties”)","['August 26, 2015']",8/26/15,[],,[],,[],,[],,"['The construction, validity and performance of this Agreement shall be governed in all respects by the laws of Japan.']",Japan
"TURNKEYCAPITAL,INC_07_20_2017-EX-1.1-Strategic Alliance Agreement.PDF",['Strategic Alliance Agreement'],Strategic Alliance Agreement,"['SIC', 'Turnkey Capital Inc.', 'TKCI', 'Seminole Indian Company']","Turnkey Capital Inc. (""TKCI""); Seminole Indian Company (""SIC"")",['30th day of June 2017'],6/30/17,['30th day of June 2017'],6/30/17,['The term of this Agreement is twenty-four (24) months.'],6/30/19,[],,[],,['This Agreement shall be governed by the laws of the State of Florida.'],Florida
USASYNTHETICFUELCORP_10_21_2010-EX-10.10-STRATEGIC ALLIANCE AGREEMENT.PDF,['STRATEGIC ALLIANCE AGREEMENT'],STRATEGIC ALLIANCE AGREEMENT,"['GLOBAL ENERGY, INC.', 'Oxbow', 'OXBOW CARBON & MINERALS LLC', 'Global Energy', 'Oxbow and Global each may be referred to from time to time herein as a ""Party"" and collectively as the ""Parties"".']","OXBOW CARBON & MINERALS LLC (""Oxbow""); Global Energy, Inc (""Global Energy""); Oxbow and Global (individually as ""Party"" and collectively as the ""Parties"")","['December 21, 2006']",12/21/06,[],12/21/06,"['This Agreement shall be for an initial term of five (5) years, and unless earlier terminated in accordance with this Agreement, shall automatically renew for an additional term of five (5) years thereafter.']",12/21/11,"['This Agreement shall be for an initial term of five (5) years, and unless earlier terminated in accordance with this Agreement, shall automatically renew for an additional term of five (5) years thereafter.']",successive 5 years,[],,"['This Agreement, and the rights and obligations of the Parties hereunder, shall be subject to, and construed in accordance with, the laws of the State of New York.']",New York
"WASTE2ENERGYHOLDINGS,INC_06_03_2010-EX-10.2-STRATEGIC ALLIANCE AGREEMENT.PDF",['STRATEGIC ALLIANCE AGREEMENT'],STRATEGIC ALLIANCE AGREEMENT,"['WASTE2ENERGY GROUP HOLDINGS PLC', 'SHBV', 'SHBV (HONG KONG) LTD', 'W2E', 'each a ""Party"" and together the ""Parties']","SHBV (HONG KONG) LTD (""SHBV""); WASTE2ENERGY GROUP HOLDINGS PLC (""W2E""); SHBV and W2E (each a ""Party"" and together the ""Parties"")","['19  DAY OF MAY , 2010']",5/19/10,"['Commencement Date means the date of this Agreement', '19  DAY OF MAY , 2010']",5/19/10,"['This Agreement shall commence on the Commencement Date and shall continue for a term of ten (10) years, unless previously terminated in  accordance with Clause 15 (Termination).']",5/19/20,[],,[],,['This Agreement is governed by English law.'],England
"VIRTUALSCOPICS,INC_11_12_2010-EX-10.1-STRATEGIC ALLIANCE AGREEMENT.PDF",['STRATEGIC ALLIANCE AGREEMENT'],STRATEGIC ALLIANCE AGREEMENT,"['PPD', 'VirtualScopics, Inc.', 'PPD Development, LP', 'VS']","PPD Development, LP (""PPD""); VirtualScopics, Inc (""VS"")","['October 22, 2010']",10/22/10,"['October 22, 2010']",10/22/10,"['The term of this Agreement shall begin on the Effective Date and shall continue for a period of two (2) years (""Initial Term"") unless terminated earlier in accordance with Section 11 of this Agreement.']",10/22/12,"['Upon expiration of the Initial Term, unless written notice to the contrary is provided by one party to the other party at least 30 days prior to the expiration of the then-current term, this Agreement shall be renewed for additional, successive periods of one (1) year each (each a ""Renewal"" and together with the Initial Term, collectively, the ""Term"").']",succsive 1 year,"['Upon expiration of the Initial Term, unless written notice to the contrary is provided by one party to the other party at least 30 days prior to the expiration of the then-current term, this Agreement shall be renewed for additional, successive periods of one (1) year each (each a ""Renewal"" and together with the Initial Term, collectively, the ""Term"").']",30 days,['This Agreement shall be construed in accordance with the laws of the State of Delaware without regard to its conflict of laws provisions.'],Delaware
"XLITECHNOLOGIES,INC_12_02_2015-EX-10.02-STRATEGIC ALLIANCE AGREEMENT.PDF",['STRATEGIC ALLIANCE AGREEMENT'],STRATEGIC ALLIANCE AGREEMENT,"['BOSCH TECHNOLOGIES, LLC', 'BOSCH INTERNATIONAL, LLC', 'BOSCH', 'CLIENT']","BOSCH INTERNATIONAL, LLC (""CLIENT""); BOSCH TECHNOLOGIES, LLC (""BOSCH"")","['1st day of December, 2015']",12/1/15,[],,[],,[],,[],,[],
ANIXABIOSCIENCESINC_06_09_2020-EX-10.1-COLLABORATION AGREEMENT.PDF,['Collaboration Agreement'],Collaboration Agreement,"['Anixa Biosciences, Inc.', 'OntoChem GmbH', 'Anixa', 'Anixa and OntoChem are referred to herein individually as a ""Party"" and collectively as the ""Parties.""', 'OntoChem']","Anixa Biosciences, Inc. (""Anixa""); OntoChem GmbH (""OntoChem"")( individually as a “Party” and collectively as the “Parties”)","['April 14th, 2020']",4/14/20,"['April 14th, 2020']",4/14/20,"['Unless earlier terminated in accordance with Section 4.2 or 4.3, this Agreement will be in effect from the Effective Date until completion of the Research Program.']",,[],,[],,['This Agreement and the rights and obligations of the Parties hereunder will be governed by the laws of the State of Delaware without regard to the conflict of laws provisions of any jurisdiction.'],Delaware
BIOCEPTINC_08_19_2013-EX-10-COLLABORATION AGREEMENT.PDF,['COLLABORATION AGREEMENT'],COLLABORATION AGREEMENT,"['LIFE TECHNOLOGIES CORPORATION', 'Life Technologies', 'BIOCEPT, INC.', 'Biocept']","BIOCEPT, INC. (“Biocept”); LIFE TECHNOLOGIES  CORPORATION (“Life Technologies”)","['November 2, 2012']",11/2/12,"['November 2, 2012']",11/2/12,"['The term of this Agreement will commence on the Effective Date and continue for a period of three (3) years after the Effective Date (the ""Initial Term"").']",11/2/15,[],,[],,"['This Agreement and any disputes, claims, or actions related thereto shall be governed by and construed in accordance with the laws of the State of California, USA, without regard to the conflicts of law provisions thereof.']",California
"CARDAX,INC_08_19_2014-EX-10.1-COLLABORATION AGREEMENT.PDF",['COLLABORATION AGREEMENT'],COLLABORATION AGREEMENT,"['Capsugel US, LLC', 'CARDAX and CAPSUGEL are each a ""Party"" and together constitute the ""Parties""', 'CARDAX', 'Cardax, Inc.', 'CAPSUGEL']","Capsugel US, LLC (""CAPSUGEL""); Cardax, Inc. (""CARDAX""); CARDAX and CAPSUGEL (each a “Party” and together the “Parties”)",['18t h day of August 2014'],8/18/14,['18t h day of August 2014'],8/18/14,[],,[],,[],,['This Agreement shall be governed by and interpreted in accordance under the laws of the State of New York.'],New York
CHEETAHMOBILEINC_04_22_2014-EX-10.43-Cooperation Agreement.PDF,['Cooperation Agreement'], Cooperation Agreement ,"['Party A', 'Beike Internet Security Technology Co., Ltd.', 'Baidu Online Network Technology (Beijing) Co., Ltd.', 'Party B']","Beike Internet Security Technology Co., Ltd. (""Party A""); Baidu Online Network Technology (Beijing) Co., Ltd.  (""Party B"")",['April 2013'],04/[]/2013,"['This Agreement is effective on the day of May 1, 2013 and the effective term is the same as the Cooperation Term.', 'This Agreement is effective from the date of its date of signature and chop, and any other agreement between the parties regarding to matters which are similar to the cooperation contents hereunder shall be terminated automatically.']",5/1/13,"['This Agreement is effective on the day of May 1, 2013 and the effective term is the same as the Cooperation Ter', 'The Cooperation Term of the parties shall be two years from May 1, 2013 to April 30, 2015.']",4/30/15,"['One month prior to the expiry of the Cooperation Term, the parties may further negotiate the cooperation forms, if fails, this Agreement will be terminated upon expiry.']",,[],,"['The execution, validity, construction, enforcement and the settlement of any disputes herefrom shall be governed by PRC Laws.']",People's Republic of China
"ELFBEAUTY,INC_07_02_2020-EX-10.1-COOPERATION AGREEMENT.PDF",['Cooperation Agreement ('],Cooperation Agreement (,"['Marathon Partners LUX Fund, L.P.', 'collectively, the ""Marathon Parties""', 'Cibelli Research & Management, LLC', 'Marathon Focus Fund L.P.', 'Marathon Partners', 'Marathon Partners L.P.', 'each of the Company, on the one hand, and the Marathon Parties, on the other hand, a ""Party"" to this Agreement, and collectively, the ""Parties""', 'e.l.f. Beauty, Inc.', 'the ""Company""', 'Mario Cibelli', 'Marathon Partners Equity Management, LLC']","e.l.f. Beauty, Inc. (""Company"", ""Party""); Marathon Partners Equity Management, LLC (""Marathon Partners"", ""Party"", collectively with Marathon Partners L.P., Marathon Focus Fund L.P., Marathon Partners LUX Fund, L.P., Cibelli Research & Management, LLC, and Mario Cibelli, the ""Marathon Parties""); Marathon Partners L.P. (""Party"", collectively with Marathon Partners Equity Management, LLC, Marathon Focus Fund L.P.,Marathon Partners LUX Fund, L.P., Cibelli Research & Management, LLC, and Mario Cibelli, the ""Marathon Parties""); Marathon Focus Fund L.P.  (""Party"", collectively with Marathon Partners Equity Management, LLC, Marathon Partners L.P., Marathon Partners LUX Fund, L.P., Cibelli Research & Management, LLC, and Mario Cibelli, the ""Marathon Parties""); Marathon Partners LUX Fund, L.P. (""Party"", collectively with Marathon Partners Equity Management, LLC, Marathon Partners L.P., Marathon Focus Fund L.P., Cibelli Research & Management, LLC, and Mario Cibelli, the ""Marathon Parties""); Cibelli Research & Management, LLC (""Party"", collectively with Marathon Partners Equity Management, LLC, Marathon Partners L.P., Marathon Focus Fund L.P., Marathon Partners LUX Fund, L.P., and Mario Cibelli, the ""Marathon Parties""); Mario Cibelli (""Party"", collectively with Marathon Partners Equity Management, LLC, Marathon Partners L.P., Marathon Focus Fund L.P., Marathon Partners LUX Fund, L.P., and Cibelli Research & Management, LLC, the ""Marathon Parties"")","['July 1, 2020']",7/1/20,[],,"['Unless earlier terminated as provided in this Agreement, upon the expiration of the Support Period, this Agreement shall immediately and automatically terminate in its entirety and no Party shall have any further rights or obligations under this Agreement; provided, however, (i) that this Section 8 shall survive any such termination and (ii) no Party shall be released from any breach of this Agreement that occurred prior to the termination of this Agreement.']",,[],,[],,"['This Agreement shall be governed by and construed in accordance with the internal laws of the State of Delaware applicable to agreements made and to be performed within that state, without giving effect to any law or principals of law that would result in the application of the laws of any other jurisdiction.']",Delaware
FIBROGENINC_10_01_2014-EX-10.11-COLLABORATION AGREEMENT.PDF,"['COLLABORATION AGREEMENT (""A']",COLLABORATION AGREEMENT (“A,"['Astellas', '""FG"" or ""FibroGen""', 'FibroGen, Inc.', 'Astellas Pharma Inc.']","FibroGen, Inc. (""FG"", ""FibroGen""); Astellas Pharma Inc. (""Astellas"")","['June 1, 2005']",6/1/05,"['June 1, 2005']",6/1/05,"['This Agreement shall become effective as of the Effective Date and, shall continue in full force and effect until terminated pursuant to this Article 18.']",perpetual,[],,[],,"['This Agreement and any dispute arising from the performance or breach hereof shall be governed by and construed and enforced in accordance with, the laws of the State of California, without reference to conflicts of laws principles.']",California
"HC2HOLDINGS,INC_05_14_2020-EX-10.1-COOPERATION AGREEMENT.PDF",['Cooperation Agreement'],Cooperation Agreement,"['Percy Rockdale', 'Each of the MG Capital Parties and the Company are referred to herein as a ""Party"" and collectively, as the ""Parties.""', 'Rio Royal LLC', '""Rio Royal"", and together with MG Capital and Percy Rockdale, the ""MG Capital Parties""', 'Percy Rockdale LLC', 'MG Capital Parties', 'HC2 Holdings, Inc.', 'MG Capital', 'Company', 'MG Capital Management Ltd.']","MG Capital Management Ltd. (“MG Capital”); Percy Rockdale LLC (""Percy Rockdale”); Rio Royal LLC (""Rio Royal""); (collectively Rio Royal, together with MG Capital and Percy Rockdale, the ""MG Capital Parties""); HC2 Holdings, Inc. (""Company""); Each of the MG Capital Parties and the Company are referred to herein as a “Party” and collectively, as the “Parties""","['May 13, 2020']",5/13/20,[],,['This Agreement will terminate upon the earlier of: (i) the conclusion of the Standstill Period or (ii) delivery of written notice by one Party to the other Party of a material breach of this Agreement by the breaching Party that is uncured after ten (10) calendar days of notice of such breach.'],,[],,[],,"['THIS AGREEMENT WILL BE GOVERNED IN ALL RESPECTS, INCLUDING VALIDITY, INTERPRETATION AND EFFECT, BY THE LAWS OF THE STATE OF DELAWARE WITHOUT GIVING EFFECT TO THE CHOICE OF LAW PRINCIPLES OF SUCH STATE.']",Delaware
HPILHOLDING_01_07_2015-EX-99.1-COOPERATION AGREEMENT.PDF,['COOPERATION AGREEMENT'],COOPERATION AGREEMENT,"['HPIL ET', 'HPIL ET and GINARES (hereafter the ""Party"" or collectively the ""Partie', 'HPIL ENERGYTECH Inc.', 'GINARES', 'GINARES GROUP AG']","HPIL ENERGYTECH Inc. (""HPIL ET""); GINARES GROUP AG (""GINARES""); HPIL ET and GINARES (individually as ""Party, or collectively the ""Parties"")","['5th day of January, 2015']",1/5/15,"['5th day of January, 2015']",1/5/15,"['The term of this Agreement shall be one (1) year unless terminated earlier in accordance with the terms of this Agreement (the ""Term"").']",1/5/16,[],,[],,"['This Agreement and its application and interpretation will be governed exclusively by its terms and the laws of the State of Nevada (USA), and excluding any conflicts of law provisions which would require the application of any law other than Nevada.']",Nevada
LEJUHOLDINGSLTD_03_12_2014-EX-10.34-INTERNET CHANNEL COOPERATION AGREEMENT.PDF,['INTERNET CHANNEL COOPERATION AGREEMENT'],INTERNET CHANNEL COOPERATION AGREEMENT,"['Party C', 'China Online Housing (Hong Kong) Co., Ltd.', 'Party B', 'In this Agreement, Party A, Party B and Party C individually a ""Party"", collectively the ""Parties"".', 'Beijing Baidu Netcom Science and Technology Co., Ltd.', 'Party A', 'Beijing Yisheng Leju Information Services Co., Ltd']","Beijing Baidu Netcom Science and Technology Co., Ltd. (""Party A""); China Online Housing (Hong Kong) Co., Ltd. (""Party B""); Beijing Yisheng Leju Information Services Co., Ltd (""Party C""); Party A, Party B, Party C (individually a ""Party"", collectively the ""Parties"")","['This Agreement is dated April 29, 2010']",4/29/10,"['Effective Date means the date of this Agreement.<omitted>This Agreement is dated April 29, 2010.']",4/29/10,"['This Agreement will be effective as of the date of its execution, and term of the Cooperation will be four years from the date on which the channel is uploaded.<omitted>The channel is expected to be uploaded on August 1, 201']",8/1/14,[],,[],,"['The execution, effect, interpretation and performance of this Agreement and resolution of any dispute arising from this Agreement will be governed by PRC Laws.']",People's Republic of China
"MEETGROUP,INC_06_29_2017-EX-10.1-COOPERATION AGREEMENT.PDF",['COOPERATION AGREEMENT'],COOPERATION AGREEMENT,"['HARVEST SMALL CAP PARTNERS MASTER, LTD', 'HARVEST SMALL CAP PARTNERS, L.P.', 'HARVEST SMALL CAP PARTNERS GP, LLC', 'Meet Group, Inc.', '(each, an ""Investor"" and collectively, the ""Investors"" or, with their respective affiliates and associates, the ""Investor Group""),', 'Company', 'HARVEST CAPITAL STRATEGIES LLC']","Meet Group, Inc. (""Company""); HARVEST SMALL CAP PARTNERS MASTER, LTD (""Investor"", collectively, the “Investors” or, with their respective affiliates and associates, the “Investor Group”); HARVEST SMALL CAP PARTNERS, L.P.  (“Investor” and collectively, the “Investors” or, with their respective affiliates and associates, the “Investor Group”); HARVEST CAPITAL STRATEGIES LLC (""Investor” and collectively, the “Investors” or, with their respective affiliates and associates, the “Investor Group”)","['June 27, 2017']",6/27/17,[],,[],,[],,[],,"['This Agreement shall be governed in all respects, including validity, interpretation, and effect, by, and construed in accordance with, the laws of the State of Delaware executed and to be performed wholly within the State of Delaware, without giving effect to the choice of law or conflict of law principles thereof or of any other jurisdiction to the extent that such principles would require or permit the application of the laws of another jurisdiction.']",Delaware
QIWI_06_16_2017-EX-99.(D)(2)-COOPERATION AGREEMENT.PDF,['Cooperation Agreement'],Cooperation Agreement,"['""Parties"" shall mean OICL and QIWI, together, and each of them a ""Party"";', 'OICL', '""QIWI"", and, together with its Affiliates, ""QIWI Group""', '""OICL"" and together with its Affiliates, ""Otkritie""', 'Otkritie Investments Cyprus Limited', 'QIWI plc']","Otkritie Investments Cyprus Limited (“OICL” and together with its Affiliates, “Otkritie”); QIWI plc (“QIWI”, and, together with its Affiliates, “QIWI Group”); OICL and QIWI (individually as ""Parties"" and together as ""Parties"")","['02 June, 2015']",6/2/15,"['This Clause 6 and Clauses 1, 5, 7 through 9 (inclusive) come into force and effect upon the execution of this Agreement by the Parties.', 'The remaining provisions of this Agreement shall be effective only upon Completion 1 (the ""Effective Time"").']",,"['Unless otherwise mutual agreed between the Parties, this Agreement shall remain in effect until the earlier of the below events occur:\n\n (a) The fifth (5t h) anniversary of this Agreement; and\n\n (b) Otkritie ceasing to own more than 2,237,216 class B shares or American depositary shares of QIWI.']",6/2/20,[],,[],,"['This Agreement and any dispute, controversy or claim arising out of or in connection with it or its subject matter, existence, negotiation, validity, termination, breach or enforceability (including non-contractual disputes or claims) shall be governed by and construed in accordance with the laws of England and Wales.']",England and Wales
"SPIENERGYCO,LTD_07_10_2014-EX-10-Cooperation Agreement of 50MWp Photovoltaic Grid-connected Power Generation Project in Yangqiao of~1.PDF",['Cooperation Agreement'],Cooperation Agreement,"['Party A', 'Xinyu Xinwei New Energy Co., Ltd.', ""People's Government of Fenyi County"", 'Party B']","People’s Government of Fenyi County (""Party A""); Xinyu Xinwei New Energy Co., Ltd. (""Party B"")","['June 25, 2014']",6/25/14,[],,[],,[],,[],,[],
"SPOKHOLDINGS,INC_06_19_2020-EX-10.1-COOPERATION AGREEMENT.PDF",['Cooperation Agreement'],Cooperation Agreement,"['Spôk Holdings, Inc.', 'White Hat SP GP LLC', 'White Hat Strategic Partners LP', '(the ""Company""),', 'White Hat Capital Partners GP LLC', '(collectively, the ""White Hat Parties"")', 'each of the Company and the White Hat Parties, a ""Party"" to this Agreement, and collectively, the ""Parties"")', 'White Hat Capital Partners LP']","Spôk Holdings, Inc. (""Company""); White Hat Strategic Partners LP; White Hat SP GP LLC; White Hat Capital Partners LP; White Hat Capital Partners GP LLC; (collectively the ""White Hat Parties""); each of the Company and White Hat Parties a ""Party""' collectively ""Parties""","['June 18, 2020']",6/18/20,[],,"['Unless earlier terminated as provided in this Agreement, upon the expiration of the Support Period in accordance with Section 4, this Agreement shall immediately and automatically terminate in its entirety and no Party shall have any further rights or obligations under this Agreement; provided, however, no Party shall be released from any breach of this Agreement that occurred prior to the termination of this Agreement.']",perpetual,[],,[],,['This Agreement shall be governed by and construed in accordance with the internal laws of the State of Delaware applicable to agreements made and to be performed within that state.'],Delaware
STWRESOURCESHOLDINGCORP_08_06_2014-EX-10.1-COOPERATION AGREEMENT.PDF,['COOPERATION AGREEMENT'],  COOPERATION AGREEMENT,"['City of Fort Stockton', 'STW Resources Holding Corp', 'STW and COFS are sometimes individually referred to as a ""Party"" and collectively referred to as the ""Parties.""', '(""STW"")', '(""COFS"")']","City of Fort Stockton (""COFS""); STW resources Holding Corp (""STW""); individually referred to as a ""Party, collectively referred to as ""Parties""","['day of , 2014']",[]/[]/2014,"['effective as of the last date of signature on the signature pages below', 'day of , 2014']",[]/[]/2014,"[""Subject to the other provisions contained herein, this AGREEMENT shall be for a term of thirty (30) years from the Effective Date, which shall automatically renew from year-to-year thereafter unless terminated by a Party upon sixty (60) days' written notice after the end of the term.""]",[]/[]/2044,"[""Subject to the other provisions contained herein, this AGREEMENT shall be for a term of thirty (30) years from the Effective Date, which shall automatically renew from year-to-year thereafter unless terminated by a Party upon sixty (60) days' written notice after the end of the term.""]",successive 1 year,"[""Subject to the other provisions contained herein, this AGREEMENT shall be for a term of thirty (30) years from the Effective Date, which shall automatically renew from year-to-year thereafter unless terminated by a Party upon sixty (60) days' written notice after the end of the term.""]",60 days,"['This AGREEMENT is controlled by the laws of the State of Texas, and venue for any actions brought to enforce this AGREEMENT shall be brought exclusively in a court of competent jurisdiction in Pecos County, Texas.']",Texas
URSCORPNEW_03_17_2014-EX-99-COOPERATION AGREEMENT.PDF,['COOPERATION AGREEMENT'],COOPERATION AGREEMENT,"['URS Corporation', '(the ""Company"")', '(""JANA"")', 'JANA Partners LLC']","JANA Partners LLC (""JANA""); URS Corporation (""Company"")","['March 13, 2014']",3/13/14,[],,[],,[],,[],,"['THIS AGREEMENT SHALL BE GOVERNED IN ALL RESPECTS, INCLUDING VALIDITY, INTERPRETATION AND EFFECT, BY THE LAWS OF THE STATE OF DELAWARE WITHOUT GIVING EFFECT TO THE CHOICE OF LAW PRINCIPLES OF SUCH STATE.']",Delaware
"CERES,INC_01_25_2012-EX-10.20-Collaboration Agreement.PDF",['COLLABORATION AGREEMENT'],COLLABORATION AGREEMENT,"['IGER', 'CERES, INC.', 'INSTITUTE OF GRASSLAND AND ENVIRONMENTAL RESEARCH', 'CERES']","INSTITUTE OF GRASSLAND AND  ENVIRONMENTAL RESEARCH (""IGER""); CERES, INC. (""CERES"")","['1st day of April, 2007 (']",4/1/07,"['1st day of April, 2007 (']",4/1/07,"['The term of this Agreement shall be fifteen (15) years from the Effective Date, unless sooner terminated in accordance with the following  provisions of this Article:']",4/1/22,[],,[],,"['This Agreement shall be governed by, and construed and interpreted in accordance with, the laws of the State of New York, United States of  America, without regard to the principles of conflicts of law thereof.']",New York
"FIDELITYNATIONALINFORMATIONSERVICES,INC_08_05_2009-EX-10.3-INTELLECTUAL PROPERTY AGREEMENT.PDF",['INTELLECTUAL PROPERTY AGREEMENT'],INTELLECTUAL PROPERTY AGREEMENT,"['(""Certegy"")', 'Equifax Inc.', '(""Equifax"")', 'Certegy Inc.']","Equifax Inc. (""Equifax""); Certegy Inc. (""Certegy"")","['June 30, 2001']",6/30/01,[],,[],perpetual,[],,[],,"['This Agreement shall be construed in accordance with, and governed by, the\n\n\n\n\n\nlaws of the State of Georgia, without regard to the conflicts of law rules of such state.']",Georgia
"ARMSTRONGFLOORING,INC_01_07_2019-EX-10.2-INTELLECTUAL PROPERTY AGREEMENT.PDF",['INTELLECTUAL PROPERTY AGREEMENT'],INTELLECTUAL PROPERTY AGREEMENT,"['Armstrong Flooring, Inc.', 'Buyer', '""Licensing"" and together with Seller, ""Arizona""', 'AHF Holding, Inc.', 'AFI Licensing LLC', 'Seller', 'formerly known as Tarzan HoldCo, Inc.),', 'Armstrong Hardwood Flooring Company', 'the ""Company"" and together with Buyer the ""Buyer Entities""', '(each of Arizona on the one hand and the Buyer Entities on the other hand, a ""Party"" and collectively, the ""Parties"")']","Armstrong Flooring, Inc. (""Seller""); AFI Licensing LLC (""Licensing""); AFI Licensing LLC together with Armstrong Flooring, Inc. (""Arizona""); AHF Holding, Inc. (""Buyer""); Armstrong Hardwood Flooring Company (""Company""); AHF Holding, Inc. together with Armstrong Hardwood Flooring Company (""Buyer Entities""); (each of Arizona on the one hand and the Buyer Entities on the other hand, a “Party” and collectively, the “Parties”)","['December 31, 2018']",12/31/18,"['December 31, 2018']",12/31/18,"['Unless earlier terminated pursuant to the provisions hereof, the term of this Agreement and the licenses and other grants of rights (and related obligations) under this Agreement shall (i) with respect to the Arizona Licensed Trademarks, be for the Arizona Trademark License Term, (ii) with respect to the Diamond Licensed Trademarks, be for the Diamond Trademark License Term, (iii) with respect to the Phase- Out Marks, be for the term set forth in Section 6.6, and (iv) with respect to Copyrights, Know-How and Patents, be in perpetuity.']",perpetual,[],,[],,"['This Agreement shall be governed by the laws of the State of Delaware, its rules of conflict of laws notwithstanding.', 'This Assignment shall be governed by the laws of the State of Delaware, its rules of conflict of laws notwithstanding.']",Delaware
"GSITECHNOLOGYINC_11_16_2009-EX-10.2-INTELLECTUAL PROPERTY AGREEMENT between SONY ELECTRONICS INC. and GSI TECHNOLOGY, INC..PDF",['Intellectual Property Agreement'],Intellectual Property Agreement,"['GSI Technology, Inc.', 'Sony Electronics Inc.', 'PURCHASER  and SONY are referred to individually as a ""Party"" and collectively as the ""Parties"".', 'SONY', 'PURCHASER']","GSI Technology, Inc. (""PURCHASER""); Sony Electronics Inc. (""SONY""); individually as a ""party"", collectively as the ""parties""","['August 28, 2009']",8/28/09,"['The term ""Effective Date"" means the Closing Date.']",,"['Unless earlier terminated as provided below, this IP Agreement shall extend until the last date of expiration of the SRAM  Intellectual Property rights licensed under this IP Agreement.']",perpetual,[],,[],,"['This IP Agreement and the legal relations among the Parties will be governed by and construed in accordance with the rules and  substantive Laws of the State of California, United States of America, without regard to conflicts of law provisions.']",California
"HERTZGLOBALHOLDINGS,INC_07_07_2016-EX-10.4-INTELLECTUAL PROPERTY AGREEMENT.PDF",['INTELLECTUAL PROPERTY AGREEMENT'],INTELLECTUAL PROPERTY AGREEMENT,"['(hereinafter referred to collectively as the ""Parties"" and individually as a ""Party"").', 'HSI', 'THC', 'HERC RENTALS INC.', 'THE HERTZ CORPORATION', 'HERTZ SYSTEM, INC.', 'HERC']","THE HERTZ CORPORATION (""THC""); HERTZ SYSTEM, INC. (""HSI""); HERC RENTALS INC. (""HERC""); (hereinafter referred to collectively the ""Parties"", and individually as a ""party""",['30  day of June 2016'],6/30/16,['30  day of June 2016'],6/30/16,[],,[],,[],,"['This Agreement and all disputes or controversies arising out of or relating to this Agreement or the transactions contemplated hereby shall be governed by, and construed in accordance with, the internal laws of the State of New York, without regard to the laws of any other jurisdiction that might be applied because of the conflicts of laws principles of the State of New York.']",New York
JINGWEIINTERNATIONALLTD_10_04_2007-EX-10.7-INTELLECTUAL PROPERTY AGREEMENT.PDF,['Intellectual Property Agreement'],Intellectual Property Agreement,"['ShenZhen JingWei Communication Co., Ltd', 'JingWei HengTong Technology', '(ShenZhen)']","JingWei HengTong Technology (""ShenZhen""); ShenZhen JingWei Communication Co., Ltd.","['February 08, 2007']",2/8/07,"['February 08, 2007<omitted>This Agreement has been duly executed as of the date first set forth above and shall be effective simultaneously.']",2/8/07,['The term of this Agreement is five (5) years unless the early termination in accordance with this Agreement.'],2/8/12,[],,[],,"['The validity, implementation and interpretation of this Agreement shall be governed by the laws of PRC.']",People's Republic of China
MSCIINC_02_28_2008-EX-10.10-.PDF,['Intellectual Property Agreement'],Intellectual Property Agreement,"['(""MS"")', '(MS and MSCI individually referred to as a ""Party"" and collectively as the ""Parties"").', 'MSCI Inc', '(""MSCI"")', 'Morgan Stanley & Co. Incorporated']","Morgan Stanley & Co. Incorporated (""MS""); MSCI Inc. (""MSCI""); MS and MSCI individually as ""Party"" and collectively as the ""Parties""","['November 20, 2007']",11/20/07,"['November 20, 2007']",11/20/07,[],,[],,[],,['This Agreement shall be construed in accordance with and governed by the substantive internal laws of the State of New York.'],New York
"OTISWORLDWIDECORP_04_03_2020-EX-10.4-INTELLECTUAL PROPERTY AGREEMENT by and among UNITED TECHNOLOGIES CORPORATION, OTIS WORLDWIDE CORPORATION and CARRIER ~1.PDF",['INTELLECTUAL PROPERTY AGREEMENT'],INTELLECTUAL PROPERTY AGREEMENT,"['United Technologies Corporation', 'Carrier Global Corporation', 'Carrier', 'Otis', 'Otis Worldwide Corporation', '(each, a ""Party"" and together, the ""Parties"")', 'UTC']","United Technologies Corporation (""UTC""); Otis Worldwide Corporation (""Otis""); Carrier Global Corporation (""Carrier""); each a ""Party"", and together, the ""Parties""","['April 2, 2020']",4/2/20,[],,"['The provisions of this Agreement, including the license rights provided in this Article III, shall not be terminable or revocable for any reason.']",perpetual,[],,[],,"['This Agreement shall be governed by, and construed and enforced in accordance with, the laws of the State of Delaware, without regard to any conflict or choice-of-law provision or rule (whether of the State of Delaware or any other jurisdiction) that would cause the application of the laws of any jurisdiction other than the State of Delaware.']",Delaware
VERSOTECHNOLOGIESINC_12_28_2007-EX-99.3-INTELLECTUAL PROPERTY AGREEMENT.PDF,['INTELLECTUAL PROPERTY AGREEMENT'],INTELLECTUAL PROPERTY AGREEMENT,"['NMS COMMUNICATIONS CORP.', 'VERSO BACKHAUL SOLUTIONS, INC.', 'Backhaul', 'Seller']","NMS Communications Corp. (""Seller""); Verson Backhaul Solutions, Inc. (""Backhaul"")","['December 20, 2007']",12/20/07,[],,[],,[],,[],,"['This Intellectual Property Agreement shall be construed and interpreted according to the laws of the State of Georgia, applicable contracts to be wholly performed within the State of Georgia.']",Georgia
ZEBRATECHNOLOGIESCORP_04_16_2014-EX-10.1-INTELLECTUAL PROPERTY AGREEMENT.PDF,['INTELLECTUAL PROPERTY AGREEMENT'],INTELLECTUAL PROPERTY AGREEMENT,"['Purchaser', 'Motorola Solutions, Inc.', 'Zebra Technologies Corporation', 'Seller']","Motorola Solutions, Inc. (""Seller""); Zebra Technologies Corporation (""Purchaser"")","['April 14, 2014']",4/14/14,"['April 14, 2014']",4/14/14,"['The term of this IP Agreement shall be from the Effective Date until all of the Intellectual Property licensed hereunder is in the public domain (provided, however, that in such event the representations and warranties in Article III shall survive (and terminate) in accordance with the Acquisition Agreement) or this IP Agreement is terminated pursuant to Section 4.3.']",,[],,[],,"['The Laws of the State of Delaware (without reference to its principles of conflicts of law) shall govern the construction, interpretation and other matters arising out of or in connection with this IP Agreement and its schedules (whether arising in contract, tort, equity or otherwise).']",Delaware
AIRSPANNETWORKSINC_04_11_2000-EX-10.5-Distributor Agreement.PDF,['Distributor Agreement'],"Distributor Agreement

Distributor Agreement","['Airspan', 'Airspan Networks Incorporated', 'Distributor', 'GLS LLC']","Airspan Networks Incorporated (""Airspan""); GLS LLC (""Distributor"")","['31st day of March, 2000']",3/31/00,"['31st day of March, 2000']",3/31/00,"['This Agreement shall remain in effect for sixty (60) months from the Effective Date (the ""Initial Term"").']",3/31/05,[],,[],,"['South Dakota', 'This Agreement shall be construed in accordance with and governed by the laws of the State of South Dakota.']",South Dakota
ACCURAYINC_09_01_2010-EX-10.31-DISTRIBUTOR AGREEMENT.PDF,['Multiple LINAC and Multi-Modality Distributor Agreement'],Multiple LINAC and Multi-Modality Distributor Agreement,"['Siemens', 'Accuray', 'ACCURAY INCORPORATED', 'SIEMENS AKTIENGESELLSCHAFT']","ACCURAY INCORPORATED, (""Accuray""); SIEMENS AKTIENGESELLSCHAFT (""Siemens"")","['June 8, 2010']",6/8/10,"['June 8, 2010']",6/8/10,"['Unless otherwise agreed in writing by Accuray and Distributor and subject to the termination rights contained in this Agreement,  this Agreement shall begin on the Effective Date and shall continue until the termination of the Strategic Alliance Agreement;  provided, however, that if a Termination Election relating to this Agreement is made pursuant to Section 10.3 of the Strategic  Alliance Agreement prior to such termination, this Agreement shall terminate 36 months after such Termination Election (the  ""Term"").']",perpetual,[],,[],,"['This Agreement shall be governed by, and construed in accordance with, the laws of the Federal Republic of Germany excluding the United Nations Convention on Contracts of International Sale of Goods (CISG) and the provisions of German private  international law.']",Germany
BLACKBOXSTOCKSINC_08_05_2014-EX-10.1-DISTRIBUTOR AGREEMENT.PDF,['DISTRIBUTOR AGREEMENT'],DISTRIBUTOR AGREEMENT,"['Snotarator LLC', '""Company', 'Distributor', 'SMSA Ballinger Acquisition Corp.']","Snotarator LLC (""Company""); SMSA Ballinger Acquisition Corp., (""Distributor"")","['1st day of August, 2013']",8/1/13,"['1st day of August, 2013']",8/1/13,"['The term of this Agreement shall terminate on May 31, 2015, unless sooner terminated.']",5/31/15,['The term of this Agreement may be extended for an additional two year period with the written consent of both parties.'],2 years,[],,['This Agreement shall be governed by the laws of the State of Texas.'],Texas
ENTERTAINMENTGAMINGASIAINC_02_15_2005-EX-10.5-DISTRIBUTOR AGREEMENT.PDF,['DISTRIBUTOR AGREEMENT'],DISTRIBUTOR AGREEMENT,"['VendingData Corporation', 'Distributor', 'Vendor', 'Technical Casino Supplies Ltd']","VendingData Corporation (""Vendor""); Technical Casino Supplies Ltd. (""Distributor"")","['January 21, 2005']",1/21/05,"['January 21, 2005']",1/21/05,"['As provided for in this Section 1, the term of this Agreement shall be for a period of five (5) years, beginning on the Effective Date (the ""Initial Term""); provided, however, the Initial Term shall be subject to automatic successive renewal terms of three (3) years each (the ""Renewal Terms"" and together with the Initial Term, the ""Term"").']",1/21/10,"['As provided for in this Section 1, the term of this Agreement shall be for a period of five (5) years, beginning on the Effective Date (the ""Initial Term""); provided, however, the Initial Term shall be subject to automatic successive renewal terms of three (3) years each (the ""Renewal Terms"" and together with the Initial Term, the ""Term"").']",successive 3 years,"['By either Vendor or Distributor, upon written notice of termination of this Agreement no later than ninety (90) calendar days prior to the expiration of the relevant Term, then in effect;']",90 days,"['This Agreement shall be governed by, construed in accordance with the laws of Ontario, Canada.']","Ontario, Canada"
"ETELOS,INC_03_09_2004-EX-10.8-DISTRIBUTOR AGREEMENT.PDF",['DISTRIBUTOR AGREEMENT'],DISTRIBUTOR AGREEMENT,"['Tripath', 'Uniquest Corporation', 'Distributor', 'Tripath Technology, Inc.']","Tripath Technology, Inc. (""Tripath""); Uniquest Corporation (""Distributor"")",['7/7/98'],7/7/98,['7/1/98'],7/1/98,"['The terms of this Agreement shall be one year from the effective date and will be automatically renewed on each anniversary of the effective date, for a renewal term of one year unless either party provides written notification of its intention not to renew this Agreement at least one month prior to the expiration of the initial or any renewal terms.', ""Distributor's appointment is for a term of one year from the Effective Date, renewable automatically unless terminated under Section 18""]",perpetual,"['The terms of this Agreement shall be one year from the effective date and will be automatically renewed on each anniversary of the effective date, for a renewal term of one year unless either party provides written notification of its intention not to renew this Agreement at least one month prior to the expiration of the initial or any renewal terms.']",successive 1 year,"['The terms of this Agreement shall be one year from the effective date and will be automatically renewed on each anniversary of the effective date, for a renewal term of one year unless either party provides written notification of its intention not to renew this Agreement at least one month prior to the expiration of the initial or any renewal terms.']",1 month,"['This Agreement will be governed by the laws of California, without reference to conflicts of laws.']",California
EUROPEANMICROHOLDINGSINC_03_06_1998-EX-10.6-DISTRIBUTOR AGREEMENT.PDF,['DISTRIBUTOR AGREEMENT'],DISTRIBUTOR AGREEMENT,"['WatchGuard Technologies, Inc.', 'Distributor', 'WGT', 'European Micro']","WatchGuard Technologies, Inc. (""WGT""); European Micro (""Distributor"")","['November 5, 1997']",11/5/97,"['November 5, 1997']",11/5/97,"['The Term will commence on the Effective Date of this Agreement and      will remain in effect, unless sooner terminated under paragraphs 5.2, 5.3,      or 5.4, until the termination date specified in Exhibit A.', 'September 30, 1997']",9/30/97,"[""The Term will automatically renew for successive additional periods of one (1) year each, provided that: (a) Distributor has made all Guaranteed Minimum Purchases and has complied with the marketing requirements under paragraph 4.1(b); (b) the parties have agreed in writing upon the Guaranteed Minimum Purchase amounts and Product price discounts for the next subsequent one (1) year renewal period; (c) neither party provided the other party with notice of such party's intention not to renew this Agreement at least thirty (30) days prior to any year's Expiration Date; and (d) neither party provided the other party with such notice as may be required pursuant to paragraphs 5.2, 5.3 or 5.4.""]",successive 1 year,"[""The Term will automatically renew for successive additional periods of one (1) year each, provided that: (a) Distributor has made all Guaranteed Minimum Purchases and has complied with the marketing requirements under paragraph 4.1(b); (b) the parties have agreed in writing upon the Guaranteed Minimum Purchase amounts and Product price discounts for the next subsequent one (1) year renewal period; (c) neither party provided the other party with notice of such party's intention not to renew this Agreement at least thirty (30) days prior to any year's Expiration Date; and (d) neither party provided the other party with such notice as may be required pursuant to paragraphs 5.2, 5.3 or 5.4.""]",30 days,"['This Agreement will be governed by and interpreted in      accordance with the local laws of the State of Washington, U.S.A., without      regard to its conflicts of law provisions and not including the provisions      of the 1980 U.N. Convention in Contracts for the International Sale of      Goods.']",Washington
HYPERIONSOFTWARECORP_09_28_1994-EX-10.47-EXCLUSIVE DISTRIBUTOR AGREEMENT.PDF,['EXCLUSIVE DISTRIBUTOR AGREEMENT'],EXCLUSIVE DISTRIBUTOR AGREEMENT,"['IMRS OPERATIONS INC.', 'Distributor', 'Delteq Pte Ltd', 'd/b/a IMRS INC.', 'Developer']","IMRS OPERATIONS INC. (""IMRS INC."", ""Developer""); Delteq Pte Ltd (""Distributor"")","['April 15, 1994']",4/15/94,[],4/15/94,"['This Agreement shall have an initial term of one (1) year from the date first above written (the ""Initial Term""), and shall thereafter automatically renew for successive two (2) year periods (each a ""Renewal Term""), unless earlier terminated in accordance with the terms of this Agreement.']",4/15/95,"['This Agreement shall have an initial term of one (1) year from the date first above written (the ""Initial Term""), and shall thereafter automatically renew for successive two (2) year periods (each a ""Renewal Term""), unless earlier terminated in accordance with the terms of this Agreement.', 'Either party may cancel this Agreement effective on the last day of the Initial Term, or<omitted>any Renewal Term, by serving written notice of such termination on the other party at least ninety (90) days prior to the end of the Initial Term or any Renewal Term as the case may be.']",successive 2 years,"['This Agreement shall have an initial term of one (1) year from the date first above written (the ""Initial Term""), and shall thereafter automatically renew for successive two (2) year periods (each a ""Renewal Term""), unless earlier terminated in accordance with the terms of this Agreement.', 'Either party may cancel this Agreement effective on the last day of the Initial Term, or<omitted>any Renewal Term, by serving written notice of such termination on the other party at least ninety (90) days prior to the end of the Initial Term or any Renewal Term as the case may be.']",,"['This Agreement shall be governed by and construed in accordance with the laws of the State of Connecticut, U.S.A. without regard to its conflict of taws provision.']",Connecticut
"LEGACYTECHNOLOGYHOLDINGS,INC_12_09_2005-EX-10.2-DISTRIBUTOR AGREEMENT.PDF",['EXCLUSIVE DISTRIBUTOR AGREEMENT'],EXCLUSIVE   DISTRIBUTOR  AGREEMENT,"['LifeUSA/  Envision  Health,  Inc.', 'Sierra Mountain Minerals, Inc.', 'ENVISION', 'SIERRA']","LifeUSA/  Envision  Health,  Inc. (""ENVISION""); Sierra Mountain Minerals, Inc. (""SIERRA"")","['Dec. 8, 2005']",12/8/05,"['Dec. 8, 2005']",12/8/05,['The  term of this  Agreement  shall  be two (2)  years  from the          Effective  Date with  automatic  annual  renewals  thereafter  provided          either  party does not provide  sixty (60) days  notice of  termination          prior to the renewal date or the Agreement is not otherwise  terminated          as set forth in Section 8.'],12/8/07,['The  term of this  Agreement  shall  be two (2)  years  from the          Effective  Date with  automatic  annual  renewals  thereafter  provided          either  party does not provide  sixty (60) days  notice of  termination          prior to the renewal date or the Agreement is not otherwise  terminated          as set forth in Section 8.'],successive 1 year,['The  term of this  Agreement  shall  be two (2)  years  from the          Effective  Date with  automatic  annual  renewals  thereafter  provided          either  party does not provide  sixty (60) days  notice of  termination          prior to the renewal date or the Agreement is not otherwise  terminated          as set forth in Section 8.'],,"['This Agreement is deemed to have been entered into  in the State          of Colorado,  and its  interpretation,  construction,  and the remedies          for its  enforcement  or breach  are to be applied  pursuant  to and in          accordance with the laws of the State of Colorado.']",Colorado
LUCIDINC_04_15_2011-EX-10.9-DISTRIBUTOR AGREEMENT.PDF,['Distributor Agreement'],Distributor Agreement,"['Lucid Inc.', ""'Distributor'"", '[*]']","Lucid Inc.; [*] (""Distributor"")",['[*]'],,[],,['The initial term of this Agreement shall be three (3) calendar years from the Agreement date.'],,"['After the initial term, unless terminated, this  Agreement will automatically renew for periods of one (1) calendar year each.']",successive 1 year,[],,"['This Agreement shall be governed by and interpreted in accordance with the laws of the State of New York, USA without regard to conflict of  laws principles.']",New York
LIMEENERGYCO_09_09_1999-EX-10-DISTRIBUTOR AGREEMENT.PDF,['DISTRIBUTOR AGREEMENT'],DISTRIBUTOR  AGREEMENT,"['Distributor', 'Electric City of Illinois LLC', 'Electric City of Illinois L.L.C.', 'Electric City Corp.', 'Company']","Electric City Corp. (""Company""); Electric City of Illinois LLC (""Distributor"", ""Electric City of Illinois L.L.C."")","['7th day of September, 1999.']",7/7/99,"['Unless  earlier   terminated   otherwise  provided                   therein,  this  Agreement,  subject to the  commencement  date                   established  in Section 1.3,  shall be effective  immediately.', 'The term of this  Agreement  shall be ten (10)                            years (the ""Term"")  which shall  commence on the date                            upon which the Company  delivers to  Distributor  the                            last Sample, as defined  hereinafter.']",,"['The term of this  Agreement  shall be ten (10)                            years (the ""Term"")  which shall  commence on the date                            upon which the Company  delivers to  Distributor  the                            last Sample, as defined  hereinafter.']",,"['If Distributor                            complies with all of the terms of this Agreement, the                            Agreement  shall be  renewable on an annual basis for                            one (1) year terms for up to  another  ten (10) years                            on the same terms and conditions as set forth herein.']",10 1 years,[],,['This Agreement is to be construed according to the laws          of the State of Illinois.'],Illinois
NEOMEDIATECHNOLOGIESINC_12_15_2005-EX-16.1-DISTRIBUTOR AGREEMENT.PDF,['DISTRIBUTOR AGREEMENT'],DISTRIBUTOR AGREEMENT,"['DISTRIBUTOR', 'NeoMedia Micro Paint Repair', 'PPG Paints Trading (Shanghai) Co Ltd', 'PPG Shanghai']","PPG Paints Trading (Shanghai) Co Ltd (""PPG Shanghai""); NeoMedia Micro Paint Repair (""DISTRIBUTOR"")",['1st day of December'],12/01/[],['1st day of December'],12/01/[],"['The term of this Agreement (the ""Term"") shall commence on the date          first above written and shall terminate on 31 December 2006, unless          sooner terminated in accordance with the provisions hereof.']",12/31/06,"['In the event that there is no written notice issued by either party to          show the intention to renew this Agreement in the said thirty(30) days          before the expiry of the current Term of the Agreement, the Agreement          shall terminate at the end of the said thirty(30) days.']",30 days,[],,"[""The validity, construction, and performance of this Agreement shall be governed by and interpreted in accordance with the laws of the People's Republic of China.""]",People's Republic of China
NANOPHASETECHNOLOGIESCORP_11_01_2005-EX-99.1-DISTRIBUTOR AGREEMENT.PDF,['DISTRIBUTOR AGREEMENT'],DISTRIBUTOR AGREEMENT,"['NTC', 'Nanophase Technologies Corporation', 'JOHNSON MATTHEY CATALOG COMPANY, INC.', 'd/b/a ALFA AESAR', 'ALFA AESAR']","JOHNSON MATTHEY CATALOG COMPANY, INC. d/b/a ALFA AESAR (“ALFA AESAR”); Nanophase Technologies Corporation (“NTC”)","['October 24, 2005']",10/24/05,[],,['The initial term of this Agreement shall be for a period of five (5) years from the date first set forth above and shall thereafter automatically renew for additional two (2) year terms unless a party provides the other party with notice of non-renewal no less than 6 months prior to the expiration of the initial term or any renewal term unless earlier terminated as follows'],10/24/10,['The initial term of this Agreement shall be for a period of five (5) years from the date first set forth above and shall thereafter automatically renew for additional two (2) year terms unless a party provides the other party with notice of non-renewal no less than 6 months prior to the expiration of the initial term or any renewal term unless earlier terminated as follows:'],2 years,['The initial term of this Agreement shall be for a period of five (5) years from the date first set forth above and shall thereafter automatically renew for additional two (2) year terms unless a party provides the other party with notice of non-renewal no less than 6 months prior to the expiration of the initial term or any renewal term unless earlier terminated as follows:'],6 months,"['This agreement shall be governed by and subject to the internal laws (exclusive of the conflicts of law provisions) and decisions of the courts of the State of Illinois', 'This Agreement shall be governed by and interpreted under and in accordance with the laws of the State of Delaware without regard to principles of conflicts of laws.']","Delaware, Illinois"
"OPTIMIZEDTRANSPORTATIONMANAGEMENT,INC_07_26_2000-EX-6.6-DISTRIBUTOR AGREEMENT.PDF",['DISTRIBUTOR AGREEMENT'],DISTRIBUTOR AGREEMENT,"['ITS', 'INTERNATIONAL TEST SYSTEMS, INC.', 'COMWARE TECHNICAL SERVICES', 'COMWARE']","COMWARE TECHNICAL SERVICES (""COMWARE""); INTERNATIONAL TEST SYSTEMS, INC. (""ITS"")",[],,"['EFFECTIVE DATE:             The earlier of the date Comware orders and                                 pays for a minimum of $22,710 worth of                                 Products, in any combination, or April 15, 2000.']",,"['April 15, 2000 through October 15,                                 2000 (6 Months from the Effective Date)']",10/15/00,"['Provided  that COMWARE  purchases a minimum of $45,420.00      worth of  Products,  in any  combination,  during the Initial  Distribution\n\n\n\n\n\n     Period,  this Agreement will automatically renew for an additional 6 months      (the Renewal  Period).']",6 months,[],,"['This Agreement shall be interpreted and      governed by the laws of the State of Texas. Comware agrees to submit to the      jurisdiction of the State of Texas, Bexar County, USA.']",Texas
"VISIUMTECHNOLOGIES,INC_10_20_2004-EX-10.20-DISTRIBUTOR AGREEMENT.PDF",['DISTRIBUTOR AGREEMENT'],DISTRIBUTOR AGREEMENT,"['WLI', 'Wireless Links Inc', 'Power2Ship', 'Jaguar Investments, Inc. and its affiliates,']","Wireless Links Inc (""WLI""); Jaguar Investments, Inc. and its affiliates (""Power2Ship"")","['7th day of April, 2003']",4/7/03,"['7th day of April, 2003']",4/7/03,"['Unless otherwise terminated as provided herein, the initial term of this Agreement shall be three (3) years from the Effective Date and shall thereafter be automatically renewed for subsequent one (1) year periods unless either party notifies the other in writing of its election not to renew the Agreement at least one hundred twenty (120) days prior to the expiration of the then-current term.']",4/7/06,"['Unless otherwise terminated as provided herein, the initial term of this Agreement shall be three (3) years from the Effective Date and shall thereafter be automatically renewed for subsequent one (1) year periods unless either party notifies the other in writing of its election not to renew the Agreement at least one hundred twenty (120) days prior to the expiration of the then-current term.']",successive 1 year,"['Unless otherwise terminated as provided herein, the initial term of this Agreement shall be three (3) years from the Effective Date and shall thereafter be automatically renewed for subsequent one (1) year periods unless either party notifies the other in writing of its election not to renew the Agreement at least one hundred twenty (120) days prior to the expiration of the then-current term.']",120 days,"['This Agreement, its interpretation and construction, and the remedies for its enforcement or breach are to be applied in accordance with the laws of the State of New Jersey.']",New Jersey
ENERGYXXILTD_05_08_2015-EX-10.13-Transportation AGREEMENT.PDF,['Transportation Agreement'],Transportation Agreement,"['Shipper', 'Shipper and Transporter may be referred to herein individually as a ""Party"" or collectively as the ""Parties"".', 'ENERGY XXI USA, INC.', 'Transporter', 'ENERGY XXI GULF COAST, INC.']","Energy XXI Gulf Coast, Inc. (""Shipper""); Energy XXI USA, Inc. (""Transporter"");Shipper and Transporter (individually as a “Party” or collectively as the “Parties”)","['March 11, 2015']",3/11/15,"['March 11, 2015']",3/11/15,"[""Subject to the other provisions of this Agreement, the term of this Agreement shall commence on the Effective Date and shall remain in effect until terminated by either Party upon thirty (30) days' prior written notice.""]",perpetual,"[""Subject to the other provisions of this Agreement, the term of this Agreement shall commence on the Effective Date and shall remain in effect until terminated by either Party upon thirty (30) days' prior written notice.""]",perpetual,"[""Subject to the other provisions of this Agreement, the term of this Agreement shall commence on the Effective Date and shall remain in effect until terminated by either Party upon thirty (30) days' prior written notice.""]",30 days,"['The validity, construction and performance of this Agreement shall be governed by the laws of the State of Texas, not including any of its conflicts of law rules that would direct or refer to the laws of another jurisdiction.']",Texas
ENTERPRISEPRODUCTSPARTNERSLP_07_08_1998-EX-10.3-TRANSPORTATION CONTRACT.PDF,['TRANSPORTATION CONTRACT'],TRANSPORTATION CONTRACT,"['ENTERPRISE PRODUCTS OPERATING L.P.', '(""Shipper"")', 'Carrier', 'ENTERPRISE TRANSPORTATION COMPANY']","Enterprise Transportation Company (""Carrier""); Enterprise Products  Operating L.P. (""Shipper"")","['June 1, 1998']",6/1/98,"['June 1, 1998<omitted>This contract shall be for a term of one year commencing on the date first above written;']",6/1/98,"['This contract shall be for a term of one year commencing on the date first above written; thereafter, it shall automatically continue until terminated by either party upon not less than thirty (30) days prior written notice to the other party.']",6/1/99,"['This contract shall be for a term of one year commencing on the date first above written; thereafter, it shall automatically continue until terminated by either party upon not less than thirty (30) days prior written notice to the other party.']",perpetual,"['This contract shall be for a term of one year commencing on the date first above written; thereafter, it shall automatically continue until terminated by either party upon not less than thirty (30) days prior written notice to the other party.']",30 days,"['This contract shall be governed by and construed in accordance with the laws of the State of Texas, excluding any binding conflict of laws rule which might refer such construction to the laws of another state.']",Texas
MARTINMIDSTREAMPARTNERSLP_01_23_2004-EX-10.3-TRANSPORTATION SERVICES AGREEMENT.PDF,['MARINE TRANSPORTATION AGREEMENT'],MARINE TRANSPORTATION AGREEMENT,"['Midstream Fuel Service LLC', 'Charterer', 'Martin Operating Partnership L.P.', 'Owner']","Martin Operating Partnership L.P. (""Owner""); Midstream Fuel Service LLC (""Charterer"")","['23rd day of December, 2003']",12/23/03,"['23rd day of December, 2003']",12/23/03,"['The initial term of this Agreement shall be for 3 years (the ""Initial Term"") commencing on the date first set forth above (the ""Commencement Date"") and ending on the 3rd anniversary of the Commencement Date.']",12/23/06,"['This Agreement will automatically renew for successive one year terms (each a ""Renewal Term"", and together with the Initial Term, the ""Term""), unless either Charterer or Owner elects not to renew this Agreement by providing the other party with written notice of such election 30 days prior to the expiration of the Initial Term or Renewal Term, as applicable, at which point this Agreement will automatically terminate.']",successive 1 year,"['This Agreement will automatically renew for successive one year terms (each a ""Renewal Term"", and together with the Initial Term, the ""Term""), unless either Charterer or Owner elects not to renew this Agreement by providing the other party with written notice of such election 30 days prior to the expiration of the Initial Term or Renewal Term, as applicable, at which point this Agreement will automatically terminate.']",30 days,['This Agreement shall be governed by and construed in accordance with the laws of the State of Texas.'],Texas
ADAMSGOLFINC_03_21_2005-EX-10.17-ENDORSEMENT AGREEMENT.PDF,['ENDORSEMENT AGREEMENT'],ENDORSEMENT AGREEMENT,"['ADAMS GOLF, LTD.', 'TOM WATSON', 'ADAMS GOLF', 'CONSULTANT']","TOM WATSON (""CONSULTANT""); ADAMS GOLF, LTD. (""ADAMS GOLF"")","['January 13, 2005']",1/13/05,['The Term of this Agreement shall be for a period of [* ****] years and [*****] months commencing the 1st day of September 2004 and terminating the [*****] day of [*****].'],9/1/04,['The Term of this Agreement shall be for a period of [* ****] years and [*****] months commencing the 1st day of September 2004 and terminating the [*****] day of [*****].'],[]/[]/[],[],,[],,['This Agreement shall be governed and construed according to the laws of the State of Kansas.'],Kansas
AMBASSADOREYEWEARGROUPINC_11_17_1997-EX-10.28-ENDORSEMENT AGREEMENT.PDF,['Endorsement Agreement'],Endorsement Agreement,"['The Sterling/Winters Co.', 'KI Inc.', 'KI', 'Diplomat', 'Kathy Ireland', 'SW', 'Diplomat Ambassador Eyewear Group', 'Kathy Ireland, Inc.']","Kathy Ireland, Inc. (""KI Inc.""); Kathy Ireland (""KI""); The Sterling/Winters Co. (""SW""); Diplomat Ambassador Eyewear Group (""Diplomat"")","['August 24, 1995']",8/24/95,"['August 1, 1995']",8/1/95,"['The term of the license hereby granted shall commence August 1, 1995 and continue until January 30, 2000, unless sooner terminated in the manner provided in the immediately succeeding sentence or as otherwise provided in this Agreement.']",1/30/00,[],,[],,['This Agreement shall be governed by and       construed in accordance with the laws of the State of California without       regard to conflict of law principles.'],California
HOLIDAYRVSUPERSTORESINC_04_15_2002-EX-10.13-ENDORSEMENT AGREEMENT.PDF,['ENDORSEMENT AGREEMENT'],ENDORSEMENT AGREEMENT,"['Holiday RV Superstores, Inc.', 'Affinity Group, Inc.', 'AGI', 'd/b/a Recreation USA', '(each a ""Party"" and collectively the ""Parties"").', 'Company']","Holiday RV Superstores, Inc. d/b/a Recreation USA (""Company""); Affinity Group, Inc. (""AGI""); Company and AGI (each a ""Party"" and collectively the ""Parties"")",['20th day of March 2002'],3/20/02,"['20th day of March 2002<omitted>Unless otherwise provided for in this Agreement, the term of this Agreement shall be three years, commencing on the date of this Agreement and expiring on the third anniversary date of this Agreement (the ""Termination\n\n\n\n\n\nDate"").']",3/20/02,"['Unless otherwise provided for in this Agreement, the term of this Agreement shall be three years, commencing on the date of this Agreement and expiring on the third anniversary date of this Agreement (the ""Termination\n\n\n\n\n\nDate"").']",3/20/05,[],,[],,['This Agreement has been made in the State of California and shall be governed by and construed in accordance with the laws thereof without regard to principles of conflicts of laws.'],California
"MARSHALLHOLDINGSINTERNATIONAL,INC_04_14_2004-EX-10.15-ENDORSEMENT AGREEMENT.PDF",['ENDORSEMENT AGREEMENT'],ENDORSEMENT AGREEMENT,"['Bruce Jenner', 'the COMPANY', 'The Right Solution', 'CELEBRITY']","Bruce Jenner (""CELEBRITY""); The Right Solution (""COMPANY"")","['1st day of                                                                --- November, 2003']",11/1/03,[],,['The COMPANY agrees to a one year engagement to contract the CELEBRITY to      speak at the company meetings and seminars along with endorsement of the      Company products.'],11/1/04,[],,[],,"['This Agreement was negotiated and is being contracted<omitted>for in Nevada, and shall be governed by the laws of the State of           Nevada, and the United States of America, notwithstanding any           conflict-of-law provision to the contrary.']",Nevada
MOVADOGROUPINC_04_30_2003-EX-10.28-ENDORSEMENT AGREEMENT.PDF,['ENDORSEMENT AGREEMENT'],ENDORSEMENT AGREEMENT,"['Trustees of the Grinberg Family Trust', 'Company', 'Movado Group, Inc.', 'Trust']","Movado Group, Inc. (""Company""); Trustees of the Grinberg Family Trust (""Trust"")","['IN WITNESS WHEREOF, the parties hereto have executed this Agreement as of this 4th day of April, 2003.']",4/4/03,[],,"[""Notwithstanding any provisions of this Agreement to the contrary, this Agreement shall terminate upon the Trust's payment to the Company of the sum of the aggregate amount of the premiums paid under the Policy since inception (which amount includes the outstanding principal balance of the Demand Note).""]",perpetual,[],,[],,"['Except to the extent preempted by Employee Retirement Income Security Act of 1974, as amended (""ERISA""), all rights hereunder shall be governed by and construed in accordance with the laws of the State of New York without regard to its rules governing conflicts of laws, or the rules of any other jurisdiction which would cause the laws of any\n\n\n\n\n\njurisdiction other than the State of New York to apply.']",New York
MOSSIMOINC_04_14_2000-EX-10.14-ENDORSEMENT AGREEMENT.PDF,['ENDORSEMENT AGREEMENT'],ENDORSEMENT AGREEMENT,"['Licensor', 'DAVID DUVAL ENTERPRISES, INC.', 'Company', 'MOSSIMO, INC.']","MOSSIMO, INC. (""Company""); DAVID DUVAL ENTERPRISES, INC (""Licensor"")","['1st day of January, 2000']",1/1/00,"['""Contract Period"" shall mean that period of time commencing on                   January 1, 2000 and concluding December 31, 2003, unless                   terminated sooner as provided herein.']",1/1/00,"['""Contract Period"" shall mean that period of time commencing on                   January 1, 2000 and concluding December 31, 2003, unless                   terminated sooner as provided herein.']",12/31/03,[],,[],,"['This agreement shall be governed by, and its provisions enforced in accordance with, the laws of the State of Ohio, without regard to its principals of conflicts of laws.']",Ohio
SPORTHALEYINC_09_29_1997-EX-10.2-10-ENDORSEMENT AGREEMENT.PDF,['ENDORSEMENT AGREEMENT'],ENDORSEMENT AGREEMENT,"['_________________', 'SPORT-HALEY, INC.', 'Professional', 'Company']","SPORT-HALEY, INC. (""Company""); __________ (""Professional"")","['this day of ___________________, 19__']",[]/[]/19[],"['this day of ___________________, 19__']",[]/[]/19[],"['The term of this Agreement shall extend from the date of          execution hereof through and until _______, unless extended by written          agreement of the parties.']",,[],,[],,"['This Agreement shall be construed and enforced in            accordance with, and governed by the laws of the State of Colorado           without regard to conflicts of laws principles.']",Colorado
TEARDROPGOLFCO_10_23_1996-EX-10.12-ENDORSEMENT AGREEMENT.PDF,['Endorsement Agreement'],Endorsement Agreement,"['TPC', 'Consolidated Artists  Inc.', 'Teardrop Putter Corporation', 'Consolidated Artists']","Teardrop Putter Corporation (""TPC""); Consolidated Artists  Inc. (""Consolidated Artists"")","['(1st)  day of January, 1996']",1/1/96,"['The term of this Agreement shall commence January 1, 1996, and shall continue for a period of three (3) years, concluding December 31, 1998.']",1/1/96,"['The term of this Agreement shall commence January 1, 1996, and shall continue for a period of three (3) years, concluding December 31, 1998.']",12/31/98,[],,[],,"['This Agreement shall be governed by and construed in accordance with the laws of the Commonwealth of Virginia applicable to contracts entered into and wholly to be performed within the Commonwealth of Virginia and, in the event of any litigation arising out of this Agreement, venue shall be the Commonwealth of Virginia.']",Virginia
WARNINGMANAGEMENTSERVICESINC_12_10_1999-EX-10-ENDORSEMENT AGREEMENT.PDF,['ENDORSEMENT AGREEMENT'],ENDORSEMENT AGREEMENT,"['FAMOUS FIXINS, INC.', 'Pey Dirt', 'Company', 'PEY DIRT, INC.']","FAMOUS FIXINS, INC. (""Company""); PEY DIRT, INC. (""Pey Dirt"")","['May 31, 1999']",5/31/99,"['""Contract Period"" shall mean that period of time commencing as of May 31, 1999 and concluding May 31, 2000.']",5/31/99,"['""Contract Period"" shall mean that period of time commencing as of May 31, 1999 and concluding May 31, 2000.']",5/31/00,[],,[],,['This Agreement shall be governed and construed according to the law of Tennessee.'],Tennessee
"Array BioPharma Inc. - LICENSE, DEVELOPMENT AND COMMERCIALIZATION AGREEMENT.PDF","['LICENSE, DEVELOPMENT AND COMMERCIALIZATION AGREEMENT']","LICENSE, DEVELOPMENT AND COMMERCIALIZATION AGREEMENT","['Ono Pharmaceutical Co., Ltd.', 'Ono', 'Array', '""Party"" means Array or Ono, individually; and ""Parties"" means Array and Ono, collectively.', 'Array BioPharma Inc.']","Array BioPharma Inc., (""Array""); Ono Pharmaceutical Co., Ltd. (""Ono""); (individually ""Party"", collectively ""Parties"")","['May 31, 2017']",5/31/17,"['May 31, 2017']",5/31/17,"['This Agreement shall commence on the Effective Date and, unless terminated earlier pursuant to this Article 13, shall continue in full force and effect, on a Product-by-Product and country-by-country basis until the Secondary Royalty Term with respect to such Product expires, at which time this Agreement shall expire in its entirety with respect to such Product in such country.']",,[],,[],,"['This Agreement and all questions regarding its validity or interpretation, or the breach or performance of this Agreement, shall be governed by, and construed and enforced in accordance with, the laws of the State of New York, United States, without reference to conflict of law principles.']",New York
Microgenics Corporation - Collaborative Development and Commercialization Agreement.PDF,['Collaborative Development and Commercialization Agreement'],Collaborative Development and Commercialization Agreement,"['Achaogen', 'Achaogen Inc.', 'Microgenics Corporation', 'Microgenics', 'Both Microgenics and Achaogen are referred to herein individually as a ""Party"" and collectively as the ""Parties.""']","Microgenics Corporation (""Microgenics""); Achaogen Inc. (""Achaogen""); (individually ""Party"" and collectively ""Parties"")","['April 26, 2016']",4/26/16,"['April 26, 2016']",4/26/16,"['This Agreement shall be effective as of the Effective Date and unless terminated earlier by mutual written agreement of the Parties or pursuant to Section 9.2 (Termination At Will) or Section 9.3 (Termination for Cause) below, the term of this Agreement shall continue in effect until Achaogen ceases development and commercialization of Plazomicin (""Term"").']",perpetual,[],,[],,"['This Agreement is subject to and governed by the laws of the State of Delaware, U.S.A. (without regard to conflict of law principles).']",Delaware
WARNERCHILCOTTPLC_12_31_2003-EX-4.36-DEVELOPMENT AGREEMENT.PDF,['DEVELOPMENT AGREEMENT'],DEVELOPMENT AGREEMENT,"['LEO', 'GALEN', 'LEO PHARMA A/S', 'GALEN (CHEMICALS) LIMITED']","Leo Pharma A/S (""LEO""); Galen (Chemicals) Limited (""GALEN"")","['April ____, 2003']",04/[]/2003,"['This Agreement will be effective when signed by both Parties provided          that the Co-promotion Agreement and the Option Agreement have been          signed and have come into force and provided also that said agreements          do not prohibit GALEN from entering into the Dovonex(R) Agreement and          the Dovobet(R) Agreement.<omitted>April ____, 2003']",04/[]/2003,[],,[],,[],,"['THIS AGREEMENT SHALL BE GOVERNED BY AND CONSTRUED IN ACCORDANCE WITH THE INTERNAL LAWS OF THE STATE OF NEW YORK APPLICABLE TO AGREEMENTS MADE AND TO BE PERFORMED ENTIRELY WITHIN SUCH STATE, WITHOUT REGARD TO THE CONFLICTS OF LAW PRINCIPLES OF SUCH STATE OTHER THAN SECTIONS 5-1401 OF THE NEW YORK GENERAL\n\n\n\n\n\nOBLIGATIONS LAW.']",New York
TRUENORTHENERGYCORP_02_08_2007-EX-10.1-DEVELOPMENT AGREEMENT.PDF,"['DEVELOPMENT AGREEMENT (""']",DEVELOPMENT AGREEMENT (“,"['BP', 'Party', 'TRUE NORTH ENERGY CORP.', 'BP AMERICA PRODUCTION COMPANY', 'Parties', 'Company']","BP America Production Company (""BP""); True North Energy Corp. (""Company"")(individually as a “Party” and collectively, the “Parties”)","['January 1, 2007']",1/1/07,"['January 1, 2007']",1/1/07,"['Except as provided in Sections 6.2, 6.3, 6.4, and 6.5, this Agreement shall terminate one (1) year from the Rig Release Date, if such has not been terminated sooner pursuant to the provisions hereof.']",,[],,[],,"['This Agreement and all matters pertaining hereto shall be governed by and construed under the laws of the State of Louisiana, except to the extent that the conflict of law rules of said state would require that the laws of another state would govern its validity, construction, or interpretation.']",Louisiana
AIRTECHINTERNATIONALGROUPINC_05_08_2000-EX-10.4-FRANCHISE AGREEMENT.PDF,['FRANCHISE AGREEMENT'],FRANCHISE AGREEMENT,"['hereinafter ""AIRSOPURE"" or by reference ""we"", ""us"", ""our""', 'Airsopure International Group, Inc.', '(hereinafter ""You"" or by reference ""Franchisee"", or ""Your"")']","Airsopure International Group, Inc. (""AIRSOPURE"" or ""we"" or ""us"" or ""our""); [] (""You"" or ""Franchisee"" or ""Your"")","['this ____ day of ___________, 2000,']",[]/[]/2000,"['________________, 2000']",[]/[]/2000,['The term of this Agreement shall be for 10 years commencing on the date of execution of this Agreement by AIRSOPURE.'],[]/[]/2010,"[""At the expiration of the term or any renewal term hereof, You may, at its option, renew the Franchise granted hereunder for 2 additional terms of 10 years each on the following terms and conditions:\n\n\n\n\n\nA. You shall give AIRSOPURE notice in writing of Your election to renew this Agreement at least 3 months prior to the expiration of the then-current term.\n\nB. You shall not be in default of any provision of this Agreement or amendment hereto, including without limitation all payment obligations to AIRSOPURE and its affiliates.\n\nC. As a condition of renewal of the Franchise, You agree to execute AIRSOPURE's then-current form of franchise agreement and to comply fully with all terms and conditions thereof, and to pay AIRSOPURE the then-current renewal fee, which is presently $1,000.00. You understand that AIRSOPURE may revise its franchise agreement for any renewal term, at AIRSOPURE's sole discretion, including without limitation to increase the royalty fees or other fees payable by You or to require other obligations of franchisees.\n\nD. You shall meet AIRSOPURE's then-current qualifications and training requirements.\n\nE. You shall execute a general release in a form prescribed by AIRSOPURE releasing AIRSOPURE and its affiliates, directors, officers, employees and agents from all known and unknown claims and liabilities to the extent permitted by state and federal law.\n\nF. You may be required, at AIRSOPURE's sole discretion, to upgrade or remodel Your AIRSOPURE Center to conform to AIRSOPURE's then-current specifications and standards as specified in AIRSOPURE's Operating Manual of otherwise in writing, provided such upgrade or remodel is reasonable in terms of cost and implementation schedule.""]",2 successive 10 years,[],,"['This Agreement takes effect upon its acceptance and execution by AIRSOPURE in the State of Texas, and shall be interpreted and construed under the laws of the State of Texas.']",Texas
"HOSPITALITYINVESTORSTRUST,INC_04_07_2014-EX-10.26-FRANCHISE AGREEMENT.PDF",['FRANCHISE AGREEMENT'],FRANCHISE AGREEMENT,"['We and you may collectively be referred to as the ""Parties.""', '""we,"" ""us,"" ""our"" or ""Franchisor""', 'Homewood Suites Franchise LLC', '""you,"" ""your"" or ""Franchisee""', 'Franchisee']","Homewood Suites Franchise LLC (""we,"" ""us,"" ""our"" or ""Franchisor""); Franchisee (""you,"" ""your"" or ""Franchisee"") (We and you may collectively be referred to as the ""Parties."")",[],,"['March 21, 2014']",3/21/14,"['The Term shall begin on the Effective Date and will end, without further notice, on the Expiration Date set forth in the Addendum, unless terminated earlier under the terms of this Agreement.<omitted>Expiration Date: at midnight on the last day of the month fifteen (15) years from the Effective Date']",3/31/29,[],,[],,"['The Parties agree that, except to the extent governed by the United States Trademark Act of 1946 (Lanham Act; 15 U.S.C.  lj 1050 et seq.), as amended, this Agreement will be governed by the laws of the State of New York without recourse to New York choice of law or conflicts of law principles.']",New York
INTERNATIONALFASTFOODCORP_04_04_1997-EX-99-FRANCHISE AGREEMENT.PDF,['FRANCHISE AGREEMENT'],FRANCHISE AGREEMENT,"['The  party  specified  as  the  Franchisee on SCHEDULE 1 attached                hereto', 'BURGER KING CORPORATION', 'BKC', 'INTERNATIONAL FAST FOOD CORPORATION', 'INTERNATIONAL FAST FOOD POLSKA SP ZO.0', 'collectively, the ""Principals"" and individually,                a ""Principal""', 'The party  or  parties  specified as the Principals on SCHEDULE 1                attached hereto', 'Franchisee']","BURGER  KING  CORPORATION (""BKC""); INTERNATIONAL FAST FOOD POLSKA SP ZO.0 (""Franchisee""); INTERNATIONAL FAST FOOD                                           CORPORATION (""Principals"", ""Principal"")",[],,[],,[],,[],,[],,"['This Agreement shall become valid when executed  and  accepted  by BKC in  Miami,  Florida;  it shall be  governed  and construed under and in accordance with the laws of the State of Florida; U.S.A.; provided,  however,  that since the Franchisee is a corporation formed under the laws of the  Republic  of  Poland  which is not doing  business  in the State of Florida, the Florida Franchise Act, Florida Statutes Section 817.416(1971) shall not apply to this Agreement.']",Florida
"GOOSEHEADINSURANCE,INC_04_02_2018-EX-10.6-Franchise Agreement.PDF",['FRANCHISE AGREEMENT'],FRANCHISE AGREEMENT,"['""you"" or the ""Franchisee""', '""we,"" ""us,"" or ""our""', 'Goosehead Insurance Agency, LLC']","Goosehead Insurance Agency, LLC (“we,” “us,” or “our""); (“you” or the “Franchisee"")",[],,"['Effective Date:', 'THIS FRANCHISE AGREEMENT (the ""Agreement"") is made and entered into as of the ""Effective Date"" that we have indicated on the signature page of this Agreement by and between:']",,"['The term of this Agreement starts on the Effective Date and, unless this Agreement is earlier terminated in accordance with its provisions, will expire ten (10) years from the Effective Date.']",,"['You will have the right to renew your rights to operate the Franchise Business for two (2) additional successor terms of five (5) years, so long as you have satisfied all of the conditions specified in Sections 2.2.1 through 2.2.10 before each such renewal: 2.2.1 You agree to give us written notice of your choice to renew at least six (6) months before the end of the term of this Agreement (but not more than nine (9) months before the term expires).']",successive 5 years,"[""In sum, Minn. Stat. § 80C.14 (subd. 3) currently requires, except in certain specified cases, that a franchisee be given 90 days' notice of termination (with 60 days to cure) of the Franchise Agreement."", ""With respect to franchisees governed by Minnesota law, we will comply with Minn. Stat. § 80C.14, Subds. 3, 4, and 5 which require, except in certain specified cases, that a franchisee be given 90 days' notice of termination (with 60 days to cure) and 180 days' notice of non-renewal of the Franchise Agreement, and that consent to the transfer of the franchise not be unreasonably withheld.""]",,"['The Franchise Agreement requires application of the laws of the State of Texas.', 'This Agreement will be interpreted and construed exclusively under the laws of the State of Texas, which laws will prevail in the event of any conflict of law (without regard to, and without giving effect to, the application of Texas choice-of-law rules); provided, however, that if the covenants in Section 19 of this Agreement would not be enforced as written under\n\nPage 55 of 80\n\n\n\n\n\nTexas law, then the parties agree that those covenants will instead be interpreted and construed under the laws of the state in which the Franchised Business is located.']",Texas
JOINTCORP_09_19_2014-EX-10.15-FRANCHISE AGREEMENT.PDF,"['Franchise Agreement', 'Addendum to Lease Agreement']","Franchise Agreement

Addendum to Lease Agreement","['________________________________________', 'if you are a partnership, corporation, or limited liability company, your ""Principal Owners""', 'The Joint Corp.', '(""you,"" ""Franchise Owner,"" or ""Franchisee', '""we,"" ""us,"" the ""Company,"" or ""The Joint Corp.""']","The Joint Corp (“we”, “us”, the “Company”, or “The Joint Corp.""); (“you,” “Franchise Owner,” or “Franchisee"")
 
 ________________________________________ (“you,” “Franchise Owner,” or “Franchisee)(if you are a partnership, corporation, or limited liability company, your “Principal Owners”)","['_____ day of _______________, 20__']",,"['_____ day of _______________, 20__', 'The Initial Term will begin on the Agreement Date.']",,"['You must operate the Franchise at a mutually agreeable site (the ""Premises"") to be identified after the signing of this Agreement, and to use the System and the Marks in the operation of that Franchise, for a term of 10 years (the ""Initial Term"")', 'Unless sooner terminated in accordance with the provisions of this Agreement, this Agreement will expire on _______________________________________.']",,"['Subject to the provisions of subparagraph 2.6(b) below, and if you have substantially complied with all provisions of this Agreement and all other agreements between us, on expiration of the Initial Term, if you refurbish and decorate the Premises, replace fixtures, furnishings, wall decor, furniture, equipment, and signs and otherwise modify the Franchise in compliance with specifications and standards then applicable under new or renewal franchises for The Joint Corp. Location franchises, you will have the right to renew the Franchise for one (1) additional term of ten (10) years (the ""Renewal Term"").', 'Should you choose to renew the Franchise, you must provide us with written notice of that intent no earlier than two (2) years and no later than one (1) year before the expiration of the Initial Term.']",10 years,[],,"['Except to the extent governed by the United States Trademark Act of 1946 (Lanham Act, 15 U.S.C. §§ 1051  et seq.) and except that all issues relating to arbitrability or the enforcement or interpretation of the agreement to arbitrate set forth in Section 17.9 which will be governed by the United States Arbitration Act (9 U.S.C. § 1  et seq.) and the federal common law relating to arbitration, this Agreement and the Franchise will be governed by the internal laws of the State of Arizona (without reference to its choice of law and conflict of law rules), except that the provisions of any Arizona law relating to the offer and sale of business opportunities or franchises or governing the relationship of a franchisor and its franchisees will not apply unless their jurisdictional requirements are met independently without reference to this Paragraph.']",Arizona
AMERICASSHOPPINGMALLINC_12_10_1999-EX-10.2-SITE DEVELOPMENT AND HOSTING AGREEMENT.PDF,['SITE DEVELOPMENT AND HOSTING AGREEMENT ('],SITE DEVELOPMENT AND HOSTING AGREEMENT (,"['The Deerskin Companies, Inc.', 'Company', 'Hanover Direct, Inc.', 'HDI']","Hanover Direct, Inc. (""HDI""); The Deerskin Companies, Inc. (""Company"")","['August 9, 1999']",8/9/99,"['This Agreement shall be effective as of that date (the ""Effective Date"") the Site becomes fully operational as set forth in writing and executed by both Parties and shall continue for a period of one (1) year from the Effective Date.']",,"['This Agreement shall be effective as of that date (the ""Effective Date"") the Site becomes fully operational as set forth in writing and executed by both Parties and shall continue for a period of one (1) year from the Effective Date.']",,"['This Agreement shall be automatically renewed for an additional one year period on each anniversary of the Effective Date, unless terminated by either Party hereto upon ninety (90) days written notice to the other.']",successive 1 year,"['This Agreement shall be automatically renewed for an additional one year period on each anniversary of the Effective Date, unless terminated by either Party hereto upon ninety (90) days written notice to the other.']",90 days,['This Agreement shall be governed and construed and enforced in accordance with the laws of the State of New York applicable to contracts made and to be performed exclusively in that State without giving effect to the principles of conflict of laws.'],New York
BLUEFLYINC_03_27_2002-EX-10.27-e-business Hosting Agreement.PDF,['e-business Hosting Agreement'],e-business Hosting Agreement,"['IBM', 'Services', 'Customer', 'Bluefly, Inc.', 'International Business Machines Corporation']","International Business Machines Corporation (""IBM""); Bluefly, Inc. (""Customer"")",['1/14/02'],1/14/02,"['This Agreement will be effective beginning on 12:01 a.m., Eastern Time, on the day after the date of last signature to these Base Terms (""Effective Date"") and ending on the expiration and/or termination of all Service Option Attachments, unless the Agreement is terminated earlier in accordance with the terms herein.']",1/15/02,"['This Agreement will be effective beginning on 12:01 a.m., Eastern Time, on the day after the date of last signature to these Base Terms (""Effective Date"") and ending on the expiration and/or termination of all Service Option Attachments, unless the Agreement is terminated earlier in accordance with the terms herein.']",perpetual,['Each Service Option Attachment will renew automatically for an additional term equal in duration to the previous term of the applicable Service Option Attachment unless either party notifies the other party in writing at least ninety (90) days prior to the end of the then-current term for the applicable Service Option Attachment that it has elected to terminate such Service Option Attachment.'],,['Each Service Option Attachment will renew automatically for an additional term equal in duration to the previous term of the applicable Service Option Attachment unless either party notifies the other party in writing at least ninety (90) days prior to the end of the then-current term for the applicable Service Option Attachment that it has elected to terminate such Service Option Attachment.'],,"['This Agreement will be governed by the substantive laws of the State of New York, without regard for its conflict of laws provisions.']",New York
BEYONDCOMCORP_08_03_2000-EX-10.2-CO-HOSTING AGREEMENT.PDF,['Co-Hosting Agreement'],Co-Hosting Agreement,"['NAI', 'Network Associates, Inc.', 'SOFTWARE.NET CORPORATION', 'NETWORKS ASSOCIATES, INC.', 'doing business as Network Associates, Inc.,', 'Co-Host', 'a.k.a. Beyond.com']","NETWORKS ASSOCIATES, INC. (""NAI""); SOFTWARE.NET CORPORATION (""a.k.a. Beyond.com"" or ""Co-Host"")","['9/21/98', 'September 21, 1998.']",9/21/98,"['The Effective Date of this Agreement (herein called the ""Effective Date"") is September 21, 1998.']",9/21/98,"['This Agreement will commence on the Effective Date, and will           terminate on the third anniversary of the Effective Date (the ""Term""),           unless earlier terminated as provided in this Agreemen']",9/21/01,[],,[],,"['This Agreement will be governed and interpreted according to the laws           of the State of California, without reference to principles of           conflicts of laws.']",California
BNCMORTGAGEINC_05_17_1999-EX-10.4-LICENSING AND WEB SITE HOSTING AGREEMENT.PDF,['LICENSING AND WEB SITE HOSTING AGREEMENT'],LICENSING AND WEB SITE HOSTING AGREEMENT,"['TrueLink', 'TrueLink, Inc.', 'Client', 'Mortgage Logic.com, Inc.']","Mortgage Logic.com, Inc. (""Client""); TrueLink, Inc. (""TrueLink"")","['February 26, 1999']",2/26/99,"['February 26, 1999']",2/26/99,"['This Agreement will take effect on the Effective Date and remain in effect for a period of 1 year; provided, that Sections 2 and 3 level shall terminate promptly upon (a) any action or omission by Client or any of its customers which constitutes a breach of or default by TrueLink under any System Agreement or Credit Repository Agreement, which breach or default has either not been cured or cannot be cured within the applicable cure period and the consequences of which is that TrueLink will lose material rights it had pursuant to said Agreements or (b) any violations or breach by Client of Sections 8a - 8c.']",2/26/00,['This Agreement shall renew automatically thereafter for successive one year periods until terminated pursuant to Section 12 herein or unless either Client or TrueLink deliver to the other written notice of intent not to renew no later than thirty (30) days prior to the end of said year.'],successive 1 year,['This Agreement shall renew automatically thereafter for successive one year periods until terminated pursuant to Section 12 herein or unless either Client or TrueLink deliver to the other written notice of intent not to renew no later than thirty (30) days prior to the end of said year.'],30 days,"['This Agreement shall be governed, construed and interpreted in accordance with the laws of the State of California (without respect to principles of conflicts of law).']",California
BOLIVARMININGCORP_05_23_2003-EX-2.1-VISP WEB SITE BUILDING AND HOSTING AGREEMENT.PDF,['VISP WEB SITE BUILDING AND HOSTING AGREEMENT'],VISP WEB SITE BUILDING AND HOSTING AGREEMENT,"['Provider', 'YourNetPlus.com, Inc.', 'Kingdom Connect, Inc.', 'KCI']","YourNetPlus.com, Inc. (""Provider""); Kingdom Connect, Inc. (""KCI"")",['12th day of May 2003'],5/12/03,[],,['This agreement shall be for a term of five years from the date of this document.'],5/12/08,"['This agreement shall renew automatically each year thereafter, unless either party serves written notice of its intention not to renew, on the other at least 90 days prior to the expiration of the then current term of this agreement.']",successive 1 year,"['This agreement shall renew automatically each year thereafter, unless either party serves written notice of its intention not to renew, on the other at least 90 days prior to the expiration of the then current term of this agreement.']",90 days,"['All questions regarding the validity, interpretation, performance and enforcement of the provisions of this Agreement shall be governed by the laws of the state of New York.']",New York
CORIOINC_07_20_2000-EX-10.5-LICENSE AND HOSTING AGREEMENT.PDF,['License and Hosting Agreement'],License and Hosting Agreement,"['CORIO', 'Commerce One, Inc.', 'COMMERCE ONE', 'Corio Inc.']","Corio Inc. (""CORIO""); Commerce One, Inc. (""COMMERCE ONE"")","['October 29, 1999']",10/29/99,"['October 29, 1999']",10/29/99,['The term of this Agreement shall commence on the Effective Date         and shall continue in full force and effect for an initial period of         five (5) years.'],10/29/04,"['Thereafter, this Agreement shall automatically renew for         subsequent one (1) year periods unless either party provides the other         party with written notification at least thirty (30) days prior to the         expiration of the initial five (5) year term or any one (1) year renewal         thereof of its intention to terminate this Agreement.']",successive 1 year,"['Thereafter, this Agreement shall automatically renew for         subsequent one (1) year periods unless either party provides the other         party with written notification at least thirty (30) days prior to the         expiration of the initial five (5) year term or any one (1) year renewal         thereof of its intention to terminate this Agreement.']",30 days,"['This Agreement shall be governed by         the laws of the State of California, USA, excluding conflict of laws         provisions and excluding the 1980 United Nations Convention on Contracts         for the International Sale of Goods.']",California
CHANGEPOINTCORP_03_08_2000-EX-10.6-LICENSE AND HOSTING AGREEMENT.PDF,['License and Hosting Agreement'],License and Hosting Agreement,"['CORIO', 'Changepoint, Inc.', 'CHANGEPOINT', 'Corio Inc.']","Corio Inc. (""CORIO""); Changepoint, Inc. (""CHANGEPOINT"")","['December 13, 1999']",12/13/99,"['This Agreement shall be effective on the Effective Date and shall terminate in accordance with this Article.', 'December 13, 1999']",12/13/99,"['The term of this Agreement shall commence on the Effective Date          and, subject to the provisions of this Agreement, shall continue in          full force and effect for an initial period of five (5) years.']",12/13/04,"['Thereafter, this Agreement shall automatically renew for subsequent one          (1) year periods unless either party provides the other party with          written notification at least thirty (30) days prior to the expiration          of the initial five (5) year term or any one (1) year renewal thereof          of its intention to terminate this Agreement.']",successive 1 year,"['Thereafter, this Agreement shall automatically renew for subsequent one          (1) year periods unless either party provides the other party with          written notification at least thirty (30) days prior to the expiration          of the initial five (5) year term or any one (1) year renewal thereof          of its intention to terminate this Agreement.']",30 days,"['This Agreement shall be governed by and construed in                       accordance with the laws of the State of New York without                       reference to its conflict or choice of law rules or                       principles.', 'This Agreement shall be governed by          the laws of the State of California, USA, excluding conflict of laws          provisions and excluding the 1980 United Nations Convention on          Contracts for the International Sale of Goods.']",California
GALACTICOMMTECHNOLOGIESINC_11_07_1997-EX-10.46-WEB HOSTING AGREEMENT.PDF,['WEB HOSTING AGREEMENT'],WEB HOSTING AGREEMENT,"['Galacticomm', 'Horst Entertainment Inc']",Galacticomm; Horst Entertainment Inc,['9/9/97'],9/9/97,[],,[],,[],,[],,[],
INKTOMICORP_06_08_1998-EX-10.14-SOFTWARE HOSTING AGREEMENT.PDF,['Software Hosting Agreement'],Software Hosting Agreement,"['Inktomi', 'Microsoft', 'MICROSOFT CORPORATION', 'INKTOMI CORPORATION']","INKTOMI CORPORATION (""Inktomi""); MICROSOFT CORPORATION (""Microsoft"")",[],,"['This Software Hosting Agreement (the ""Agreement"") is entered into and effective as of the later of the two signature dates below (the ""Effective Date"")<omitted>7/27<omitted>, 1997']",7/27/97,"['""Term"" means the period of time commencing on the Effective Date and continuing thereafter indefinitely until this Agreement is terminated pursuant to Section 10 below.']",perpetual,[],,[],,"['This Agreement shall be construed, enforced, performed and in all respects governed by and in accordance with the laws in the State of Washington.']",Washington
"ADMA BioManufacturing, LLC -  Amendment #3 to Manufacturing Agreement .PDF",['Amendment #3 to the Manufacturing Agreemen'],Amendment #3 to the Manufacturing Agreemen,"['ADMA', 'Sanofi Pasteur S.A.', 'ADMA BioManufacturing, LLC', 'Sanofi Pasteur']","ADMA BioManuFacturing, LLC (""ADMA""); Sanofi Pasteur S.A (""Sanofi Pasteur"")",['22 Dec. 2017'],12/22/17,"['December 21, 2017']",12/21/17,[],,[],,[],,[],
"Antares Pharma, Inc. - Manufacturing Agreement.PDF",['Manufacturing Agreement'],Manufacturing Agreement,"['Antares and AMAG are sometimes referred to herein individually as a ""Party"" and collectively as the ""Parties"".', 'Antares Pharma, Inc.', 'AMAG Pharmaceuticals, Inc.', 'Antares', 'AMAG']","Antares Pharma, Inc. (""Antares""); AMAG Pharmaceuticals, Inc. (""AMAG""); individually as ""Party"" and collectively as the ""Parties""","['20th day of March, 2018']",3/20/18,"['20th day of March, 2018']",3/20/18,"['Subject to early termination of this Agreement pursuant to Sections 7.2, 7.3 or 7.4, this Agreement shall become effective as of the Effective Date and shall continue until the expiration or earlier termination of the Development and License Agreement (the ""Term"").']",Perpetual,[],,[],,"['This Agreement shall be governed by and interpreted in accordance with the substantive laws of the State of New York, without regard to its conflict of law provisions.']",New York
Apollo Endosurgery - Manufacturing and Supply Agreement.PDF,['Manufacturing and Supply Agreement'],Manufacturing and Supply Agreement,"['APOLLO', 'Apollo Endosurgery', 'Establishment Labs, S.A', 'APOLLO and ESTABLISHMENT shall hereinafter be individually referred to as a ""Party"" and collectively as the ""Parties.""', 'ESTABLISHMENT']","Apollo Endosurgery (""APOLLO""); Establishment Labs, S.A (""ESTABLISHMENT""); Apollo and Establishment shall hereinafter be individually referred to as a ""Party"" and collectively as the ""Parties""","['Effective Date"" shall mean December 5, 2014.', 'this Agreement as of the Effective Date.']",12/5/14,"['Effective Date"" shall mean December 5, 2014.']",12/5/14,['This Agreement shall commence on the Effective Date and shall be valid for a period of five (5) years with automatic renewal of one year thereafter until terminated<omitted>by either party with one (1) year written notice prior to the expiration of the initial period or any extension period thereof.'],12/5/19,['This Agreement shall commence on the Effective Date and shall be valid for a period of five (5) years with automatic renewal of one year thereafter until terminated<omitted>by either party with one (1) year written notice prior to the expiration of the initial period or any extension period thereof.'],successive 1 year,['This Agreement shall commence on the Effective Date and shall be valid for a period of five (5) years with automatic renewal of one year thereafter until terminated<omitted>by either party with one (1) year written notice prior to the expiration of the initial period or any extension period thereof.'],1 year,"['Notwithstanding its place of execution or performance, this Agreement shall be governed by and construed in accordance with the laws of the State of Texas, irrespective of its laws regarding choice or conflict of laws.']",Texas
Cerus Corporation - FIRST AMEND TO SUPPLY AND MANUFACTURING AGREEMENT.PDF,['FIRST AMENDMENT TO SUPPLY AND MANUFACTURING AGREEMENT'],FIRST AMENDMENT TO SUPPLY AND MANUFACTURING AGREEMENT,"['Porex Corporation', 'Cerus Corporation', 'Cerus', 'Porex']","Cerus Corporation (""Cerus""); Porex Corporation (""Porex"")",['22 day of June 2018'],6/22/18,"['April 1, 2018']",4/1/18,[],,[],,[],,[],
"Columbia Laboratories, (Bermuda) Ltd. - AMEND NO. 2 TO MANUFACTURING AND SUPPLY AGREEMENT.PDF",['AMENDMENT NO. 2 TO MANUFACTURING AND SUPPLY AGREEMENT'],AMENDMENT NO. 2 TO MANUFACTURING AND SUPPLY AGREEMENT,"['Columbia', 'Fleet', 'Fleet Laboratories Limited', 'Columbia Laboratories, (Bermuda) Ltd.']","Columbia Laboratories, (Bermuda) Ltd. (""Columbia""); Fleet Laboratories Limited (""Fleet"")",['2018'],[]/[]/2018,['2018'],[]/[]/2018,"['Unless terminated earlier pursuant to Section 12.2 below, the initial term of this Agreement shall expire on 31 December 2024 (the ""Initial Term"") unless the Parties mutually agree in writing any extension to the Initial Term.']",12/31/24,[],,[],,['This Amendment and and any dispute or claim (including non-contractual disputes or claims) arising out of or in connection with it or its subject matter or formation shall be governed by and construed in accordance with the laws of England.'],England
ELECTRAMECCANICA VEHICLES CORP. - Manufacturing Agreement .PDF,['Manufacturing Agreement'],Manufacturing Agreement,"['EMV', 'CHONGQING ZONGSHEN AUTOMOBILE INDUSTRY CO., LTD.', 'ELECTRAMECCANICA VEHICLES CORP', 'Manufacturer', 'ELECTRAMECCANICA VEHICLES CORP.']","Electrameccanica Vehicles Corp (""EMV""); Chongqing Zongshen Automobile Industry Co., LTD. (""Manufacturer""); ELECTRAMECCANICA VEHICLES CORP (""EMV"")","['February ____, 2017']",02/[]/2017,"['February ____, 2017 (']",02/[]/2017,"['This Agreement shall have a term of four (4) years from the effective date first set forth above, and shall automatically renew for additional one year terms unless earlier terminated by either party.']",02/[]/2021,"['This Agreement shall have a term of four (4) years from the effective date first set forth above, and shall automatically renew for additional one year terms unless earlier terminated by either party.']",successive 1 year,[],,['This Agreement shall be governed by and construed under the laws of Hong Kong without regard to choice of laws principles.'],Hong Kong
"Magenta Therapeutics, Inc. - Master Development and Manufacturing Agreement.PDF",['Master Development and Manufacturing Agreement'],Master Development and Manufacturing Agreement,"['Bachem', 'Magenta', 'Magenta and Bachem may be referred to individually as a ""Party"" or collectively as the ""Parties.""', 'Bachem Americas, Inc.', 'Magenta Therapeutics, Inc.']","Magenta Therapeutics, Inc. (""Magenta""); Bachem Americas, Inc. (""Bachem"") (individually as a “Party” or collectively as the “Parties”)","['February 13, 2018']",2/13/18,"['February 13, 2018']",2/13/18,"['This Agreement shall commence on the Effective Date and shall extend for a period of Five (5) years thereafter (""Initial Term""), unless this Agreement is terminated earlier as provided herein or is extended by mutual written agreement of the Parties.']",2/13/23,"['This Agreement may be renewed for additional periods of one (1) year (each such additional period, a ""Renewal Term"") unless either Party provides notice of nonrenewal upon not less than [***] prior written notice to the other Party.']",successive 1 year,"['This Agreement may be renewed for additional periods of one (1) year (each such additional period, a ""Renewal Term"") unless either Party provides notice of nonrenewal upon not less than [***] prior written notice to the other Party.']",,"['This Agreement will be construed and interpreted and its performance governed by the laws of the State of New York, without giving effect to its conflict of laws principles.']",New York
"Sonos, Inc. - Manufacturing Agreement .PDF",['Manufacturing Agreement'],Manufacturing Agreement,"['Sonos, Inc.', 'IAC', 'Sonos', 'Inventec Appliances Corporation']","Sonos, Inc. (""Sonos""); Inventec Appliances Corporation (""IAC"")","['September 4, 2014']",9/4/14,"['September 4, 2014']",9/4/14,"['Unless terminated earlier as provided herein, this Agreement shall terminate on the date three (3) years from the Effective Date.']",9/4/17,"['This Agreement shall be automatically renewed for additional successive one (1) year periods, unless written notice of non-renewal is received no later than six (6) months prior to the expiration of the then current term.']",successive 1 year,"['This Agreement shall be automatically renewed for additional successive one (1) year periods, unless written notice of non-renewal is received no later than six (6) months prior to the expiration of the then current term.']",6 months,"['This Agreement shall be governed by the law of California, U.S.A. and the arbitrators shall apply California law to the merits of any dispute or claim, without reference to conflict of law principles.']",California
"VAPOTHERM, INC. - Manufacturing and Supply Agreement.PDF",['Manufacturing and Supply Agreement'],Manufacturing and Supply Agreement,"['Vapotherm', 'VAPOTHERM, INC.', 'MEDICA S.p.A.', 'Medica']","VAPOTHERM, INC (""Vapotherm""); MEDICA S.p.A. (""Medica"")","['January 1st, 2013']",1/1/13,[],,"['The term of this Agreement is three years from and including the date of this Agreement (the ""Initial Term""), with automatic renewal for additional successive one-year terms (each a ""Renewal Term"" and together wit the Initial Term, the ""Term"") unless no later than [* * *] days prior to the end of the Initial Term, or any Renewal Term either party notifies the other that it wishes to terminate this Agreement effective the end of the Initial Term or that Renewal Term, as applicable.']",1/1/16,"['The term of this Agreement is three years from and including the date of this Agreement (the ""Initial Term""), with automatic renewal for additional successive one-year terms (each a ""Renewal Term"" and together wit the Initial Term, the ""Term"") unless no later than [* * *] days prior to the end of the Initial Term, or any Renewal Term either party notifies the other that it wishes to terminate this Agreement effective the end of the Initial Term or that Renewal Term, as applicable.']",successive 1 year,"['The term of this Agreement is three years from and including the date of this Agreement (the ""Initial Term""), with automatic renewal for additional successive one-year terms (each a ""Renewal Term"" and together wit the Initial Term, the ""Term"") unless no later than [* * *] days prior to the end of the Initial Term, or any Renewal Term either party notifies the other that it wishes to terminate this Agreement effective the end of the Initial Term or that Renewal Term, as applicable.']",[],['This Agreement is governed by the laws of the State of New York without giving effect to principles of conflict of laws.'],New York
"ON2TECHNOLOGIES,INC_11_17_2006-EX-10.3-SUPPORT AND MAINTENANCE AGREEMENT.PDF",['SUPPORT AND MAINTENANCE AGREEMENT'],SUPPORT AND MAINTENANCE AGREEMENT,"['On2 Technologies, Inc.', 'Wildform', 'On2', 'Wildform, Inc.']","On2 Technologies, Inc. (""On2""); Wildform, Inc. (""Wildform"")","['April __, 2005']",04/[]/2005,"['April __, 2005']",04/[]/2005,"['Except as otherwise set forth in Sections 9.2 and 9.3 or Exhibit A hereof, the term of this Agreement shall be eighteen (18) months (""Term"").']",10/[]/2006,[],,[],,"['This Agreement shall be governed by and construed in accordance with the laws of the State of New York, without giving effect to any choice of law or conflict of law provision or rule whether such provision or rule is that of the State of New York or any other jurisdiction.']",New York
PRIMEENERGYRESOURCESCORP_04_02_2007-EX-10.28-COMPLETION AND LIQUIDITY MAINTENANCE AGREEMENT.PDF,['COMPLEHON AGREEMENT AND UQITDITV MAINTENANCE AGREEMENT'],COMPLEHON AGREEMENT AND UQITDITV MAINTENANCE AGREEMENT,"['GUARANTY BANK', 'Offshore', 'Guaranty', 'Prime', 'PRIMEEVERGY CORPORATION', 'PRIME OFFSHORE L.L.C.']","PRIMEEVERGY CORPORATION (""Prime); GUARANTY BANK (""Guaranty""); PRIME OFFSHORE L.L.C. (""Offshore"")","['June 29, 2006']",6/29/06,"['June 29, 2006']",6/29/06,[],,[],,[],,"['This Agreement shad be deemed a contract made under and shall be construed in accordance with and governed by the laws ofthe State ofTexas  and that actions arising out ofthis Agreement may be litigated in courts having situs in Harris County, Texas.']",Texas
SECURIANFUNDSTRUST_05_01_2012-EX-99.28.H.9-NET INVESTMENT INCOME MAINTENANCE AGREEMENT.PDF,"['RESTATED NET INVESTMENT INCOME MAINTENANCE AGREEMENT,']","RESTATED NET INVESTMENT INCOME MAINTENANCE AGREEMENT,","['the ""Underwriter""', 'Advantus Capital  Management, Inc.', 'the ""Investment Adviser""', 'Securian Funds Trust', 'Securian Financial Services, Inc.', 'the ""Trust""', ""Trust's Advantus Money Market Fund"", 'the ""Fund""']","Advantus Capital  Management, Inc. (""Investment Adviser”); Securian Financial Services, Inc. (“Underwriter”); Securian Funds Trust (“Trust”); 
Trust’s Advantus Money Market Fund (“Fund”)","['May 1, 2012']",5/1/12,"['May 1, 2012']",5/1/12,"['This Agreement shall continue in effect for a period of one year from the date of its execution and from year to year thereafter provided such  continuance is specifically approved by a majority of the trustees of the Trust who (i) are not ""interested persons"" of the Trust or any other party  to this Agreement, as defined in the 1940 Act, and (ii) have no direct or indirect financial interest in the operation of this Agreement (""Non- Interested Trustees"").']",5/1/13,"['This Agreement shall continue in effect for a period of one year from the date of its execution and from year to year thereafter provided such  continuance is specifically approved by a majority of the trustees of the Trust who (i) are not ""interested persons"" of the Trust or any other party  to this Agreement, as defined in the 1940 Act, and (ii) have no direct or indirect financial interest in the operation of this Agreement (""Non- Interested Trustees"")']",sucessive 1 year,[],,[],
SANDRIDGEENERGYINC_08_06_2009-EX-10.6-OPERATIONS AND MAINTENANCE AGREEMENT.PDF,['OPERATIONS AND MAINTENANCE AGREEMENT'],OPERATIONS AND MAINTENANCE AGREEMENT,"['SandRidge Midstream, Inc.', 'Operator', 'Owner', 'Piñon Gathering Company, LLC']","Piñon Gathering Company, LLC (""Owner""); SandRidge Midstream, Inc. (""Operator"")","['June 30, 2009']",6/30/09,"['June 30, 2009']",6/30/09,"['This Agreement shall commence on the Effective Date and, unless terminated earlier pursuant to Section 3.2 or 3.3 of this Agreement, shall  continue until the twentieth (20th) anniversary of the Effective Date; provided, however, (i) Operator shall have the right to terminate this  Agreement at any time upon no less than 120 days prior written notice to Owner, if Operator provides a substitute operator acceptable to Owner,  as determined in its reasonable discretion, who (A) has experience operating similar assets, (B) has the ability to provide at least the same quality  of service as Operator, (C) has the financial ability to perform the obligations hereunder, and (D) is ready, willing and able to execute an operation  and maintenance agreement substantially similar to this Agreement and acceptable to Owner, as determined in its reasonable discretion, and  (ii) Owner shall have the right to terminate this Agreement at any time upon no less than 120 days prior written notice to Operator.']",6/30/29,[],,[],,"['This Agreement shall be governed by, construed, and enforced in accordance with the laws of the State of Texas, without regard to choice of  law principles that would require the application of the laws of any other jurisdiction.']",Texas
SEPARATEACCOUNTIIOFAGL_05_02_2011-EX-99.(J)(4)-UNCONDITIONAL CAPITAL MAINTENANCE AGREEMENT.PDF,['Unconditional Capital Maintenance Agreement'],Unconditional Capital Maintenance Agreement,"['Company', 'American International Group, Inc.', 'American General Life Insurance Company', 'AIG']","American International Group, Inc. (""AIG""); American General Life Insurance Company (""Company"")","['March 30, 2011']",3/30/11,"['March 30, 2011']",3/30/11,"['Unless earlier terminated in accordance with this paragraph 8, this        Agreement shall continue indefinitely.', 'To the extent not terminated previously        by AIG pursuant to the foregoing, this Agreement will terminate        automatically one year after the closing of any sale of the Company by        AIG, and all provisions hereof will be of no further force and effect.']",perpetual,[],,[],,"['This Agreement shall be governed by and construed in accordance with the        laws of New York, without giving effect to the principles of conflict of        laws.']",New York
SLOVAKWIRELESSFINANCECOBV_03_28_2001-EX-4.(B)(II).3-Maintenance and support contract for SICAP(R) modules.PDF,['Maintenance and support contract'],Maintenance and support contract,"['EuroTel', 'Sicap Ltd']",EuroTel; Sicap Ltd,[],,['It shall be effective on 06 October 2000 and shall have a duration of two       years.'],10/6/00,['It shall be effective on 06 October 2000 and shall have a duration of two       years.'],10/6/02,"['After the initial period of two years, the maintenance and support       contract shall be automatically renewed for a period of one year on each       renewal date, unless one of the parties terminates the maintenance and       support contract through written notification to the other party in the       form of a registered letter with proof of receipt, at least six (6) weeks       prior to the renewal date.']",successive 1 year,"['After the initial period of two years, the maintenance and support       contract shall be automatically renewed for a period of one year on each       renewal date, unless one of the parties terminates the maintenance and       support contract through written notification to the other party in the       form of a registered letter with proof of receipt, at least six (6) weeks       prior to the renewal date.']",6 weeks,[],
SFGFINANCIALCORP_05_12_2009-EX-10.1-SOFTWARE LICENSE AND MAINTENANCE AGREEMENT.PDF,['SOFTWARE LICENSE AND MAINTENANCE AGREEMENT'],SOFTWARE LICENSE AND MAINTENANCE AGREEMENT,"['SFG Financial Corp', 'E-Path FX', 'Licensee', 'Licensor', '551 FX IB Associates, LLC']","SFG Financial Corp (""E-Path FX"", ""Licensor""); 551 FX IB Associates, LLC (""Licensee"")",['27th day of April  2009'],4/27/09,[],,"['Subject to termination pursuant to this Agreement, the Non Exclusive license granted by Licensor to Licensee shall be for an initial  period of 36 months, commencing from the acceptance date, (the ""Initial Period"").']",,['The Agreement may be renewed for an additional period of  seven (7) years at the option of the Licensor.'],7 years,[],,"['Accordingly, the parties agree that  the validity, interpretation and legal effect of this Agreement shall be governed by the internal laws of the State of New York, U.S.A., applicable to  contracts entered in and performed entirely within the State of New York, U.S.A. without regard to any conflict of law principles.']",New York
SPARKLINGSPRINGWATERHOLDINGSLTD_07_03_2002-EX-10.13-SOFTWARE LICENSE AND MAINTENANCE AGREEMENT.PDF,['SOFTWARE LICENSE AND MAINTENANCE AGREEMENT'],SOFTWARE LICENSE AND MAINTENANCE AGREEMENT,"['GARMAN ROUTING SYSTEMS, INC.', 'SPARKLING SPRING WATER GROUP LIMITED', 'SPARKLING', 'GARMAN']","GARMAN ROUTING SYSTEMS, INC. (""GARMAN""); SPARKLING SPRING WATER GROUP LIMITED (""SPARKLING"")","['____ day of May, 2000']",05/[]/2000,[],,['This Agreement and the license granted under this Agreement shall remain in effect perpetually as long as fees are paid by Sparkling in accordance with the Fee Schedule and the Agreement is not otherwise terminated in accordance with this Section.'],perpetual,"['For a renewable one-year term commencing upon the Maintenance Commencement Date, subject to payment of maintenance fees in accordance with the Fee Schedule but without additional fees or charges, Garman shall provide the following Maintenance Services:']",successive 1 year,[],,['This Agreement shall be governed by the laws of Nova Scotia and the laws of Canada applicable in Nova Scotia.'],"Nova Scotia, Canada"
SMITHELECTRICVEHICLESCORP_04_04_2012-EX-10.26-FLEET MAINTENANCE AGREEMENT.PDF,['FLEET MAINTENANCE AGREEMENT'],   FLEET MAINTENANCE AGREEMENT,"['SEV GROUP LIMITED', 'DAIRY CREST LIMITED', 'SEV', 'DCL']","DAIRY CREST LIMITED (""DCL""); SEV GROUP LIMITED (""SEV"")",['13 October 2005'],10/13/05,"['""Commencement Date"" means 16 October 2005.']",10/16/05,"['This Agreement shall commence on the Commencement Date and shall continue for an initial period of five years until terminated  in the manner described in Clause 16 below.', 'In addition, DCL may terminate this Agreement with effect from the 3rd, 4th or 5th  anniversary of the Commencement Date by giving not less than six months notice in writing to SEV']",10/16/10,[],,[],,['This Agreement shall be governed by and construed in all respects in accordance with the law of England and Wales and both parties  submit to the exclusive jurisdiction of the English Courts.'],England; Wales
"SPIENERGYCO,LTD_03_09_2011-EX-99.5-OPERATIONS AND MAINTENANCE AGREEMENT.PDF",['OPERATIONS AND MAINTENANCE AGREEMENT'],OPERATIONS AND MAINTENANCE AGREEMENT,"['Solar Power, Inc.', 'Owner', 'Service Provider', 'Owner and Service Provider are sometimes hereinafter referred to individually as a ""Party"" and collectively as  the ""Parties.', 'Solar Tax Partners 1, LLC']","Solar Tax Partners 1, LLC (""Owner""); Solar Power, Inc. (""Service Provider""); (Owner and Service Provider are sometimes hereinafter referred to individually as a “Party” and collectively as  the “Parties"")","['December 11, 2009']",12/11/09,"['December 11, 2009']",12/11/09,"['The term of this Agreement shall commence on the Services Commencement Date and remain effective for ten (10) years (the ""Initial Term"")  unless terminated in accordance with its terms.']",12/11/19,"['This Agreement shall be subject to an automatic extension for consecutive one (1) year periods  thereafter (each, an ""Extension Term"" and together with the Initial Term, the ""Term""), unless terminated (i) in accordance with its terms or (ii)  upon thirty (30) days\' written notice by either Party to the other Party.']",successive 1 year,"['This Agreement shall be subject to an automatic extension for consecutive one (1) year periods  thereafter (each, an ""Extension Term"" and together with the Initial Term, the ""Term""), unless terminated (i) in accordance with its terms or (ii)  upon thirty (30) days\' written notice by either Party to the other Party.']",30 days,"['This Agreement will be governed by the laws of the State of California, without<omitted>giving effect to the conflicts of laws principles thereof.']",California
STARTECGLOBALCOMMUNICATIONSCORP_11_16_1998-EX-10.30-CONSTRUCTION AND MAINTENANCE AGREEMENT.PDF,['CONSTRUCTION AND MAINTENANCE AGREEMENT'],CONSTRUCTION AND MAINTENANCE AGREEMENT,"['Tele Danmark A/S', 'Tele 2 AB', 'ABS Telecom plc', 'Belgacom S.A.', 'Cable & Wireless Global Network Organisation Limited', 'Transoceanic Communications Incorporated', 'Hellenic Telecommunications Organisation S.A.', 'STARTEC GLOBAL COMMUNICATIONS CORPORATION', 'Ultrallne (Bermuda) Limited', 'TELIA AB (publ)', 'France Telecom', 'TeleBermuda International Limited', 'IXC Communications, Inc.', 'Rostelecom', 'StarHub', 'Japan Telecom Co., Ltd.', 'Pacific Gateway Exchange Inc.', 'Sprint Communications Company L.P.', '(hereinafter  collectively  called  ""Parties""  and  individually  called ""Party"")', 'Kokusai Denshin Denwa Americas Inc.', 'GTE Intelligent Network Services Incorporated', 'British Telecommunications pIc', 'NTT Worldwide Network Corporation', 'Telef6nica de Espana, S.A.', 'Swisscom North America Inc.', 'Emirates Telecommunications Corporation - ETISALAT', 'CYPRUS TELECOMMUNICATIONS AUTHORITY', 'BellSouth International, Inc.', 'Com Tech International Corporation', 'RSL Communications Limited', 'Teleglobe USA', 'Sonera Ltd.', 'Deutsche Telekom AG', 'Cable & Wireless, Inc.', 'KPN Telecom B.V', 'MCI International Inc.', 'Telenor Global Services AS', 'STAR Telecommunications Inc.', 'VIATEL', 'Swisscom Ltd', 'Turk Telekomunikasyon A.S.', 'Telesur', 'Telia North America Inc.', 'Slovenske Telecomunicatie s.e.', 'Energis Communications Limited', 'IXNET Limited', 'BARAK I.T.C', 'Videsh Sanchar Nigam Limited', 'Singapore Telecommunications Limited', 'COMPANHIA PORTUGUESA RADIO MARCONI, SA.', 'BC TEL', 'Pacific Gateway Exchange', 'AT&T Corp.', 'OY FINNET International AB', 'Carrier 1 AG']","ABS Telecom plc; AT&T Corp.; BARAK I.T.C; BC TEL; Belgacom S.A.; BellSouth International, Inc.; British Telecommunications pIc; Cable & Wireless Global Network Organisation Limited; Cable & Wireless, Inc.; Carrier 1 AG; COMPANHIA PORTUGUESA RADIO MARCONI, SA.; Com Tech International Corporation; CYPRUS TELECOMMUNICATIONS AUTHORITY; Deutsche Telekom AG; Energis Communications Limited; Emirates Telecommunications Corporation - ETISALAT; France Telecom; GTE Intelligent Network Services Incorporated; Hellenic Telecommunications Organisation S.A.; IXC Communications, Inc.; IXNET Limited; Japan Telecom Co., Ltd.; Kokusai Denshin Denwa Americas Inc.; KPN Telecom B.V; MCI International Inc.; NTT Worldwide Network Corporation; OY FINNET International AB; Pacific Gateway Exchange; Pacific Gateway Exchange Inc.; Rostelecom; RSL Communications Limited; Singapore Telecommunications Limited; Slovenske Telecomunicatie s.e.; Sonera Ltd.; Sprint Communications Company L.P. ; STAR Telecommunications Inc.; StarHub; STARTEC GLOBAL COMMUNICATIONS CORPORATION; Swisscom Ltd; Swisscom North America Inc.; Tele 2 AB; TeleBermuda International Limited; Tele Danmark A/S; Telef6nica de Espana, S.A.; Teleglobe USA; Telenor Global Services AS; Telesur; TELIA AB (publ); Telia North America Inc.; Transoceanic Communications Incorporated; Turk Telekomunikasyon A.S.; Ultrallne (Bermuda) Limited; VIATEL; Videsh Sanchar Nigam Limited 
(hereinafter  collectively  called  ""Parties""  and  individually  called ""Party"")",['2nd  day  of  September  1998'],9/2/98,['2nd  day  of  September  1998'],9/2/98,"['This Agreement  shall become  effective on the Effective Date and shall          continue in operation for at least a period of  twenty-five  (25) years          (hereinafter  called ""Initial Period"") after the RFCS Date and shall be          terminable  thereafter by agreement of the Parties.']",9/2/23,[],,[],,"['The  construction,  interpretation  and  performance  of this Agreement          shall be governed by the laws of Switzerland,  except for its conflicts          of law principles.']",Switzerland
SUNTRONCORP_05_17_2006-EX-10.22-MAINTENANCE AGREEMENT.PDF,['MAINTENANCE AGREEMENT'],MAINTENANCE AGREEMENT,"['SUNTRON-IOWA, INC.', 'U.S. BANK NATIONAL ASSOCIATION', 'Agent', 'K*TEC OPERATING CORP.', 'CURRENT ELECTRONICS, INC.', 'SUNTRON CORPORATION', 'RM ELECTRONICS, INC.', 'THAYER EQUITY INVESTORS IV, L.P.', 'SUNTRON GCO, L.P.', 'Investor', 'SUNTRON-KANSAS, INC.', 'collectively, the ""Borrowers""', 'in such capacity and together with its successors and assigns in such capacity, the ""Agent""', 'EFTC OPERATING CORP.', 'collectively and together with their respective successors and assigns, the ""Lenders""']","THAYER EQUITY INVESTORS IV, L.P. (""Investor""); U.S. Bank National ASSOCIATION (together with its successors and assigns in such capacity, the ""Agent""); (Investor and Agent collectively and together with their respective successors and assigns, the ""Lenders""); SUNTRON CORPORATION; K*TEC OPERATING CORP., SUNCTRON GCO L.P.; EFTC OPERATING CORP.; SUNTRON-IOWA, INC.; CURRENT ELECTRONICS, INC.; RM ELECTRONICS, INC.; SUNTRON-KANSAS, INC. (collectively, the ""Borrowers"")",['28th day of March 2006'],3/28/06,[],,"['This Agreement shall terminate upon the earliest to occur of: (i) the date on which the aggregate Required Capital Contributions paid by the Investor, and received by the Borrowers, in accordance with the terms of this Agreement equal $5,000,000; (ii) the Release Date (as defined in Section 19) or (iii) payment in full, in cash, of all Obligations and the termination of the Financing Agreement; provided, however, that this Agreement shall continue to be effective, or be reinstated, as the case may be, if at any time the aggregate Required Capital Contributions paid by the Investor, and received by the Borrowers, in accordance with the terms of this Agreement is less than $5,000,000 and any payment, or any part thereof, on account of any of the Obligations is invalidated, declared to be fraudulent or preferential, set aside, rescinded or must otherwise be restored or returned by the Agent or the Lenders upon the insolvency, bankruptcy, liquidation, dissolution or reorganization of any Borrower or upon or as a result of the appointment of a receiver, intervenor or conservator of, or trustee or similar officer for any Borrower, or any substantial part of its property, or otherwise, all as though such payment had not been made.']",,[],,[],,"['THE VALIDITY, CONSTRUCTION AND ENFORCEABILITY OF THIS AGREEMENT SHALL BE GOVERNED BY THE LAWS OF THE STATE OF MINNESOTA, WITHOUT GIVING EFFECT TO CONFLICT OF LAWS PRINCIPLES THEREOF.']",Minnesota
SUMMAFOURINC_06_19_1998-EX-10.3-SOFTWARE LICENSE AND MAINTENANCE AGREEMENT.PDF,['Software license and maintenance agreement'],Software license and maintenance agreement,"['D2 Technologies, Inc.', 'D2', 'Summa Four Inc.', 'LICENSEE']","D2 Technologies, Inc. (""D2""); Summa Four Inc. (""LICENSEE"")","['August 4, 1997']",8/4/97,"['August 4, 1997']",8/4/97,['This Agreement shall become effective on the Effective Date and shall continue in effect until terminated in accordance with the provisions of this Article 9.'],perpetual,[],,[],,['This Agreement shall be governed by and interpreted in accordance within the laws of the State of New York without reference to conflicts of laws provisions.'],New York
TELEGLOBEINTERNATIONALHOLDINGSLTD_03_29_2004-EX-10.10-CONSTRUCTION AND MAINTENANCE AGREEMENT.PDF,['ASIA PACIFIC CABLE NETWORK 2 CONSTRUCTION & MAINTENANCE AGREEMENT'],ASIA PACIFIC CABLE NETWORK 2 CONSTRUCTION & MAINTENANCE AGREEMENT,"['China United Telecommunications Corporation', 'China Telecom', 'Taiwan Fixed Network Co., Ltd. Preparatory Office', 'Telia AB (publ)', 'Maxis International Sdn. Bhd', 'Advantage Telecommunications Ltd.', 'APT Satellite Telecommunications Limited', 'Williams Communications, Inc.,', 'NTT Communications Corporation', 'Japan Telecom Co., Ltd.', 'KPN Telecom B.V.', 'PT Indosat (Persero) Tbk', 'Teleglobe USA Inc.', 'CTI International Limited', 'Telstra Global Networks Limited', 'Bayan Telecommunications, Inc.', 'Layer 2 Communications Group Ltd.', 'StarHub Pte Ltd', 'Concert Global Network Services, Ltd.', 'GNG Networks. Inc.', 'TT dotCom Sdn Bhd', 'Metromedia Fiber Network Services, Inc.', 'The Communications Authority of Thailand', 'Chunghwa Telecom Co., Ltd.,', 'GTE Intelligent Network Service Incorporated', 'Global One Communications Network, Inc.', 'Philippine Long Distance Telephone Company', 'Cable & Wireless HKT international Limited', 'KDD Corporation', 'Onse Telecom Corporation', 'edge2net Inc.', 'New World Telephone Limited', 'Dacom Corporation', 'Singapore Telecommunications Limited', 'Korea Telecom', 'China Netcom Corporation Ltd.', 'Cable & Wireless Global Network Limited', 'MCI International Telecommunications. Inc.', 'Onelink Cable Network Limited', 'Globe Telecom, Inc.', 'NTT Com Asia Ltd.', 'Eastern Telecommunications Philippines, Incorporated', 'New Century InfoComm Ltd., Preparatory Office', 'Global Access Ltd.', 'Telekom Malaysia Berhad (128740-P)', '(hereinafter collectively called ""Parties"" and individually called ""Party""),']","Advantage Telecommunications Ltd.; Cable & Wireless Global Network Limited; Cable & Wireless HKT international Limited; China Telecom; China United Telecommunications Corporation; Chunghwa Telecom Co., Ltd.,; Concert Global Network Services, Ltd.; Global One Communications Network, Inc.; Japan Telecom Co., Ltd.; KDD Corporation; Korea Telecom; KPN Telecom B.V.; Layer 2 Communications Group Ltd.; MCI International Telecommunications. Inc.; Metromedia Fiber Network Services, Inc.; New Century InfoComm Ltd., Preparatory Office; NTT Communications Corporation; Onelink Cable Network Limited; Philippine Long Distance Telephone Company; Singapore Telecommunications Limited; StarHub Pte Ltd; Taiwan Fixed Network Co., Ltd. Preparatory Office; Teleglobe USA Inc.; Telekom Malaysia Berhad (128740-P); Telstra Global Networks Limited; Williams Communications, Inc.,; APT Satellite Telecommunications Limited; Bayan Telecommunications, Inc.; China Netcom Corporation Ltd.; The Communications Authority of Thailand; CTI International Limited; Dacom Corporation; edge2net Inc.; Eastern Telecommunications Philippines, Incorporated; Global Access Ltd.; Globe Telecom, Inc.; GNG Networks. Inc.; GTE Intelligent Network Service Incorporated; PT Indosat (Persero) Tbk; Maxis International Sdn. Bhd; New World Telephone Limited; NTT Com Asia Ltd.;Onse Telecom Corporation; Telia AB (publ); TT dotCom Sdn Bhd; (hereinafter collectively called “Parties” and individually called “Party”)",['18th day of April 2000'],4/18/00,"['18th day of April 2000<omitted>This Agreement shall become effective on the date and year first above written and shall continue in operation for at least an initial period of twenty-five (25) years following the RFS Date (hereinafter referred to as ""initial Period"") and shall be terminable thereafter by agreement of the Parties.']",4/18/00,"['This Agreement shall become effective on the date and year first above written and shall continue in operation for at least an initial period of twenty-five (25) years following the RFS Date (hereinafter referred to as ""initial Period"") and shall be terminable thereafter by agreement of the Parties.']",4/18/25,[],,[],,[],
TELKOMSALTD_01_30_2003-EX-10-LICENCE AND MAINTENANCE AGREEMENT.PDF,['LICENCE AND MAINTENANCE AGREEMENT'],LICENCE AND MAINTENANCE AGREEMENT,"['SYSTEMS APPLICATIONS PRODUCTS (AFRICA) (PTY) LIMITED', 'SAP AFRICA', '(""TELKOM"")', 'TELKOM SOUTH AFRICA LIMITED']","SYSTEMS APPLICATIONS PRODUCTS (AFRICA) (PTY) LIMITED (""SAP AFRICA""); TELKOM SOUTH AFRICA LIMITED (""TELKOM"")",['31st day of  March 2001'],3/31/01,[],,"['Subject to the provisions of this AGREEMENT, and with effect from the date   when the party signing last in time appends its signature to this agreement (""the   effective date""), and enduring in perpetuity unless terminated as provided for   elsewhere in this AGREEMENT, SAP AFRICA grants, and TELKOM accepts a   non-exclusive, non-transferable licence to USE the SOFTWARE,   DOCUMENTATION and other SAP AFRICA PROPRIETARY INFORMATION at   the specified DESIGNATED SITE within the TERRITORY.', 'The licence granted hereunder shall become effective upon execution of this   AGREEMENT by both parties and shall endure indefinitely unless terminated   under clause 6. 2.']",perpetual,[],,[],,['This AGREEMENT shall be governed by and construed under the   Laws of the Republic of South Africa.'],Republic of South Africa
TRIZETTOGROUPINC_08_18_1999-EX-10.17-TECHNICAL INFRASTRUCTURE MAINTENANCE AGREEMENT.PDF,['TECHNICAL INFRASTRUCTURE MAINTENANCE AGREEMENT'],TECHNICAL INFRASTRUCTURE MAINTENANCE AGREEMENT,"['MEDICAL MANAGER, MIDWEST, INC.', 'Customer', 'MMMW', 'MTS, INC.']","MEDICAL MANAGER MIDWEST, INC. (""MMMW""); MTS, INC. (""Customer"")","['March 1, 1998']",3/1/98,"['3-5-98', 'This Agreement shall be effective on the date of signed                   acceptance (""Effective Date"") by MMMW.']",3/5/98,"['Upon expiration of that 12 months,           MMMW affords the Customer the opportunity of a continuation of support           on an annual basis as follows: The Initial Term of this Technical           Infrastructure Maintenance Agreement is twelve months, commencing on           the Effective Date.']",3/5/99,[],,"['Customer, upon thirty days prior written notice, may cancel this           Agreement at the end of the Initial Term and thereafter on each           anniversary of the end of the Initial Term.']",30 days,['This Agreement shall be interpreted in accordance with the                   laws of the State of Indiana.'],Indiana
UAGHINC_04_14_2004-EX-10.18-MAINTENANCE AGREEMENT.PDF,['MAINTENANCE AGREEMENT'],MAINTENANCE AGREEMENT,"['Provider', 'Company', 'Universal Access, Inc.', 'CityNet Telecommunications, Inc.']","Universal Access, Inc. (""Company""); CityNet Telecommunications, Inc.(""Provider"")","['July 23, 2003']",7/23/03,"['This Agreement commences on the date first above written, and will remain in effect for the period of five (5) years, except as otherwise provided herein.', 'July 23, 2003']",7/23/03,"['This Agreement commences on the date first above written, and will remain in effect for the period of five (5) years, except as otherwise provided herein.']",7/23/08,['This Agreement will extend automatically for monthly periods unless either party to this Agreement notifies the other party in writing at least thirty (30) days before the expiration of the then current term.'],successive 1 month,['This Agreement will extend automatically for monthly periods unless either party to this Agreement notifies the other party in writing at least thirty (30) days before the expiration of the then current term.'],30 days,"['THIS AGREEMENT AND THE RIGHTS AND OBLIGATIONS OF THE PARTIES HEREUNDER SHALL BE CONSTRUED ACCORDING TO AND GOVERNED BY THE SUBSTANTIVE LAWS OF THE STATE OF DELAWARE, EXCLUDING ITS CONFLICTS OF LAWS PRINCIPLES TO THE EXTENT SUCH PRINCIPLES WOULD LEAD TO THE APPLICATION OF A SUBSTANTIVE LAW OTHER THAN THE LAW OF THE STATE OF DELAWARE.']",Delaware
VARIABLESEPARATEACCOUNT_04_30_2014-EX-13.C-UNCONDITIONAL CAPITAL MAINTENANCE AGREEMENT.PDF,['Amended and Restated Unconditional Capital Maintenance Agreement'],Amended and Restated Unconditional Capital Maintenance Agreement,"['Company', 'American International Group, Inc.', 'American General Life Insurance Company', 'AIG']","American International Group, Inc. (""AIG""); American General Life Insurance Company (""Company"")","['February 18, 2014']",2/18/14,"['February 18, 2014']",2/18/14,"['Unless earlier terminated in accordance with this paragraph 7, this Agreement shall continue indefinitely.']",perpetual,[],,"['AIG shall have the absolute right to terminate this Agreement upon thirty (30) days\' prior written notice to the Company, which notice shall state the effective date of termination (the ""Termination Date""); provided, however, that AIG agrees not to terminate this Agreement unless (a) AIG significantly modifies the<omitted>corporate structure or ownership of the Company, or (b) AIG sells the Company to an acquirer, in each case, (i) having a rating from at least one of S&P, Moody\'s, A.M. Best or a substitute agency, which is a nationally recognized statistical rating organization, that is at least equal to the lower of (x) AIG\'s then-current rating from such agency or (y) the Company\'s then-current rating as supported by this Agreement from such agency; or (ii) such that, immediately on the effective date of the modification of corporate structure or sale by AIG of the Company, the Company\'s capitalization is consistent with the minimum capital adequacy standards and criteria of at least one of S&P, Moody\'s, A.M. Best or a substitute agency, which is a nationally recognized statistical rating organization, for a rating that is equal to or better than the Company\'s then-current rating on the date immediately preceding such modification of corporate structure or sale.']",30 days,"['This Agreement shall be governed by and construed in accordance with the laws of New York, without giving effect to the principles of conflict of laws.']",New York
VERTEXENERGYINC_08_14_2014-EX-10.24-OPERATION AND MAINTENANCE AGREEMENT.PDF,['OPERATIONS AND MAINTENANCE AGREEMENT'],OPERATIONS AND MAINTENANCE AGREEMENT,"['""Omega"" or ""Operator""', 'Owner', 'MAGELLAN TERMINALS HOLDINGS, L.P.', 'OMEGA REFINING, LLC', 'Owner and Operator are referred to individually herein as a ""Party"" and collectively herein as the ""Parties""']","MAGELLAN TERMINALS HOLDINGS, L.P. (""Owner""); OMEGA REFINING , LLC ("" Omega or Operator""); Individually as ""Party"" and collectively as ""Parties""","['3rd day of November, 2010']",11/3/10,"['3rd day of November, 2010']",11/3/10,"['This Agreement shall commence on the Effective Date and, shall continue for the duration of the Lease, unless terminated earlier pursuant to Section 3.2 or 3.3.']",,[],,[],,"['This Agreement shall be governed by, construed, and enforced in accordance with the laws of the State of Delaware, without regard to choice of law principles that would require the application of the laws of any other jurisdiction.']",Delaware
VERTICALNETINC_04_01_2002-EX-10.19-MAINTENANCE AND SUPPORT AGREEMENT.PDF,['Maintenance and Support Agreement'],Maintenance and Support Agreement,"['Converge', '""VNE""; collectively with VNI, ""Vert""', 'VerticalNet Enterprises LLC', 'VerticalNet, Inc.', 'Converge, Inc.', 'formerly known as Tradeum, Inc. which d/b/a VerticalNet Solutions', 'VNI']","VerticalNet,Inc (""VNI""); Vertical Enterprises LLC formerly known as Tradeum, Inc. which d/b/a VerticalNet Solutions (""VNE""; collectively with VNI, ""VERT""); Converge, Inc.(""Coverage"")","['9th day of October, 2001']",10/9/01,"['October 1, 2001']",10/1/01,"['The initial period of this Agreement (the ""Initial Term"") shall commence upon the Effective Date and continue until March 31, 2003.']",3/31/03,"['Thereafter, this Agreement shall renew only upon the mutual written agreement of the parties for up to three additional renewal terms of one year each (each, a ""Renewal Term"").']",successive 1 year,[],,"['This Agreement and performance under this Agreement shall be governed by the laws of the United States of America and of the Commonwealth of Pennsylvania as applied to agreements entered into and to be performed entirely within Pennsylvania between Pennsylvania residents, excluding its conflicts of law provisions.']",Pennsylvania
ZONDWINDSYSTEMPARTNERSLTDSERIES85-B_04_03_2006-EX-10-MANAGEMENT AND MAINTENANCE AGREEMENT.PDF,['FIRST AMENDMENT TO SAGEBRUSH MANAGEMENT AND MAINTENANCE AGREEMENT'],FIRST AMENDMENT TO SAGEBRUSH MANAGEMENT AND MAINTENANCE AGREEMENT,"['ToyoWest Management Inc.', 'Partnership', 'Sagebrush', 'Partners', 'Manager', 'Sagebrush partners']","Sagebrush (""Partnership""); Sagebrush partners (""Partners""); ToyoWest Management Inc. (""Manager"")","['December 1, 1990']",12/1/90,[],,[],,[],,[],,[],
"GWG HOLDINGS, INC. - ORDERLY MARKETING AGREEMENT.PDF",['ORDERLY MARKETING AGREEMENT'],ORDERLY MARKETING AGREEMENT,"['Trust Advisors to the Seller Trusts', 'Trust Advisors', 'Each of GWG and the Trust Advisors may be referred to herein as a ""Party"" and collectively as the ""Parties.""', 'GWG', 'GWG Holdings, Inc.']","GWG Holdings, Inc. (""GWG""); Trust Advisors to the Seller Trusts (""Trust Advisors""); GWG and Trust Advisors (each a  “Party” and collectively as the “Parties”)","['December 27, 2018']",12/27/18,"['December 27, 2018']",12/27/18,"['This OMA shall expire upon the earlier of (i) the first anniversary of the Effective Date and (ii) the date that all Shares of Stock of the Seller Trusts as set forth on Schedule A hereto have been sold (the ""Term"").']",12/27/19,[],,[],,"['This OMA, and all claims or causes of action (whether in contract or tort) that may be based upon, arise out of or relate to this OMA or the negotiation, execution or performance of this OMA (including any claim or cause of action based upon, arising out of or related to any representation or warranty made in or in connection with this OMA), will be construed in accordance with and governed by the law of the State of New York without regard to principles of conflicts of laws that would result in the application of the law of any other jurisdiction.']",New York
"HEMISPHERX - Sales, Marketing, Distribution, and Supply Agreement.PDF","['Sales, Marketing, Distribution, and Supply Agreement']","Sales, Marketing, Distribution, and Supply Agreement","['Hemispherx Biopharma, Inc.', 'Scientific Products Pharmaceutical Co. LTD.', 'HEMISPHERX', 'SCIENTIFIC PRODUCTS PHARMACEUTICAL CO. LTD', 'HEMISPHERX BIOPHARMA, INC', 'SCIEN']","HEMISPHERX BIOPHARMA, INC (""HEMISPHERX""); Scientific Products Pharmaceutical Co. LTD (""SCIEN”)",['3-31-16'],3/31/16,"['This Agreement shall become effective when it shall have been executed by all parties and upon receipt of all counterparts hereof that, when taken together, bear the signatures of each of the other parties hereto.', 'This Agreement between HEMISPHERX and SCIEN shall be in effect beginning the last date of execution set forth on the signature page to the Agreement (the ""Effective Date"") to which this Quality Agreement is Exhibit 2 and remain in effect until HEMISPHERX and SCIEN terminate the Agreement or it is superseded by a revised Quality Agreement executed by both parties.']",,"['The Term will be 3 years from Effective Date with an automatic 2 year term extensions unless otherwise advised by one of the Parties.', 'This Agreement between HEMISPHERX and SCIEN shall be in effect beginning the last date of execution set forth on the signature page to the Agreement (the ""Effective Date"") to which this Quality Agreement is Exhibit 2 and remain in effect until HEMISPHERX and SCIEN terminate the Agreement or it is superseded by a revised Quality Agreement executed by both parties.']",3/31/19,['The Term will be 3 years from Effective Date with an automatic 2 year term extensions unless otherwise advised by one of the Parties.'],successive 2 years,['The Term will be 3 years from Effective Date with an automatic 2 year term extensions unless otherwise advised by one of the Parties.'],,"['This Agreement and the transactions contemplated herein shall be governed by, and construed in accordance with, the laws of the State of Delaware, USA and disputes, if not resolved by the Parties, will be settled by binding arbitration in and under the rules of arbitration in London, England.']",Delaware
Monsanto Company - SECOND A&R EXCLUSIVE AGENCY AND MARKETING AGREEMENT .PDF,['SECOND AMENDED AND RESTATED EXCLUSIVE AGENCY AND MARKETING AGREEMENT'],SECOND AMENDED AND RESTATED EXCLUSIVE AGENCY AND MARKETING AGREEMENT,"['the ""Agent""', 'The Scotts Company', 'Monsanto', 'The Scotts Company LLC', 'Monsanto Company']","Monsanto Company (""Monsanto""); The Scotts Company LLC (""The Scotts Company"",""Agent"")","['August 31, 2017']",8/31/17,"['September 30, 1998']",9/30/98,['This Agreement shall commence as of the Effective Date and shall continue unless and until terminated as provided herein.'],perpetual,[],,[],,"[""The validity, interpretation and performance of this Agreement and any dispute connected with this Agreement will be governed by and determined in accordance with the statutory, regulatory and decisional law of the State of Delaware (exclusive of such state's choice of laws or conflicts of laws rules) and, to the extent applicable, the federal statutory, regulatory and decisional law of the United States.""]",Delaware
LECLANCHÉ S.A. - JOINT DEVELOPMENT AND MARKETING AGREEMENT.PDF,['JOINT DEVELOPMENT AND MARKETING AGREEMENT'],JOINT DEVELOPMENT AND MARKETING AGREEMENT,"['Leclanché', 'each a ""Party"""" and together ""Parties""', 'Oak Ridge', 'LECLANCHÉ S.A.', 'OAK RIDGE ENERGY TECHNOLOGIES INC']","LECLANCHÉ S.A. (""Leclanché""); OAK RIDGE ENERGY TECHNOLOGIES INC (""Oak Ridge""); (each a ""Party""” and together ""Parties"")","['April 6, 2014']",4/6/14,"['April 6, 2014']",4/6/14,"['Subject to Article 22.2, this Agreement shall remain in force for an Initial Period of 1 year, which may be renewed by mutual consent for such period as the Parties may agree (""Term""), unless it is terminated earlier in accordance with this Agreement or for any of the following reasons:']",4/6/15,[],,[],,['This Agreement shall be governed by and construed in accordance with Swiss law.'],Switzerland
"Loop Industries, Inc. - Marketing Agreement.PDF",['Marketing Agreement'],Marketing Agreement,"['each of Loop and Joint Venture Company is a ""Party""; together they are the ""Parties""', 'Loop', 'Indorama Loop Technologies, LLC', 'Joint Venture Company', 'Loop Industries, Inc.']","Loop Industries, Inc. (""Loop""); Indorama Loop Technologies, LLC (""Joint Venture Company”); Loop and Joint Venture Company (individually a ""Party, together they are the ""Parties"")","['September __, 2018']",09/[]/2018,"['September __, 2018']",09/[]/2018,['This Agreement begins on the Effective Date and shall continue indefinitely unless sooner terminated as provided in this Article 5.'],perpetual,[],,[],,"['This Agreement shall be governed by and interpreted in accordance with the laws of the State of Delaware, United States of America, without reference to conflict-of-laws principles.']",Delaware
NUVEEN - REMARKETING AGREEMENT.PDF,['REMARKETING AGREEMENT'],REMARKETING AGREEMENT,"['Fund', 'Nuveen AMT-Free Municipal Credit Income Fund', 'Investment Adviser', 'Remarketing Agent', 'Nuveen Fund Advisors, LLC', '[●]']","Nuveen AMT-Free Municipal Credit Income Fund (“Fund”); Nuveen Fund Advisors, LLC; Nuveen Investments, Inc. (“Investment Adviser”); [●] (""Remarketing Agent”)",['[●]'],,[],,"['This Agreement shall terminate as to the Remarketing Agent and its obligations hereunder with respect to VRRM-MFP Shares upon the earliest to occur of (a) the effective date of the resignation or removal of such Remarketing Agent pursuant to Section 5(a) and Section 5(b), respectively, (b) the completion of a successful Transition Remarketing on a New Mode Commencement Date in connection with transition to a new Mode, or (c) the date on which no VRRM-MFP Shares are Outstanding.']",perpetual,[],,[],,"['This Agreement shall be construed in accordance with and governed by the laws of the State of New York, except Section 25 below, which shall be construed in accordance with and governed by the laws of the Commonwealth of Massachusetts,<omitted>in each case without regard to conflict of laws principles that would require the application of the laws of another jurisdiction.']",New York; Massachussets
"MetLife, Inc. - Remarketing Agreement.PDF",['Remarketing Agreement'],Remarketing Agreement,"['Deutsche Bank Trust Company America', 'Remarketing Agents,', 'Deutsche Bank Securities Inc.', 'Stock Purchase Contract Agent', 'Deutsche Bank', 'Company', 'MetLife, Inc.']","MetLife, Inc. (""Company""); Deutsche Bank Securities Inc. (""Deutsche Bank”, ""Remarketing Agents""); Deutsche Bank Trust Company America (""Stock Purchase Contract Agent"")","['August 26, 2014']",8/26/14,[],,"['In addition, the<omitted>obligations of the Remarketing Agents may be terminated by them by notice given to the Company prior to 12:00 noon, New York City time on the Remarketing Settlement Date if, prior to that time, any of the applicable conditions precedent to the obligations of the Remarketing Agents described in Section 5 hereof shall have failed to occur.']",perpetual,[],,[],,"['THIS REMARKETING AGREEMENT AND THE PRICING AGREEMENT SHALL BE GOVERNED BY AND CONSTRUED IN ACCORDANCE WITH THE LAWS OF THE STATE OF NEW YORK, WITHOUT REGARD TO PRINCIPLES OF CONFLICTS OF LAW TO THE EXTENT THAT SUCH PRINCIPLES WOULD REQUIRE OR PERMIT THE APPLICATION OF LAWS OF ANOTHER JURISDICTION.']",New York
"PACIRA PHARMACEUTICALS, INC. - A&R STRATEGIC LICENSING, DISTRIBUTION AND MARKETING AGREEMENT .PDF","['AMENDED AND RESTATED STRATEGIC LICENSING, DISTRIBUTION AND MARKETING AGREEMENT']","AMENDED AND RESTATED STRATEGIC LICENSING, DISTRIBUTION AND MARKETING AGREEMENT","['F/K/A SKYEPHARMA, INC.', 'EKR', 'PACIRA PHARMACEUTICALS, INC.', 'EKR THERAPEUTICS, INC.', 'PPI']","PACIRA PHARMACEUTICALS, INC. (""F/K/A SKYEPHARMA, INC."", “PPI”); EKR THERAPEUTICS, INC. (""EKR"")","['October 15, 2009']",10/15/09,"['August 10, 2007']",8/10/07,"['This Agreement shall commence on the Effective Date and, subject to earlier termination in accordance with the provisions of Section 16, shall continue in force for a period being the longer of fifteen (15) years from first Commercial Launch of the Product in the Territory or until  the expiration of the last valid claim in the PPI Patents covering the Product in any country of the Territory (the ""Initial Term"").']",perpetual,['Thereafter  the term of this Agreement shall automatically renew for consecutive periods of two (2) years each.'],successive 2 years,"['Notwithstanding the foregoing, this  Agreement can be terminated by EKR at the end of the Initial Term by delivery of written notice to PPI at least one hundred eighty (180)  days prior to the end of the Initial Term or any renewal term.']",180 days,"['This Agreement and the relationship between the Parties shall be governed by, and interpreted in accordance with New  York law without regard to provisions related to conflicts of laws, and, except as provided in Section 21.2 above, the Parties agree to submit  any dispute to the exclusive jurisdiction of the federal and state courts sitting in New York.']",New York
Principal Life Insurance Company - Broker Dealer Marketing and Servicing Agreement .PDF,['Broker Dealer Marketing and Servicing Agreement for Variable Annuity Contracts'],Broker Dealer Marketing and Servicing Agreement for Variable Annuity Contracts,"['Distributor, Issuer and Broker Dealer are   individually referred to as a ""Party"" and collectively as the ""Parties""', 'Issuer', 'Distributor', '(collectively ""Broker Dealer"")', 'ABC Company', 'Principal Life Insurance Company', 'Princor Financial Services Corporation', '_______________________ and its duly licensed insurance affiliates indicated on the signature page of this   Agreement']","Principal Life Insurance Company (""Issuer"", individually referred to as a “Party” and collectively with Distributor and Broker Dealer as the “Parties”); Princor Financial Services Corporation (""Distributor"", individually referred to as a “Party” and collectively with Issuer and Broker Dealer as the “Parties”); ABC Company and its duly licensed insurance affiliates indicated on the signature page of this   Agreement (collectively “Broker Dealer”, individually referred to as a “Party” and collectively with Issuer and Distributor as the “Parties”)","['this ______ day of ________________, 2013,']",[]/[]/2013,"['this ______ day of ________________, 2013']",[]/[]/2013,[],,[],,[],,['This Agreement shall be governed by and construed in accordance with the laws of the State of Iowa.'],Iowa
"Reinsurance Group of America, Incorporated - A&R REMARKETING  AGREEMENT.PDF",['AMENDED AND RESTATED REMARKETING AGREEMENT'],AMENDED AND RESTATED REMARKETING AGREEMENT,"['Reinsurance Group of America, Incorporated', 'together, the ""Issuers""', 'Barclays', 'Trust', 'RGA Capital Trust I', 'Barclays Capital Inc.', 'Company', 'Remarketing Agent']","Reinsurance Group of America, Incorporated (""Company"", together with the Trust, the ""Issuers""); RGA Capital Trust I (""Trust"", together with the Company, the ""Issuers""); Barclays Capital Inc. (""Barclays"", ""Remarketing Agent"")","['February 15, 2011']",2/15/11,[],,"['In addition, the obligations of the Remarketing Agent  hereunder may be terminated by it by notice given to the Company prior to 5:00 p.m. (New York City time) on the date immediately preceding the  Commencement Date if, prior to that time, any of the events described in Sections 6(i), (j) or (k) shall have occurred.', 'This Agreement shall terminate (i) the Business Day immediately following the Remarketing Settlement Date, (ii) at 5:00  p.m., New York City time, on the last date of the Remarketing if the Remarketing is not successful or (iii) on the effective date of the resignation or  removal of the Remarketing Agent and the appointment of a new Remarketing Agent.']",perpetual,[],,[],,"['This Agreement shall be governed by, and construed in accordance with, the laws of the State of New York.']",New York
"SightLife Surgical, Inc. - STRATEGIC SALES & MARKETING AGREEMENT.PDF",['STRATEGIC SALES & MARKETING AGREEMENT'],STRATEGIC SALES & MARKETING AGREEMENT,"['Imprimis Pharmaceuticals, Inc.', 'Imprimis', 'SightLife Surgical, Inc.', 'Surgical']","SightLife Surgical, Inc. (“Surgical”); Imprimis Pharmaceuticals, Inc. (“Imprimis”)",['4/28/2017'],4/28/17,"['This Agreement shall be effective on the later of the dates that it is executed by Imprimis and Surgical (the ""Effective Date"") and shall terminate pursuant to the terms of the SOW (the ""Term"").<omitted>4/28/2017', 'The Agreement shall commence on the Effective Date and, unless terminated earlier pursuant to this Agreement or extended by mutual agreement between the parties, shall continue in effect for thirty six (36) months following the Effective Date (the ""Term"").']",4/28/17,"['The Agreement shall commence on the Effective Date and, unless terminated earlier pursuant to this Agreement or extended by mutual agreement between the parties, shall continue in effect for thirty six (36) months following the Effective Date (the ""Term"").', 'This Agreement shall be effective on the later of the dates that it is executed by Imprimis and Surgical (the ""Effective Date"") and shall terminate pursuant to the terms of the SOW (the ""Term"").']",4/28/20,[],,[],,"['This Agreement shall be governed by and construed in accordance with the laws of the State of California, excluding  the choice of law rules, and the parties hereby agree to submit to the jurisdiction and venue of the State and Federal courts  of the State of California, and agree that the State and Federal courts of the State of California shall be the exclusive forum for the resolution of all disputes related to or arising out of this Agreement.']",California
"Zounds Hearing, Inc. - MANUFACTURING DESIGN MARKETING AGREEMENT.PDF","['MANUFACTURING, DESIGN AND MARKETING AGREEMENT (t']","MANUFACTURING, DESIGN AND MARKETING AGREEMENT (t","['Subcontractor and Manufacturer may also be referred to herein individually as ""Party"" or collectively as the ""Parties"".', 'Subcontractor', 'InnerScope Hearing Technologies, Inc.', 'Zounds Hearing, Inc.', '""Manufacturer"")']","Zounds Hearing, Inc. (""Subcontractor”); InnerScope Hearing Technologies, Inc. (""Manufacturer); Subcontractor and Manufacturer (individually as “Party” or collectively as the “Parties"")","['October 3, 2018']",10/3/18,"['October 3, 2018']",10/3/18,"['Subject to earlier termination as provided in this Agreement, the initial term of this Agreement shall be for a period beginning on the Effective Date and ending ten (10) years thereafter unless this Agreement is terminated earlier as provided herein.']",10/3/28,['This Agreement will renew automatically thereafter for successive one-year terms unless and until one Party gives notification of termination with at least sixty (60) days written notice.'],successive 1 year,['This Agreement will renew automatically thereafter for successive one-year terms unless and until one Party gives notification of termination with at least sixty (60) days written notice.'],60 days,"['The Parties agree that this Agreement shall be governed by and construed in accordance with the laws of the State of Arizona without regard to conflicts of law provisions thereof or any other applicable law and that exclusive venue shall be in the federal or state courts located in Maricopa County, Arizona.']",Arizona
NATIONALPROCESSINGINC_07_18_1996-EX-10.4-SPONSORSHIP AGREEMENT.PDF,['Sponsorship Agreement'],Sponsorship Agreement,"['NPC', 'NCB', 'National Processing Company', 'National City Bank of Kentucky']","National Processing Company, (""NPC""); National City Bank of Kentucky, (""NCB"")",[],,"['June 30, 1996']",6/30/96,['The term of this Agreement shall be five years commencing on the Effective Date and ending at the close of business on the fifth anniversary of the Effective Date.'],6/30/01,['This Agreement shall automatically renew for successive one-year terms unless one party gives the other party written notice of non-renewal at least six months prior to automatic renewal.'],successive 1 year,['This Agreement shall automatically renew for successive one-year terms unless one party gives the other party written notice of non-renewal at least six months prior to automatic renewal.'],6 months,"['This Agreement and its interpretation shall be governed by the laws of the United States and, to the extent not inconsistent therewith, by the laws of the Commonwealth of Kentucky without regard to conflicts of laws rules.']",Kentucky
PACIFICSYSTEMSCONTROLTECHNOLOGYINC_08_24_2000-EX-10.53-SPONSORSHIP AGREEMENT.PDF,['SPONSORSHIP AGREEMENT'],SPONSORSHIP AGREEMENT,"['(""SLD"")', 'American Champion Media, Inc.', 'the ""Event""', 'ACM', 'Shun Li De Commerce & Trading Ltd']","American Champion Media, (""ACM""); Shun Li De Commerce & Trading Ltd, (""SLD"")","['April 14, 2000']",4/14/00,[],,[],,[],,[],,"['This Agreement shall be governed by, and construed and enforced in accordance with, the laws of the State of California and the laws of Hong Kong.']",California; Hong Kong
PROLONGINTERNATIONALCORP_03_23_1998-EX-10.16-SPONSORSHIP AGREEMENT.PDF,['SPONSORSHIP AGREEMENT'],SPONSORSHIP AGREEMENT,"['Sabco', 'SABCO RACING, INC.', 'Prolong', 'Prolong Super Lubricants']","SABCO RACING, INC. (""Sabco""); Prolong Super Lubricants (""Prolong"")",['19th day of December 1997'],12/19/97,[],,['The term of this Agreement shall commence with the first race             ----- of the 1998 Winston Cup season and shall continue until the final race of the  year-2000 Winston Cup season.'],,[],,[],,['This Agreement shall be            ------------------------------------- governed by and construed in accordance with the substantive laws of the State  of North Carolina.'],North Carolina
NETGROCERINC_07_31_1998-EX-10.15-SPONSORSHIP AGREEMENT.PDF,['SPONSORSHIP AGREEMENT'],SPONSORSHIP AGREEMENT,"['Excite', 'Excite, Inc.', 'NetGrocer, Inc.', 'NetGrocer']","Excite, Inc. (""Excite""); NetGrocer, Inc.(""NetGrocer"")","['15th day of December, 1997']",12/15/97,"['15th day of December, 1997']",12/15/97,"[""The term of this Agreement will begin on December 15, 1997                   and will end the later of (i) December 15, 1999 or (ii)                   Excite's delivery of all of the guaranteed Click-throughs                   described in Section 1(f).""]",12/15/99,[],,[],,"['This Agreement will be governed by and                   construed in accordance with the laws of the State of                   California, notwithstanding the actual state or country of                   residence or incorporation of NetGrocer.']",California
SONUSCORP_03_12_1997-EX-10.11-SPONSORSHIP AGREEMENT.PDF,['SPONSORSHIP AGREEMENT'],SPONSORSHIP AGREEMENT,"['the ""Sponsor""', 'C.M. OLIVER & COMPANY LIMITED', 'HEALTHCARE CAPITAL CORP.', 'the ""Issuer""']","HEALTHCARE CAPITAL CORP. (""Issue""); C.M. OLIVER & COMPANY LIMITED (""Sponsor"")","['March 13, 1996']",3/13/96,[],,"['This Agreement shall  terminate and,  subject to the provisions set forth below, be of no further  force or effect on the exercise by the Sponsor of its right to terminate  this Agreement as provided in subsection  6.2,  provided that, in any event,  sections  3, 7 and 8 and, in the event that such  termination  occurs by virtue of paragraph  6.2(b),  subsection 2.5 shall not terminate  (except as set forth  therein)  and shall  continue in full force and effect for the benefit of the Sponsor or the other parties to this Agreement, as the case may be.']",perpetual,[],,[],,"['This Agreement  will be governed by the law of British  Columbia and the parties attorn to the  non-exclusive  jurisdiction of the courts of British Columbia for the resolution of all disputes arising in connection with this Agreement.', 'This  Agreement is governed by, and will be construed in  accordance  with,  the laws of British Columbia, Canada.']","British Columbia,Canada"
RUBIOSRESTAURANTSINC_03_31_2008-EX-10.75-SPONSORSHIP AGREEMENT.PDF,['SPONSORSHIP AGREEMENT'],SPONSORSHIP AGREEMENT,"['SAN DIEGO BALLPARK FUNDING LLC SPONSOR', ""Rubio's Fresh Mexican Grill""]",SAN DIEGO BALLPARK FUNDING LLC; Rubio's Fresh Mexican Grill,['3/21/08'],3/21/08,"['The term (the ""Term"") shall commence on November 1, 2007 and end on October 31, 2008 (unless terminated earlier in accordance with the General Provisions).']",11/1/07,"['The term (the ""Term"") shall commence on November 1, 2007 and end on October 31, 2008 (unless terminated earlier in accordance with the General Provisions).']",10/31/08,[],,[],,['This Agreement shall be interpreted and enforced according to the laws of the State of California without regard to principles of conflict of laws.'],California
TICKETSCOMINC_06_22_1999-EX-10.22-SPONSORSHIP AGREEMENT.PDF,['SPONSORSHIP AGREEMENT'],SPONSORSHIP AGREEMENT,"['Tickets', 'MP3.com, Inc.,', 'MP3.com', 'Tickets.com, Inc.,']","Tickets.com Inc. ""Tickets""; MP3.com Inc. ""MP3.com""","['February 17, 1999']",2/17/99,"['February 17, 1999']",2/17/99,"[""This Agreement shall commence on the Effective Date and shall remain in full force and effect until one (1) year subsequent to the Effective Date, provided however, that Tickets may terminate this Agreement for any reason upon thirty (30) days' notice to MP3. com at any time prior to the expiration of sixty (60) days subsequent to the Effective Date.""]",2/17/00,"['Furthermore, for a thirty (30) day period, beginning thirty (30) days prior to the first anniversary of this Agreement, Tickets shall have the right to renew the Agreement for another year with Sponsor Fees that do not exceed a [***] percent increase over the existing Sponsor Fees.']",,[],,['This Agreement shall be governed by and construed in accordance with the laws of the State of California without reference to conflict of law principles thereof.'],California
"VNUE,INC_07_10_2015-EX-10.1-SPONSORSHIP AGREEMENT.PDF",['SPONSORSHIP AGREEMENT'],SPONSORSHIP AGREEMENT,"['ANTHEMIC', 'ANTHEMIC, LLC', 'Sponsor""', 'VNUE INC']","ANTHEMIC, LLC (""ANTHEMIC""); VNUE INC (the ""Sponsor"")","['June 23, 2015']",6/23/15,"['JUNE 23, 2015']",6/23/15,"['This term of this Agreement commences on the Effective Date and terminates on August 2nd, 2015 upon completion of event.']",8/2/15,[],,[],,['This Agreement is to be governed and construed according to the laws of the State of California without regard to conflicts of law.'],California
"ADIANUTRITION,INC_04_01_2005-EX-10.D2-RESELLER AGREEMENT.PDF",['Reseller Agreement'],Reseller Agreement,"['PivX', 'Detto Technologies', 'Detto', 'PivX Corporation']","PivX Corporation (""PivX""); Detto Technologies (""Detto"")","['this ___ day of _________, 2004']",[]/[]/2004,"['this ___ day of _________, 2004']",[]/[]/2004,['The term of this Agreement shall commence on the Effective Date and continue for six (6) months.'],[]/[]/2004,[],,[],,"['This Agreement shall be governed by and construed under the laws of the State of California, excluding conflict of laws provisions and excluding the 1980 United Nations Convention on Contracts for the International Sale of Goods.']",California
DIVERSINETCORP_03_01_2012-EX-4-RESELLER AGREEMENT.PDF,['RESELLER AGREEMENT'],RESELLER AGREEMENT,"['2205925 Ontario Limited', 'Diversinet', 'Diversinet Corp.', 'Reseller']","Diversinet Corp. (""Diversinet""); 2205925 Ontario Limited (the ""Reseller"")","['January 11, 2011']",1/11/11,"['January 11, 2011']",1/11/11,"['The term of this Agreement shall begin on the Effective Date and continue in effect for a period of five (5) years (the ""Initial Term""), unless sooner  terminated in accordance with the provisions set out herein.']",1/11/16,"['Upon expiration of the Initial Term, this Agreement shall automatically renew for  consecutive one (1) year periods, unless terminated by Reseller within sixty (60) days prior to the expiration of the Initial Term or any renewal term,  as the case may be (the Initial Term and each renewal term, collectively, the ""Term"").']",successive 1 year,"['Upon expiration of the Initial Term, this Agreement shall automatically renew for  consecutive one (1) year periods, unless terminated by Reseller within sixty (60) days prior to the expiration of the Initial Term or any renewal term,  as the case may be (the Initial Term and each renewal term, collectively, the ""Term"").']",60 days,"['This Agreement shall be governed by the laws of the province of Ontario, Canada, without regard to its conflict of laws principles.']","Ontario, Canada"
WORLDWIDESTRATEGIESINC_11_02_2005-EX-10-RESELLER AGREEMENT.PDF,['Reseller Agreement'],Reseller Agreement,"['TouchStar', 'Reseller', 'WORLDWIDE STRATEGIES', 'TOUCHSTAR SOFTWARE CORPORATION']","Touchstar Software Corporation (""TouchStar""); Worldwide Strategies (""Reseller"")","['14 day of SEPTEMBER, 200_']",09/14/200[],"['14 day of SEPTEMBER, 200_']",09/14/200[],"['This Agreement shall continue in force for a term           of twelve (12) months from the Effective Date, unless terminated           earlier under the provisions of this Article 8 (the ""Term""); PROVIDED           that TouchStar shall have the right to terminate this Agreement at any           time after the Effective Date upon not less than fifteen (15) days\'           prior written notice to Reseller.']",09/14/20[],[],,[],,"['THIS AGREEMENT SHALL BE GOVERNED BY, AND                 CONSTRUED IN ACCORDANCE WITH, THE LAWS OF THE STATE OF COLORADO,                 UNITED STATES, WITHOUT REGARD TO ITS PRINCIPLES REGARDING                 CONFLICT OF LAWS.']",Colorado
"BELLRINGBRANDS,INC_02_07_2020-EX-10.18-MASTER SUPPLY AGREEMENT.PDF",['MASTER SUPPLY AGREEMENT'],MASTER SUPPLY AGREEMENT,"['""Supplier"" or ""Fonterra""', 'Fonterra (USA) Inc.', 'Premier Nutrition Company, LLC', '""Buyer"" or ""PNC""', 'each a ""Party"", collectively ""Parties""']","Premier Nutrition Company, LLC, (""Buyer"" or ""PNC""); Fonterra (USA) Inc., (""Supplier"" or ""Fonterra""); (each ""Party"", collectively ""Parties"")",['31 October 2019'],10/31/19,['31 October 2019'],10/31/19,"['This Agreement will commence on the Effective Date and continue for an Initial Term of five (5) years, and will automatically renew for additional periods of five (5) years unless one Party notifies the other of its intention not to renew, no less than 12 months prior to the expiration of the then-current term, unless terminated as permitted under this Agreement.']",10/31/24,"['This Agreement will commence on the Effective Date and continue for an Initial Term of five (5) years, and will automatically renew for additional periods of five (5) years unless one Party notifies the other of its intention not to renew, no less than 12 months prior to the expiration of the then-current term, unless terminated as permitted under this Agreement.']",5 years,"['This Agreement will commence on the Effective Date and continue for an Initial Term of five (5) years, and will automatically renew for additional periods of five (5) years unless one Party notifies the other of its intention not to renew, no less than 12 months prior to the expiration of the then-current term, unless terminated as permitted under this Agreement.']",12 months,['This Agreement will be governed by the laws of the State of Delaware without regard to its conflicts of law principles.'],Delaware
BIOFRONTERAAG_04_29_2019-EX-4.17-SUPPLY AGREEMENT.PDF,['Supply Agreement'],Supply Agreement,"['CUTANEA', 'Ferrer Internacional, S.A.', 'Cutanea Life Sciences, Inc.', 'hereinafter indistinctly referred to as ""Ferrer"" and/or ""Supplier""', 'CUTANEA and Ferrer taken together hereinafter are referred to as ""PARTIES"".']","Cutanea Life Sciences, Inc. (""CUTANEA""); Ferrer Internacional, S.A. (""Ferrer"")(""Supplier""); (together ""Parties"")","['this ____ day of March, 2018']",03/[]/2018,"['this ____ day of March, 2018']",03/[]/2018,['This Agreement comes into force as of the Effective Date and shall remain valid during the term of the LSA.'],,[],,[],,"['This Agreement shall be governed by, and construed in accordance with, the laws of the State of New York, without reference to any principles of conflicts of law thereof.']",New York
FUSIONPHARMACEUTICALSINC_06_05_2020-EX-10.17-Supply Agreement - FUSION.PDF,['SUPPLY AGREEMENT'],SUPPLY AGREEMENT,"['CPDC', 'Centre for Probe Development and Commercialization', 'FUSION Pharmaceuticals Inc.', '(together the ""Parties"" each a ""Party"")', 'FUSION']","Centre for Probe Development and Commercialization (""CPDC""); FUSION Pharmaceuticals Inc. (""FUSION""); (together ""Parties"", each a ""Party"")",[],,"['effective as of the date of last signing (""Effective Date"")']",,"['This Supply Agreement shall commence on the Effective Date, and shall continue for a period of [***] unless terminated earlier in accordance with the terms of this Supply Agreement.']",[]/[]/[],"['Following the Term, this Supply Agreement shall automatically renew for successive periods of one (1) year (each a ""Renewal Term""), unless a Party delivers written notice of non-renewal to the other Party [***] prior to the end of the applicable term.']",successive 1 year,"['Following the Term, this Supply Agreement shall automatically renew for successive periods of one (1) year (each a ""Renewal Term""), unless a Party delivers written notice of non-renewal to the other Party [***] prior to the end of the applicable term.']",,[],
"INTERSECTENT,INC_05_11_2020-EX-10.1-SUPPLY AGREEMENT.PDF",['SUPPLY AGREEMENT'],SUPPLY AGREEMENT,"['HOVIONE INTER AG', 'INTERSECT ENT, Inc.', 'OVIONE and INTERSECT are each sometimes referred to herein as a ""Party"" and together as the ""Parties.""', 'HOVIONE', 'INTERSECT']","HOVIONE INTER AG (""HOVIONE""); INTERSECT ENT, Inc. (""INTERSECT""); (each as ""Party"", together as ""Parties"")","['20t h day of January, 2020']",1/20/20,"['20t h day of January, 2020']",1/20/20,"['Unless terminated in accordance with the provisions of Section 10.2 below, the term of this Agreement shall commence on the Effective Date and shall continue in effect for a FIVE (5) year period.']",1/20/25,[],,[],,"['This Agreement is to be governed by and construed in accordance with the laws of the State of New York, United States, notwithstanding any conflict of law provisions to the contrary.']",New York
ULTRAGENYXPHARMACEUTICALINC_12_23_2013-EX-10.9-SUPPLY AGREEMENT.PDF,['SUPPLY AGREEMENT'],SUPPLY AGREEMENT,"['Ultragenyx Pharmaceutical Inc', 'Cremer', 'Ultragenyx', 'CREMER OLEO GmbH & Co KG']","Cremer Oleo GmbH & Co KG (""Cremer""); Ultragenyx Pharmaceutical Inc. (""Ultragenyx"")","['November 19t h, 2012']",11/19/12,[],,"['This Agreement shall become effective on the date of its execution and shall remain in force for three years (the ""Initial Term"").']",11/19/15,"['Thereafter, the Agreement shall be automatically renewed for additional two year periods (each a ""Renewal Term"", the Initial Term and all Renewal Terms, the ""Term"") unless either Party notifies the other Party of its intention not to renew in writing at least three calendar months before the expiration of the then current Term.']",2 years,"['Thereafter, the Agreement shall be automatically renewed for additional two year periods (each a ""Renewal Term"", the Initial Term and all Renewal Terms, the ""Term"") unless either Party notifies the other Party of its intention not to renew in writing at least three calendar months before the expiration of the then current Term.']",3 months,"['The laws of the Federal Republic of Germany shall apply to the Agreement and any legal relations thereof, especially any purchase order, between Cremer and Ultragenyx shall be governed by that law.']",Federal Republic of Germany
"VAXCYTE,INC_05_22_2020-EX-10.19-SUPPLY AGREEMENT.PDF",['SUPPLY AGREEMENT'],SUPPLY AGREEMENT,"['SutroVax and Sutro may be referred to herein by name or individually, as a ""Party"" and collectively, as the ""Parties.""', 'Sutro Biopharma, Inc.', 'SutroVax, Inc.', 'Sutro', 'SutroVax']","SutroVax, Inc. (""SutroVax""); Sutro Biopharma, Inc. (""Sutro""); SutroVax and Sutro (individually, as a “Party” and collectively, as the “Parties"")","['May 29, 2018']",5/29/18,"['May 29, 2018']",5/29/18,"['The term of this Supply Agreement shall begin on the Effective Date first set forth above and shall remain in effect until the later of (a) July 31, 2021 or (b) the date that the Parties enter into the Phase 3/Commercial Supply Agreement and Sutro is supplying to SutroVax each Product under the Phase 3/Commercial Supply Agreement (the ""Term""), unless it is terminated earlier in accordance with Section 10.2.']",7/31/21,[],,[],,"['This Supply Agreement shall be governed by, and construed and enforced in accordance with, the laws of the State of California, without regard to any conflict of laws rules to the contrary.']",California
VERICELCORP_08_06_2019-EX-10.10-SUPPLY AGREEMENT.PDF,['SUPPLY AGREEMENT'],SUPPLY AGREEMENT,"['Vericel Corporation', 'Vericel and MediWound may each be referred to herein individually as a ""Party"" and collectively as the ""Parties.""', 'Vericel', 'MediWound', 'MediWound Ltd.']","Vericel Corporation (""Vericel""); MediWound Ltd. (""MediWound""); Vericel and MediWound (individually as a “Party” and collectively as the “Parties.”)","['May 6, 2019']",5/6/19,"['May 6, 2019']",5/6/19,"['The term of this Agreement will commence upon the Effective Date and will continue until the fifth (5th) anniversary of the Effective Date, unless earlier terminated or extended under this Article 8 (the ""Initial Term"").']",5/6/24,"['After the Initial Term (including any extension thereto made in accordance with the preceding sentence), the Agreement may be extended on a yearly basis up to ten (10) years at Vericel\'s sole discretion, with renewal notice to be provided to MediWound no later than twelve (12) months prior to the expiry of any yearly extension (the ""Renewal Term"", and the Initial Term, together with the Renewal Term, if any, the ""Term""); provided that unless otherwise agreed by the Parties, the Term of this Agreement (including the Initial Term, any extension of the Initial Term and any Renewal Terms) shall be no more than fifteen (15) years in total.']",10 successive 1 year,"['After the Initial Term (including any extension thereto made in accordance with the preceding sentence), the Agreement may be extended on a yearly basis up to ten (10) years at Vericel\'s sole discretion, with renewal notice to be provided to MediWound no later than twelve (12) months prior to the expiry of any yearly extension (the ""Renewal Term"", and the Initial Term, together with the Renewal Term, if any, the ""Term""); provided that unless otherwise agreed by the Parties, the Term of this Agreement (including the Initial Term, any extension of the Initial Term and any Renewal Terms) shall be no more than fifteen (15) years in total.']",12 months,"['This Agreement, and all claims arising under or in connection therewith, shall be governed by and interpreted in accordance with the substantive laws of the State of New York, without regard to conflict of law principles thereof.']",New York
HEALTHGATEDATACORP_11_24_1999-EX-10.1-HOSTING AND MANAGEMENT AGREEMENT - Escrow Agreement.pdf,['ESCROW AGREEMENT'],ESCROW AGREEMENT,"['""the Owner""', 'the Licensee', 'NCC ESCROW INTERNATIONAL LIMITED', 'NCC', 'the Owner']","NCC ESCROW INTERNATIONAL LIMITED (""NCC"")",[],,[],,[],,[],,[],,['This Agreement shall be governed by and construed in accordance with             the laws of England and Wales.'],England; Wales
BIOAMBERINC_04_10_2013-EX-10.34-DEVELOPMENT AGREEMENT - First Amendment.pdf,['First Amendment'],First Amendment,"['Cargill', 'Cargill, Incorporated', 'BioAmber S.A.S.', 'BioAmber']","Cargill, Incorporated (“Cargill”); BioAmber S.A.S. (“BioAmber”)",['7/18/11'],7/18/11,"['July 5, 2011']",7/5/11,[],,[],,[],,[],
HEALTHGATEDATACORP_11_24_1999-EX-10.1-HOSTING AND MANAGEMENT AGREEMENT (1).pdf,"['ELECTRONIC JOURNAL SOFT WARE DEVELOPMENT,                         HOSTING AND MANAGEMENT AGREEMENT']","ELECTRONIC JOURNAL SOFT WARE DEVELOPMENT,                         HOSTING AND MANAGEMENT AGREEMENT","['Blackwell', 'Munksgaard', 'together, Blackwell and Munksgaard shall be referred to as ""the       Publishers""', 'Munksgaard A/S', 'Blackwell Science Limited', 'HealthGate Data Corp.', 'HealthGate']","HealthGate Data Corp. (""HealthGate""); Blackwell Science Limited (""Blackwell""); Munksgaard A/S (""Munskgaard""); together, Blackwell and Munksgaard shall be referred to as ""the Publishers"")",['20 March day of 1998'],3/20/98,['This Agreement shall commence on 1 January 1998.'],1/1/98,"['The initial term of             the Services, unless terminated as set out herein, shall continue up             to and including 28 February 2000 (""the Initial Term"").']",2/28/00,"['If the Publishers exercise their right to renew,             the term of the Services shall be extended by one further year, up             to and including 28 February 2001.', 'If the Publishers exercise their right of renewal under Clause 17.1,             then the Publishers shall have a further right of renewal for each             of the subsequent three years, provided that the right to renew             shall be conditional upon the Publishers having exercised their             right in the previous year, and giving notice on or before the 30             September before the renewal is to take effect.']",1 year,[],,['The parties hereby agree that this Agreement shall be construed in             accordance with English law.'],England; Wales
BIOAMBERINC_04_10_2013-EX-10.34-DEVELOPMENT AGREEMENT (1).pdf,['DEVELOPMENT AGREEMENT'],DEVELOPMENT AGREEMENT,"['Cargill, Incorporated', 'Bioamber and Cargill shall be referred to individually as ""Party"" and collectively as ""Parties""', 'Cargill', 'Bioamber S.A.S.', 'Bioamber']","Cargill, Incorporated (""Cargill""); Bioamber S.A.S (""Bioamber""); (individually as ""Party"", collectively as ""Parties"")","['April 15 , 2010']",4/15/10,"['April 15 , 2010']",4/15/10,"['This Development Agreement will begin on the Effective Date and continue for four (4) years unless earlier terminated pursuant to Section  10.2, or unless the parties extend the term by mutual written Development Agreement (""Term"").']",4/15/14,[],,[],,"['This Development Agreement shall be governed by and construed in accordance with the laws of the State of Minnesota,  United States of America, disregarding its conflicts of law rules.']",Minnesota
"NETGEAR,INC_04_21_2003-EX-10.16-AMENDMENT TO THE DISTRIBUTOR AGREEMENT BETWEEN INGRAM MICRO AND NETGEAR-.pdf",['AMENDMENT                                      TO THE                               DISTRIBUTOR AGREEMENT                                      BETWEEN                                   INGRAM MICRO                                        AND                                      NETGEAR'],AMENDMENT                                      TO THE                               DISTRIBUTOR AGREEMENT                                      BETWEEN                                   INGRAM MICRO                                        AND                                      NETGEAR,"['Distributor', 'Ingram Micro', 'NETGEAR, Inc.', 'NETGEAR']","Ingram Micro (""Distributor""); NETGEAR, Inc. (""NETGEAR"")","['October 1,1996']",10/1/96,"['October 1,1996']",10/1/96,[],,[],,[],,[],
"NETGEAR,INC_04_21_2003-EX-10.16-DISTRIBUTOR AGREEMENT.pdf",['DISTRIBUTOR AGREEMENT'],DISTRIBUTOR AGREEMENT,"['Distributor', 'Ingram Micro', 'NETGEAR, Inc.', 'NETGEAR']","Ingram Micro (""Distributor""); NETGEAR, Inc. (""NETGEAR"")","['November 5, 1996']",11/5/96,"['March 1, 1996']",3/1/96,['This Agreement will be in effect for one year from the Effective Date and will automatically renew for successive one (1) year periods unless terminated as provided below.'],3/1/97,['This Agreement will be in effect for one year from the Effective Date and will automatically renew for successive one (1) year periods unless terminated as provided below.'],succesive 1 year,[],,"['This Agreement, including its attachment and order acknowledgments under the Agreement, constitutes the entire agreement between Distributor and NETGEAR with respect to the purchase, resale and distribution of the Products and is governed by the laws of the State of California except that body of law dealing with conflicts of law.']",California
"NETGEAR,INC_04_21_2003-EX-10.16- AMENDMENT #2 TO THE DISTRIBUTION AGREEMENT.pdf",['AMENDMENT #2 TO THE                              DISTRIBUTION AGREEMENT'],AMENDMENT #2 TO THE                              DISTRIBUTION AGREEMENT,"['Vendor', 'NETGEAR, INC.', 'Ingram', 'INGRAM MICRO INC.']","Ingram Micro (""Distributor""); NETGEAR, Inc. (""NETGEAR"")",['this 15th day of July 1998'],7/15/98,[],,[],,[],,[],,[],
NEONSYSTEMSINC_03_01_1999-EX-10.5-DISTRIBUTOR AGREEMENT_Amendment.pdf,['FIRST AMENDMENT TO DISTRIBUTOR AGREEMENT'],FIRST AMENDMENT TO                                                                           DISTRIBUTOR AGREEMENT,"['Peregrine/Bridge Transfer Corporation', 'Licensor', 'NEON Systems, Inc.', 'Licensee']","Peregrine/Bridge Transfer Corporation (""Licensor""); Neon Systems, Inc. (""Licensee"")","['1st day of January, 1999']",1/1/99,[],,"['This Agreement shall be effective           through and including March 31, 2004.']",3/31/04,"['Upon the expiration           of such term, this Agreement will renew automatically for           successive terms of one (1) year each unless either party to           this Agreement delivers written notice of termination to the           other party to this Agreement at least sixty (60) days prior           to the end of the original or any renewal term.']",successive 1 year,"['Upon the expiration           of such term, this Agreement will renew automatically for           successive terms of one (1) year each unless either party to           this Agreement delivers written notice of termination to the           other party to this Agreement at least sixty (60) days prior           to the end of the original or any renewal term.']",60 days,['This Amendment shall be governed by and construed under the law governing the Distributor Agreement.'],
NEONSYSTEMSINC_03_01_1999-EX-10.5-DISTRIBUTOR AGREEMENT_New.pdf,['DISTRIBUTOR AGREEMENT'],DISTRIBUTOR AGREEMENT,"['Peregrine/Bridge Transfer Corporation', 'Licensor', 'Licensee', 'Neon Systems, Inc.']","Peregrine/Bridge Transfer Corporation (""Licensor""); Neon Systems, Inc. (""Licensee"")","['1st day of January, 1996']",1/1/96,[],,"['This Agreement shall be effective until the earlier of (a) its termination in accordance with the provisions of this Article 14 or (b) the date that is two (2) years after the date of this Agreement; provided, however, that this Agreement will renew automatically for successive terms of one (1) year each unless a party to this Agreement delivers written notice of termination to the other party to this Agreement at least sixty (60) days prior to the end of the original or any renewal term or the parties to this Agreement do not agree in writing to the Quota Amount referred to in subsection 14.2(b)(1) for any one (1) year renewal term at least sixty (60) days prior to the commencement of such term.']",1/1/98,"['This Agreement shall be effective until the earlier of (a) its termination in accordance with the provisions of this Article 14 or (b) the date that is two (2) years after the date of this Agreement; provided, however, that this Agreement will renew automatically for successive terms of one (1) year each unless a party to this Agreement delivers written notice of termination to the other party to this Agreement at least sixty (60) days prior to the end of the original or any renewal term or the parties to this Agreement do not agree in writing to the Quota Amount referred to in subsection 14.2(b)(1) for any one (1) year renewal term at least sixty (60) days prior to the commencement of such term.']",successive 1 year,"['This Agreement shall be effective until the earlier of (a) its termination in accordance with the provisions of this Article 14 or (b) the date that is two (2) years after the date of this Agreement; provided, however, that this Agreement will renew automatically for successive terms of one (1) year each unless a party to this Agreement delivers written notice of termination to the other party to this Agreement at least sixty (60) days prior to the end of the original or any renewal term or the parties to this Agreement do not agree in writing to the Quota Amount referred to in subsection 14.2(b)(1) for any one (1) year renewal term at least sixty (60) days prior to the commencement of such term.']",60 days,['THIS AGREEMENT SHALL BE GOVERNED BY AND CONSTRUED IN ACCORDANCE WITH THE LAWS OF THE SIATE OF TEXAS.'],Texas
WOMENSGOLFUNLIMITEDINC_03_29_2000-EX-10.13-ENDORSEMENT AGREEMENT.PDF,['Endorsement Agreement'],Endorsement Agreement,"['SQUARE TWO GOLF INC.', 'KATHY WHITWORTH', 'the ""Professional""', 'the ""Company""']","SQUARE TWO GOLF INC. (""Company""); KATHY WHITWORTH (""Professional"")","['13th day of October, 1999']",10/13/99,"['The term of this Agreement shall begin on January 1, 2000 and continue for an initial period of five (5) years unless earlier terminated in accordance with Section 7 hereof, and may be renewed under Section 8 hereof (the initial period plus any renewal period, the ""Term"").']",1/1/00,"['The term of this Agreement shall begin on January 1, 2000 and continue for an initial period of five (5) years unless earlier terminated in accordance with Section 7 hereof, and may be renewed under Section 8 hereof (the initial period plus any renewal period, the ""Term"").']",12/31/04,"['The Company may renew this Agreement on the same terms and conditions for one (1) additional five year period that shall begin on January 1, 2005 and end on December 31, 2009, by providing a written notice of its intent to effect such renewal to the Professional by November 30, 2004.']",5 year,[],,"['The validity, interpretation,          construction and performance of this Agreement shall be governed in          accordance with the laws of the State of New Jersey without giving          effect to the principles of conflicts of laws of such state.']",New Jersey
WOMENSGOLFUNLIMITEDINC_03_29_2000-EX-10.13-ENDORSEMENT AGREEMENT - Intellectual Property Rights                 Confidentiality and Non-Use Obligations Agreement.pdf,['Intellectual Property Rights Confidentiality and Non-Use Obligations Agreement'],Intellectual Property Rights                 Confidentiality and Non-Use Obligations Agreement,"['SQUARE TWO GOLF INC.', 'Recipient', 'KATHY WHITWORTH', 'Company']","SQUARE TWO GOLF INC. (""Company""); KATHY WHITWORTH (""Professional"")",[],,[],,[],,[],,[],,[],
"KUBIENT,INC_07_02_2020-EX-10.14-MASTER SERVICES AGREEMENT_Part2.pdf","[""EXHIBIT 'B'""]",EXHIBIT ‘B’,"['The Associated Press', 'Kubient', 'Customer', 'Kubient, Inc.']","Kubient, Inc. (""Kubient""); The Associated Press (""Customer"")",['the 26th day of March 2020'],3/26/20,"['February 5, 2020']",2/5/20,[],,[],,[],,[],
"KUBIENT,INC_07_02_2020-EX-10.14-MASTER SERVICES AGREEMENT_Part1.pdf",['Master Services Agreement'],Master Services Agreement,"['the ""Customer""', 'Kubient Inc.', 'Kubient', 'Each of Customer and Kubient may be referred to herein individually as a ""Party"" and collectively as the ""Parties"".', 'The Associated Press']","Kubient Inc. (""Kubient""); The Associated Press (the ""Customer"")(individually as a ""Party"" and collectively as the ""Parties"")","['the 5th day of February, 2020']",2/5/20,"['the 5th day of February, 2020']",,"['The initial term of this Agreement shall be one (1) year from the Effective Date (the ""Initial Term"").']",2/5/21,"['This Agreement will automatically renew for additional 1-year terms unless earlier terminated pursuant to this Agreement\'s express provisions (together with the Initial Term, such additional periods the ""Term"").']",successive 1 year,[],,['This Agreement is governed in all respects by the laws of the State of Delaware without giving effect to its conflict of laws principles.'],Delaware
