chunk_id,doc_id,domain,chunk_index,estimated_tokens,chunk_text
LC00001,LEGAL_DOC_001,legal,0,51,"Company shall not specify the business practices of MA, nor regulate the manner in which MA shall operate its business, provided that MA (a) conducts business in a manner that reflects favorably at all times on the Technology sold and the good name, goodwill and reputation of Company and its affiliates<omitted>"
LC00002,LEGAL_DOC_001,legal,0,308,"In the event that Licensor grants to another VOD or Pay-Per-View (""PPV"") service provider in the U.S. or the Territory the right to distribute or exhibit any Licensed Program on an earlier availability date, then Licensor shall also grant to Rogers the right to distribute and exhibit such Licensed Program on such earlier availability date, on the terms provided herein.', 'If Licensor enters, or has entered, into an agreement or series of agreements (including side letters, understandings or arrangements, whether oral or written, whether formal or informal, whether now or hereafter effective, or whether on a long-term basis or short-term basis) with a third party for the distribution and exhibition of Licensed Programs in the U.S. or the Territory on a VOD basis, or any other basis that permits the downloading of such Licensed Programs and the subsequent viewing of such Licensed Programs by a residential subscriber, on terms (including, without limitation, license fees, copyright royalty payments, encoding fees and obligations, and marketing support) that are more favourable than those contained in this Agreement, then Rogers has the right to incorporate, or substitute, as the case may be, such term or terms into this Agreement, effective as of the date on which such term or terms were accorded to the third party and for the balance of the period such term or terms are applicable to such third party.', 'Licensor shall provide to Rogers, no later than February 28 in each year, a sworn statement of a senior officer of Licensor, or a certificate of the auditors of Licensor, confirming that, during the immediately preceding calendar year, Licensor did not enter into such an agreement or series of agreements or, if it did enter into such agreement(s), confirming the effective date thereof and identifying the terms contained therein that are more favourable than those contained in this Agreement."
LC00003,LEGAL_DOC_001,legal,0,43,"During the License Term (which is identified in the Deal Terms), Producer agrees that ConvergTV has the exclusive right to exercise the rights granted to it under this Agreement with respect to the Program, including those in Section 1, within the Licensed Territory."
LC00004,LEGAL_DOC_001,legal,0,90,"""Subject to Licensee's on\xadgoing compliance with Section 3.2 and all other terms and conditions of this Agreement, Licensor grants to Licensee an exclusive (save for rights reserved to Licensor hereunder), non-transferable (except as provided in Section 11.7) and non- sublicensable license, during the License Term, to reproduce, perform, display, transmit and distribute the Licensed Content on the Licensee Siteand Related Media intended solely for use by End Usersin the Territory within the scope set forth in Schedule 1 (License Scope), which is attached hereto and incorporated herein by this reference."""
LC00005,LEGAL_DOC_001,legal,0,122,"During the Term, (a) Women.com will not buy, sell, display, distribute advertising from (including, but not limited to, banner ads, buttons, badges, text links, hyperlinks or editorial mentions) or otherwise promote a Competitive Company on any page of the Diet Center;<omitted>(c) Women.com will not enter into a relationship with a Competitive Company that involves any of the following; (i) custom developed mini or micro web sites; (ii) content integration; (iii) discounts offered only to Women.com members on the Member Central page of the Women.com Sites; (iv) editorial endorsement (such as<omitted>""Brought to you by...."") or fixed placement of 468x60 (top) and 125x365 (side) banners within eight (8) of the Content Features selected by eDiets; and (v) anchor sponsorship in any multi-sponsor Women.com promotion."
LC00006,LEGAL_DOC_001,legal,0,232,"During the Term, eDiets will not buy, sell, display or distribute advertising from (including, but not limited to, banner ads, buttons, badges, text links, hyperlinks or editorial mentions) or otherwise promote any Women.com Compettive Company on any page of the eDiets Site that is within two clicks from the Gateway Page of the Diet Center.', 'For purposes of this Agreement, ""Competitive Company"" means any company that eDiets reasonably presents as, and Women.com reasonably agrees is, a direct competitor to eDiets by distributing on-line content principally relating to diets and diet counseling, including, but not limited to, Weight Watchers, Jenny Craig, NutriSystem, Nutrio, Asimba, DietSmart and uMagic.', 'For purposes of this Agreement, ""Women.com Competitive Company"" means any company that Women.com reasonably presents as, and eDiets reasonably agrees is, a direct competitor to Women.com by providing an on-line portal for women, including, but not limited to, Oxygen Media and iVillage,', 'Notwithstanding the foregoing, Women.com shall be entitled to (aa) provide mini and micro web sites and Women.com promotions and sponsorships to Jenny Craig; (bb) sell, display, or distribute advertisements, including banner advertisements, newsletter placements, internet radio, commerce placements and market research, or otherwise promote Competitive Companies on pages other than the Gateway Page of the Diet Center.', 'During the Term,<omitted>(b) eDiets will be the exclusive third party provider of content and interactive tools for diets and diet counseling to Women.com within the Diet Center;"
LC00007,LEGAL_DOC_001,legal,0,30,"If for any reason, Integrity and TL are subject to lower ""free                   goods"" limits by any third party license, the foregoing shall                   be adjusted to comply with any such license(s)."
LC00008,LEGAL_DOC_001,legal,0,73,"Integrity will hold exclusive                   worldwide rights to promote and sell the product to/through                   the following distribution channels: Christian retail (CBA or                   Christian Booksellers Association markets), direct mail                   (including continuity sales, church sales, digital and                   e-commerce sales.)', 'TL will hold exclusive worldwide                   rights to promote and sell the product through the following                   distribution channels: Outgoing telemarketing, General Market                   retail, and General Market catalogs, and exclusive rights                   within the United States for Television Direct response."
LC00009,LEGAL_DOC_001,legal,0,116,"Products. Any failure of Endorser to disclose such conflicting interests, or any breach of this Section, shall be deemed a material breach of the Agreement.', ""Endorser's duty not to compete with the business of MusclePharm shall continue for a period of one year following the expiration or termination of this Agreement."", ""Endorser's duty not to compete with the business of MusclePharm shall continue for a period of one year following the expiration or termination of this Agreement. Endorser's non-competition obligation shall not be required in the event of a material breach of this Agreement by MusclePharm."", 'Endorser shall not use or provide endorsements or testimonials for products that compete with MusclePharm Products or the Licensed Products."
LC00010,LEGAL_DOC_001,legal,0,55,"""During the term of this Agreement, or any extensions of this Agreement, Endorser and the Lender hereby agree and warrant that it will not enter into any other endorsement agreement for the use of Endorser's name, image and/or likeness for advertising, marketing and/or endorsement of any other dietary supplements during the Term of this Agreemen"""
LC00011,LEGAL_DOC_002,legal,0,123,"""The Company will, and Online BVI will cause the Company to, use its commercially reasonable efforts to make available and promote the Online Group's existing payment processing and customer billing and payment gateway methods for the purchase of Skype premium features by Company-Skype Branded Customers, including, without limitation, prepaid card distribution networks, vouchers and mobile payment methods, provided, that all payment processing and customer billing and payment gateway charges for such payment methods are on terms that are as or more favourable than the most favourable pricing and terms for such services otherwise provided at the applicable time by any member of the Online Group, and provided further that such pricing and terms have first been mutually approved in writing by the Parties."""
LC00012,LEGAL_DOC_002,legal,0,443,"Notwithstanding any portion of the foregoing to the contrary, the Non-Competition Period shall terminate prior to the End Date, and for the avoidance of doubt, no party shall be obligated to comply with the restrictions set out in Section 8.1 after the termination of the Non-Competition Period:', 'Each Party agrees that, from the Effective Date and through the three (3) month period (""Enterprise Non-Competition Period"") immediately following the date (""Enterprise Launch Date"") that Skype launches an enterprise version of the Skype Software primarily targeted for non-Consumer customers (""Enterprise Skype Software""), no Party, nor any of their respective Subsidiaries, will (i) discuss, negotiate or enter into (whether verbal or in writing) with any third Person or other third party (""Other Party"") any understanding, arrangement, or memorandum of understanding, letter of intent, agreement or any other documents (whether or not legally binding); and/or (ii) voluntarily accept or solicit any offer made by any Other Party in respect of or in relation to, (a) in the case of Skype, an enterprise co-branded Internet-based application in simplified Chinese that is focused on, and targeted primarily at, non-Consumers within the PRC, and that is substantially similar in functionality and features as the Enterprise Skype Software, and (b) in the case of Online BVI, Tom Holding and the Company, any voice over internet protocol and/or instant messaging products or services that compete or are likely to compete with the Enterprise Skype Software', 'Each Party agrees that, for a period of five years (""Non-Competition Period"") from the Effective Date (""End Date""), no Party, nor any of their respective Affiliates, will enter into an agreement with any third party, or otherwise carry on any business, directly or indirectly, which is focused on, and targets, primarily Consumers within the PRC, and (i) in the case of Skype and Skype Holding, which provides for a co-branded Internet-based application in simplified Chinese similar in functionality and features as the Company-Skype Branded Application (as may be updated or upgraded from time to time) (and for the avoidance of doubt, a co-branded Internet-based application in simplified Chinese shall be similar in functionality and features as the Company-Skype Branded Application only in the event such application is a customized co-branded version of the Skype Software having one or more functionality or features contained in the Company-Skype Branded Application), or provides for distribution in the PRC of the Skype Software in simplified Chinese by a Primarily PRC Based Service Provider; and (ii) in the case of Online BVI, Tom Holding and the Company, which provides for any voice over internet protocol and/or instant messaging products or services that compete or are likely to compete with the Skype Software."
LC00013,LEGAL_DOC_002,legal,0,99,"Except as specifically provided in the Distribution Agreement, Conformis shall be prohibited from   developing or assisting another in developing, or causing another to develop, Patient-Specific Instrumentation for Off-The-Shelf   Knee Implants for any Third Party in the field of orthopedics until January 1, 2032 (or earlier, to the extent set forth in Section   2.3.3.4 or Section 2.3.5 of the Distribution Agreement), with the exception that Conformis (including any entity involved in a   Change of Control of Conformis, any such entity an ""Acquirer""), may develop Patient-Specific Instrumentation for any Off-The-   Shelf Implants of Conformis, an Acquirer or any of their Affiliates."
LC00014,LEGAL_DOC_002,legal,0,58,"During the Term of this Agreement, and for a period of two (2) years thereafter, Aucta shall not research, develop, manufacture, file, sell, market, or distribute more than two products containing the active ingredient Lamotrigine; nor will Aucta directly or indirectly assist any other Person or entity in carrying or any such activities. [ * * * ]"
LC00015,LEGAL_DOC_002,legal,0,91,"Aucta, for itself and its Affiliates, hereby grants to ETON in accordance with the terms and conditions of this Agreement, an exclusive (even as to and against Aucta in the Territory) right and license, including the right to sublicense, to the Products (or any components thereof), Dossiers, and all current and future Aucta Background Intellectual Property that is owned or controlled by Aucta or its Affiliates for ETON to develop, manufacture, import, use, promote, distribute, market, advertise, offer for sale or sell (collectively, ""Market"") the Products in and for the Territory."
LC00016,LEGAL_DOC_002,legal,0,41,"During the Term of this Agreement, FCE will not conduct any Work using Generation 1 Technology in Carbon Capture Applications or any Work using Generation 2 Technology, independently or with third parties outside this Agreement, without prior written approval from ExxonMobil."
LC00017,LEGAL_DOC_002,legal,0,77,"In exchange for Company\'s contributions and obligations under this Agreement, Reed\'s grants Company the exclusive right to manufacture, package, promote, sell and distribute the Products (if and to the extent approved by the Development Committee), subject to the terms and conditions of a separate Manufacturing and Distribution Agreement to be entered into by the parties concurrently with this Agreement, as it may be amended, modified, supplemented or restated from time to time (the ""Manufacturing and Distribution Agreement"")."
LC00018,LEGAL_DOC_002,legal,0,24,"The Distributor shall not:<omitted>act as the agent or the buying agent, for any person for any goods which are competitive with the Product; or"
LC00019,LEGAL_DOC_002,legal,0,76,"""Such Prices and Volume Discount Prices shall only be subject to increase once per year on each anniversary date of this Agreement, provided (i) Company provides Distributor with at least Ninety (90) days prior written notice of any such increase, and (ii) such increase does not exceed 5% of the preceding year's Prices, except for reasons of force majeure, (Chapter 10), and Volume Discount Prices nor the lowest price charged to others for the same Product."""
LC00020,LEGAL_DOC_002,legal,0,79,"Subject to the terms and conditions of this Distributor Agreement, Company hereby appoints and grants Distributor the exclusive right to sell and distribute the Products to customers that Distributor introduce and confirmed by Company, (in all territory of United State of America (USA) and to render other services as a distributor for Company as set forth herein.', ""Company shall not sell or otherwise supply, directly or indirectly, the Products to any Distributor's Customer's, except by sale through the Distributor."""
LC00021,LEGAL_DOC_003,legal,0,19,"""The Company shall not contact any of Distributor's Customer's for any reason, without the prior written approval of Distributor."""
LC00022,LEGAL_DOC_003,legal,0,53,"""The Distributor shall not, during the term of this Agreement, directly or indirectly market, sell, distribute, solicit orders within the Territory for any products which are competitive with the iMine Products unless JRVS consents thereto in writing in advance, based upon the Distributor's full disclosure of the material facts in seeking such consent."""
LC00023,LEGAL_DOC_003,legal,0,51,"During the term of this agreement, Distributor shall not market, sell advertise or promote the sale or use of any product or device which is competitive with or substantially similar to the Products, without the prior express written consent of Erchonia, nor shall they assist any third party in doing so."
LC00024,LEGAL_DOC_003,legal,0,48,"Subject to the terms set forth in this agreement, Erchonia grants Distributor the exclusive, non- transferable right and license to promote, distribute and sell the Products identified in Exhibit A to those type of customer specified in Exhibit B and only within the Territory specified in Exhibit B."
LC00025,LEGAL_DOC_003,legal,0,24,"""Distributor shall not do anything which is contrary to or which in Erchonia's reasonable business judgment is harmful to its honor, goodwill or reputation."""
LC00026,LEGAL_DOC_003,legal,0,262,"""Hydraspin hereby grants to Distributor an exclusive non-transferable and royalty-free right and license to use Hydraspin's Marks in connection with the advertising, promotion, marketing, distribution and sale of the Products in the Territory in accordance with Hydraspin's standards and instructions"", 'Distributor shall be entitled to advertise, promote, market or<omitted>solicit any Customers that have a business presence outside the Territory, except that Distributor shall not conduct solicitation activities in any outside territory where Hydraspin is bound to an exclusive distributor agreement with a third party, provided that Hydraspin has notified Distributor in writing of its arrangements with the other distributor and of the territory which is subject to exclusivity in favor of the other distributor.', 'If this Agreement is extended beyond the Initial Term, as hereinafter defined, the number of Customer Locations to be secured to maintain exclusivity during the pendency of the Agreement shall be increased to 50 from 25.', ""Hydraspin hereby appoints Distributor, and Distributor hereby accepts appointment, as Hydraspin's exclusive distributor of the Products in the Territory during the term of this Agreement, subject to the terms and conditions of this Agreement, including, but not limited to, the satisfaction of the Performance Benchmarks."", 'Hydraspin certifies, stipulates, and agrees that the Hydraspin will deal exclusively with and through the Distributor in relation to the distribution of the Products in the Territory', 'In the event the Distributor loses exclusivity on a territory due to not meeting Performance Benchmarks, the Distributor shall maintain exclusivity on any and all existing Products that are in the field and operating at them time exclusivity if forfeited."
LC00027,LEGAL_DOC_003,legal,0,35,"""Talent represents and warrants that during the Term and in the Territories, Talent will not endorse or make any appearances or advertisements on behalf of any other product which is directly competitive to ESSI's products."""
LC00028,LEGAL_DOC_003,legal,0,52,"Wade represents and warrants that during the Term and in  the Territory, neither Wade nor any of his agents, representatives or employees will solicit, initiate, or encourage any proposal for an endorsement by Wade of any Innerwear to commence during the Term, or participate in any discussions or negotiations for the same."
LC00029,LEGAL_DOC_003,legal,0,163,"Notwithstanding the foregoing, Wade agrees that for a period of ninety (90) days prior to the expiration of the Term (unless the Agreement is terminated by Wade as permitted hereunder), Naked shall have the exclusive right to negotiate for continued endorsement by Athlete of the Naked Products.', 'During the Term and subject to the limitations set forth in this Agreement, Naked shall have an exclusive right and license in the Territory to use Athlete\'s name, nickname, initials, autograph, image, likeness, photographs, biographical details, facsimile signature, voice, videos, electronic media depictions, any words, symbols or other depictions, as well as any other identifying attributes that would identify Athlete to the public, including any trade mark(s), copyrights which Wade has, as set forth on Schedule A attached hereto, and all multimedia assets that Wade owns or has right to use (collectively, the ""Wade Image"") solely for the advertising, endorsement, promotion, or sale of the Naked Products (including the Wade Products) in the Territory as follows:"
LC00030,LEGAL_DOC_003,legal,0,225,"Except as provided in the next sentence, the license granted herein shall be exclusive.', '""Exclusivity"" shall mean that Franchisor shall not grant any further licenses to third parties in the Trademarks for use in connection with Smaaash Centres in the Territory, and the Franchisee shall not enter into any arrangement or agreement with any third parties for establishing or operating any gaming and entertainment centres identical or similar to Smaaash Centres, in the Territory except as otherwise provided in this Agreement; provided, however, that Franchisor may continue to use the Trademarks in the Territory in connection with the operation of Franchisor\'s entertainment centers already set up as of the Effective Date in the Territory. The restriction contained in this Agreement shall apply on the parties throughout the Term.', 'Subject to Section 1.2, Franchisor hereby grants to Franchisee the exclusive right, (a) to establish and operate Smaaash Centres in the Territory, (b) to sub-license the right to establish and operate Smaaash Centres to third party franchisees in and for the Territory, (c) a license to use the products and other services developed by Franchisor with respect to the Smaaash Centres (including a right to authorise the use of products and services developed by the Franchisor by third party franchisees), in the Territory, and (d) to identify third party franchisees for the Smaaash Centres in the Territory."
LC00031,LEGAL_DOC_004,legal,0,40,"""Franchisee shall not do anything or suffer anything to be done which may adversely affect any rights of Franchisor in and to any Franchisor Property, or any registrations thereof or which, directly or indirectly, may<omitted>disparage or detract from Franchisor's reputation."""
LC00032,LEGAL_DOC_004,legal,0,81,"Without the prior written consent of the other Party, a Party shall not at any time while this Agreement is in force and for a one-year period after termination of this Agreement either for itself or on behalf of any other company solicit, induce or cause any employee of the other Party or any Affiliated Company of this other Party who has been a representative of or employed by the other Party in connection with this Agreement to leave such employment."
LC00033,LEGAL_DOC_004,legal,0,65,"Each Party agrees that during the term of this Agreement and for a period of twelve (12) consecutive months thereafter they shall not, directly, solicit, engage, compensate, induce in any way or hire for employment or other representation, any officer, employee, consultant or other representative employed or retained by the other Party or assist any other person or entity to do any of the foregoing."
LC00034,LEGAL_DOC_004,legal,0,116,"If the Option is exercised before the expiration of the Option Period, the license grants set forth in Articles 3.00 and 3.01 will become exclusive to Investor for a perpetual term, shall not be subject to a licensing fee, the granted licenses in favor of the Investor shall be deemed fully paid-up, and the rights granted to Investor under Articles 3.00 and 3.01 shall include the right to grant sublicenses to Third Parties.', 'Prior to the earlier of Investor exercising the Option and the expiration of the Option Period, Company will not grant to any Third Party any rights to the Patents or to the Technical Information that extend beyond the expiration of the Option Period."
LC00035,LEGAL_DOC_004,legal,0,49,"University hereby grants to ArTara an exclusive Right of Reference to all Program Regulatory Filings by University in support of the Product.', 'University hereby grants to ArTara an exclusive license to use the Program Data solely for the Project and in Regulatory Filings in the Field in the Territory."
LC00036,LEGAL_DOC_004,legal,0,117,"All communication with the National Football League (the ""NFL""), its 32 Member Clubs, NFL Legends and Gold Jackets shall be made exclusively and directly through PFHOF.', 'For the avoidance of doubt, PFHOF has the exclusive and sole relationship with the NFL, its 32 Member Clubs, NFL Legends and Gold Jackets for any and all PFHOF and HOFV activities; provided, however, that any communication relating to any investment by the NFL in any Village Media Company project, may be made directly through the President of PFHOF or the Chief Executive Officer of HOFV; and, provided further, that the Village Media Company shall have the right to present opportunities related to any of the above for approval by PFHOF."
LC00037,LEGAL_DOC_004,legal,0,70,"CytoDyn shall have the right to terminate this Agreement in its entirety upon written notice to Vyera on the occurrence of any of the following:<omitted>(c) Vyera breaches its obligations or covenants under Section 2.6 (Competitive Products);', 'Except as expressly required under this Agreement, Vyera hereby covenants not to Develop, Manufacture, Commercialize or otherwise exploit a Competitive Product in the Territory during the Royalty Term, including by means of an Affiliate."
LC00038,LEGAL_DOC_004,legal,0,277,"In the event that such assignment would be unlawful, Vyera shall, and hereby does, grant to CytoDyn an exclusive, irrevocable, worldwide, sublicensable (including through multiple tiers), transferrable (without consent) royalty free license to any and all right, title and/or interest that it may have in or to an Invention.', ""Without limiting the foregoing, Vyera shall have the exclusive right and responsibility throughout the Territory for the following: (a) receiving and accepting orders for the Licensed Product from customers; (b) distributing the Licensed Product to customers; (c) controlling invoicing and collection of accounts receivable for Licensed Product sales; (d) recording Licensed Product sales in its books of account for sales (in accordance with Vyera's accounting standards consistently applied (currently GAAP)); (e) subject to Section 5.5, determining pricing for the Licensed Product and all aspects of the promotion (including promotional materials) to be used in Commercializing Licensed Products; (f) negotiating with Third Parties, including without limitation, payors, pharmacy benefit managers and distributors, with respect to sales and distribution of Licensed Product; and (g) paying all rebates, chargebacks and other amounts due to customers in respect of Licensed Products (it being understood that all such amounts shall be deducted in calculating Net Sales)."", 'Vyera shall purchase all of its requirements for supply of Licensed Product exclusively from CytoDyn in accordance with the terms and conditions of the Supply Agreement.', 'CytoDyn hereby grants to Vyera, and Vyera hereby accepts, an exclusive royalty-bearing license (or sublicense, as the case may be), under the CytoDyn Patents, the CytoDyn Know-How and the Inventions (if any) solely to Commercialize, use, have used, offer for sale and sell Licensed Products in the Field in the Territory."
LC00039,LEGAL_DOC_004,legal,0,35,"During the Term, of this Agreement and for an additional period of two (2) years from the date of termination of this Agreement, the Contractor undertakes not to develop on its own account any Product."
LC00040,LEGAL_DOC_004,legal,0,37,"The Contractor and the Customer will not be allowed to employ employees of the other party, directly or indirectly, for one (1) year from the date the employee has ceased to be employed by the other party."
LC00041,LEGAL_DOC_005,legal,0,70,"Kitov hereby grants to Dexcel a fully paid, limited license right to use all of its Confidential Information and Intellectual Property Rights (including, inter alia, the Kitov Foreground IP, Kitov Data, Kitov\'s share of the Joint IP, and the Trademark (""Kitov Product IP"")) necessary in order for Dexcel to manufacture, Label, package with the Livery, test and release the Product for shipment, exclusively for Kitov, for and during the Term."
LC00042,LEGAL_DOC_005,legal,0,430,"During the Exclusivity Period, on a Product SKU-by-Product SKU and country-by-country basis within the applicable Territory, Customer shall purchase from Manufacturer, in accordance with the terms and conditions of this Agreement, at least the Exclusive Purchase Requirement of its requirements for such Product SKU in such country; provided, however, that In-Flight or Shared Volume Products shall be excluded from the exclusivity requirements set forth in this Section 2.1(e)(i).', '""Exclusive Purchase Requirement"" means, on a Product SKU-by-Product SKU and country-by country basis within the applicable Territory, (a) in the first two (2) years of the Initial Term, one hundred percent (100%) of Customer\'s total requirements for such Product SKU and (b) in the third (3rd) year of the Initial Term, fifty percent (50%) of Customer\'s total requirements for such Product SKU; provided, however, that (x) such quantities of Product reasonably procured by Customer to qualify a back-up supplier for such Product shall be excluded from the Exclusive Purchase Requirement, and (y) for the avoidance of doubt, Customer may commercialize such quantities of Product procured under (x) above without violating the applicable Exclusive Purchase Requirement or related provisions in Section 2.1(e).', 'In the event of a Triggering Event, Customer\'s Exclusive Purchase Requirement with respect to each and every Product that is the subject of the Triggering Event shall be temporarily suspended until such time as Manufacturer notifies Customer that Manufacturer is able to resume the manufacture and supply of the subject Product(s) on the terms and conditions of this Agreement (such period referred to as the ""Exclusive Purchase Requirement Suspension Period""); provided that, (i) during such Exclusive Purchase Requirement Suspension Period, Customer shall use commercially reasonable efforts to limit its orders for the subject Product(s) to the quantities specified in the last Forecast that preceded the Triggering Event for the applicable period(s) and promptly notify Manufacturer in the event and to the extent that Customer\'s orders exceed such quantities specified in such Forecast and (ii) Customer shall be entitled to take delivery of Product(s) ordered during the Exclusive Purchase Requirement Suspension Period even if such delivery is scheduled for or actually occurs subsequent to the Exclusive Purchase Requirement Suspension Period.', 'Following the Exclusivity Period (and during the Exclusivity Period, with respect to Product SKU quantities in excess of the Exclusive Purchase Requirement in accordance with the preceding sentence), nothing in this Agreement shall prevent Customer or any of its Affiliates from manufacturing Product for itself, or having Product manufactured by a Third Party, including in amounts in addition to the Purchase Orders for Product issued to Manufacturer in accordance with this Agreement."
LC00043,LEGAL_DOC_005,legal,0,52,Manufacturer may terminate its obligation to provide any Technical Support with respect to the applicable Product under this Agreement if Customer or any of its Affiliates hires any Manufacturer Personnel involved in providing Technical Support to Customer hereunder (without limiting any applicable non-solicitation obligations of Customer pursuant to the Business Combination Agreement).
LC00044,LEGAL_DOC_005,legal,0,49,"Subject to the terms and conditions of this Agreement, Todos hereby grants the Reseller a non-sublicensable, non-transferable, exclusive right to distribute and sell the Products to Customers in the Territory; provided, however, that Reseller may sub-license or transfer its distribution rights to a subsidiary or affiliate of the Reseller."
LC00045,LEGAL_DOC_005,legal,0,181,"During the Term, neither Vertex nor any affiliate of Vertex may sell any Product to any customers for their use as bunker fuel other than pursuant to the terms of this JSMA.', 'It is agreed that only Bunker One will be marketing this JSMA and the JSMA Output towards various customers, but if a Party receives a Nomination (being a written or oral request by/from a customer to a Party stating delivery place, delivery date and window etc.) or any other communication from a customer regarding the supply of Product (either spot or whole cargo) in the Area, the Party is obliged to forward the Nomination to Bunker One and refer the customer to Bunker One.', 'All sales towards customers for bunker fuel will be carried out exclusively by Bunker One in accordance to the terms set forth herein.', 'All sales towards customers for bunker fuel will be carried out exclusively by Bunker One in accordance to the terms set forth herein. As such all communication with customers shall go via Bunker One unless otherwise is specific written agreed in advance."
LC00046,LEGAL_DOC_005,legal,0,131,"Throughout the Term and for a period of six (6) months after the expiration or termination of this Agreement, neither XSPA nor any of its affiliates shall, directly or indirectly, sell, offer for sale, market or promote any digital meditation or digital sleep products (other than the Products), including online or in any Store in the Territory, without the express prior written consent of Calm.', 'Throughout the Term and for a period of six (6) months after the expiration or termination of this Agreement, neither Calm nor any of its affiliates shall, directly or indirectly, sell, offer for sale, market or promote any digital meditation or digital sleep products in any retail location located in an airport other than in collaboration with XSPA, without the express prior written consent of XSPA."
LC00047,LEGAL_DOC_005,legal,0,131,"Throughout the Term and for a period of six (6) months after the expiration or termination of this Agreement, neither XSPA nor any of its affiliates shall, directly or indirectly, sell, offer for sale, market or promote any digital meditation or digital sleep products (other than the Products), including online or in any Store in the Territory, without the express prior written consent of Calm.', 'Throughout the Term and for a period of six (6) months after the expiration or termination of this Agreement, neither Calm nor any of its affiliates shall, directly or indirectly, sell, offer for sale, market or promote any digital meditation or digital sleep products in any retail location located in an airport other than in collaboration with XSPA, without the express prior written consent of XSPA."
LC00048,LEGAL_DOC_005,legal,0,181,"Subject to compliance by Pfizer with the terms of this Section 3.2(d), during the Term, Exact agrees (A) not to enter into any new binding arrangement with any media vendor for Advertising of the Product without the written consent of Pfizer, which consent shall not be unreasonably withheld, (B) not to meet with any advertising agency or media vendor to discuss any Advertising proposals for content development and creative direction of the Product, without providing Pfizer with a reasonable opportunity for a representative of Pfizer present and participate and (C) to promptly inform Pfizer if it enters into any arrangement with any advertising agency with respect to the Product.', 'Commencing on the Launch Date, Exact and its Affiliates hereby grant to Pfizer and its Affiliates, on an exclusive basis for the Co-Promote Field (except as to Exact and its Affiliates), and Pfizer accepts, the right and obligation to Promote and Detail the Product in the Territory during the Term jointly with Exact, in accordance with the terms and conditions of this Agreement, all Applicable Laws and the applicable Annual Marketing Plan."
LC00049,LEGAL_DOC_005,legal,0,61,"[***], neither Valeant nor its Affiliates shall, directly or indirectly, [***] in the Territory other than the Product; provided that if the Agreement is terminated by Dova pursuant to [***], then any Tail Period shall be immediately terminated if either Valeant or any of its Affiliates, directly or indirectly, [***] in the Territory other than the Product during such Tail Period."
LC00050,LEGAL_DOC_005,legal,0,88,"During the Term, subject to the terms and conditions of this Agreement, Dova hereby grants to Valeant the right, on a co-exclusive basis (solely with Dova and its Affiliates), to Detail and promote the Product in the Specialty in the Territory in the Field, and to conduct the Valeant Activities and the activities of the institutional account management team (pursuant to and subject to the terms of Section 4.1.5) for the Product in the Territory in the Field in accordance with the terms and conditions of this Agreement."
LC00051,LEGAL_DOC_006,legal,0,74,"""[***], neither Valeant nor Dova (nor any of their respective Affiliates) shall directly or indirectly solicit for hire or employee as an employee, consultant or otherwise any of the other Party's professional personnel who have had direct involvement with the JSC, with the Valeant Activities under this Agreement (which, in the case of Valeant, includes the Field Force Personnel) or with Dova's commercialization activities for the Product, without the other Party's prior written consent."""
LC00052,LEGAL_DOC_006,legal,0,47,"During the Term, MMT shall not Commercialize in any manner any Competing Product in the Field in any country in the Territory; provided, however, the Parties hereby acknowledge that the restrictions set forth in this Section 2.3 shall not apply to any Affiliates of MMT (including Pfizer)."
LC00053,LEGAL_DOC_006,legal,0,121,"As of the Effective Date, there are no rights with respect to the Product or the SIGA Trademarks in the Territory granted by SIGA, in each case, to any Person or entity other than MMT;', 'Subject to the terms and conditions of this Agreement, SIGA hereby grants to MMT an exclusive right and license, with the right to grant sublicenses as permitted under Section 2.1(b), under the SIGA Intellectual Property solely to Promote the Product in the Field in the Territory.', 'The license granted by SIGA to MMT under this Section 2.1(a) will be exclusive even as to SIGA with respect to rights to Promote the Product in the Field in the Territory, except as set forth in Section 2.4 below."
LC00054,LEGAL_DOC_006,legal,0,136,"During the Term hereof and for a period of six (6) months following the termination of this Agreement or the discontinuation of any of the Company Products, (i) the Reseller shall have the exclusive right to commission for any Registered Referrals, (ii) the Company shall not market, promote, sell, or distribute Company Products or solicit or procure orders for the Company Products, or for any product(s) or service(s) similar to the Company Products, in the Territory other than through the Reseller and pursuant to this Agreement, except with the prior written consent of the Reseller, and (iii) without limitation to the foregoing, the Company shall not, directly or through other parties (whether agents, representatives, intermediaries, resellers or other parties), market, promote, sell, distribute, solicit or procure orders to any existing or prospective customer of the Reseller."
LC00055,LEGAL_DOC_006,legal,0,53,"For so long as the appointment set out in Section 2(a) is exclusive, CHT shall not enter into an agreement (a ""Competitive Transaction"") with any other Person related to the license, sub-license, sale, resale or provide service, solutions, goods or products, that are substantially similar to or competitive with the Ehave Companion Solution."
LC00056,LEGAL_DOC_006,legal,0,165,"Notwithstanding anything to the contrary contained herein, the exclusive appointment and license set out in Sections 2(a) and 2(b) shall become non-exclusive if: (i) at any time during the Term hereof, CHT breaches Section 2(d) as determined by arbitration in accordance with Section 19(c) or by a final non-appealable judgment of a court of competent jurisdiction; or (ii) at any time after November 1, 2010 CHT fails to achieve annual revenues of $500,000.', 'Subject to Section 2(e), the grant set out in Clause 2(b)(i) is exclusive such that Ehave shall not license any other Person to, nor may Ehave itself, license, sub-license the use of, or provide services similar to, the Ehave Companion Solution within the Field of Use anywhere in the Territory.', 'Subject to Section 2(e), the foregoing appointment is exclusive such that Ehave shall not appoint any other Person to, nor may Ehave itself, sell or resell the use of the Ehave Companion Solution within the Field of Use anywhere in the Territory."
LC00057,LEGAL_DOC_006,legal,0,51,"Channel Partner accepts iPass as the exclusive provider to Channel Partner for all services of the nature of the Services. In no event may Channel Partner resell or otherwise provide the Service to any third party for purposes of further ""down channel"" resale of the Services, absent iPass\' notice and consent."
LC00058,LEGAL_DOC_006,legal,0,127,"Provided that Constellation is not then in breach of its obligations pursuant to this Agreement, including without limitation Section 2.1 hereof, and provided that Constellation has available for purchase a product or service which meets the needs of the HOF Entities at competitive market pricing, (a) neither of the HOF Entities shall purchase, at any time during the Term, any commodity electricity or gas from any person or entity other than Constellation and its affiliates and (b) in the event and to the extent mutually agreed by the Parties, neither of the HOF Entities shall grant or award to any company designated by Constellation (and mutually agreeable to the HOF Entities) any project which the Parties mutually agree shall not be granted or awarded to such company"
LC00059,LEGAL_DOC_006,legal,0,90,"No Party will make, issue or release any statement which results in any defamation or disparagement of the Village, the City of Canton, the other Party, or any team, person, performer or organization involved in events at the Village.', ""Each of the HOF Entities or Constellation may terminate this Agreement at any time without liability if association with another Party could, in such Party's reasonable opinion, materially damage its reputation or image or in the event a Party breaches Section 3.3 hereof, which breach is not cured within sixty (60)."""
LC00060,LEGAL_DOC_006,legal,0,126,"Allied shall not endorse, or permit the marketing of any other company whose principal business is as an e-commerce provider at or in connection with the Arena.', ""Without limitation of the preceding sentence or any other provision of this Agreement, Allied shall identify and name Newegg as a Founding Partner, and as the exclusive Technology E-Commerce (or E-tail) Partner, of the Arena and in all of Allied's marketing materials in connection with the Arena where reasonably practicable."", ""In all of Allied's actions and publications (in all media and formats) in connection with the marketing and conducting of the Events, where possible and appropriate, Allied shall where reasonably practicable communicate that Newegg is the exclusive sponsor of the Arena for the technology e-commerce and online retailer categories."""
LC00061,LEGAL_DOC_007,legal,0,128,"""Each Party covenants that it shall not make, publish or communicate to any person or entity in any online or other public forum any defamatory, misleading or disparaging remarks, comments or statements concerning (a) the other Party or any of its affiliates, or any of such Party's or its affiliates' respective employees, officers, directors, agents, officials, equity holders, investors or sponsors, or (b) any software, products or services of the other Party or any affiliate."", 'Without limiting the preceding sentence, Allied agrees not to use the Newegg Marks in any advertising materials or conduct any activities in a manner that may be seen to unreasonably modify, alter, detract from or impair the integrity, character, or dignity of the Newegg Marks or reflect unfavorably upon Newegg or Newegg Products."
LC00062,LEGAL_DOC_007,legal,0,58,"The Manufacturer agrees that the Customer has the right under this agreement to consider, source, promote, market and sell other product outside of the products listed in Schedule A of this agreement in line with the following assumptions: That they are non-competing products to the range of products or those products listed in schedule A of this agreement."
LC00063,LEGAL_DOC_007,legal,0,155,"The Manufacturer hereby appoints the Customer to be the sole and exclusive agent for the promotion, sales, marketing, distribution and administration of the products listed in schedule A of this agreement based on minimum annual product purchase requirements as listed in Schedule B of this agreement.', 'The Manufacturer covenants not to sell any product listed in this agreement, or product name (as listed in schedule A of this agreement) to any other party without prior written consent of the Customer.', 'The Manufacturer grants exclusive rights to the Customer for the term of ten (10) years from the date of the signing of this agreement and for an indefinite period upon the customer fulfilling the minimum annual purchase requirement as listed in Schedule B. of this agreement.', 'The Manufacturer agrees to give the Customer exclusive rights to the marketing, promotion and sales of the new products should the Customer decide to take on the new products."
LC00064,LEGAL_DOC_007,legal,0,97,"AMI/MEA Agreement"" shall mean that certain Amended and Restated Area of Mutual Interest and Midstream Exclusivity Agreement dated April 14, 2015 among PennTex North Louisiana, LLC, Customer, PennTex NLA Holdings, LLC and MRD WHR LA Midstream LLC, as such agreement may be amended, supplemented or otherwise modified from time to time.<omitted>During the Term, subject to the terms of the AMI/MEA Agreement, Customer dedicates and commits to this Agreement, and shall deliver or cause to be delivered to the Transportation System for transportation hereunder, all of Customer\'s owned or controlled residue Gas delivered from any of the Plants."
LC00065,LEGAL_DOC_007,legal,0,100,"""ACSI Competitor"" means, collectively, such persons and entities as the Parties may agree upon from time to time.  ACSI may update any agreed-upon list of ACSI Competitors no more frequently than once per quarter by written notice, provided that: (a) the number of entities specified on such list shall at no time [***]; (b) any entities added to such list must be [***]; and (c) no addition of any ACSI Competitor to such list shall require Company to breach any contractual or legal obligation to such ACSI Competitor by which Company is bound as of the date of such addition."
LC00066,LEGAL_DOC_007,legal,0,86,"""The Parties will issue a joint press release promptly upon concluding Advertising. this Agreement, which press release shall be subject to the Party's mutual approval, which shall in any event state that Company is the exclusive provider on the ACSI Site of premium spoken-word audio product for download or streaming over the world wide web."", 'During the Term, [***], ACSI will not offer or sell through the ACSI Site, or authorize any third party to sell through the ACSI Site, any Exclusive Spoken-Word Audio Products; [***]."
LC00067,LEGAL_DOC_007,legal,0,59,"In the event that: (a) Company at any time engages in<omitted>other behavior that is materially harming the goodwill or reputation of ACSI or its Affiliates or the ACSI Site;<omitted>the same shall be deemed a material breach of this Agreement which is not susceptible to cure, and ACSI shall be entitled to terminate this Agreement upon written notice to Company."
LC00068,LEGAL_DOC_007,legal,0,15,"""i-Escrow shall not run banner advertisements on the Co-Branded Site for any of 2TheMart's competitors."""
LC00069,LEGAL_DOC_007,legal,0,65,"During the Term, Snap will not grant any third party any right to sponsor any products or services in the Exclusive Category on or through the Snap Web Site.', 'For the avoidance of doubt, the parties acknowledge that the foregoing restriction applies only to persistent sponsorship placement as judged by Sponsor at its discretion, and not to run-of-site banner advertisements or other rotating promotional placements."
LC00070,LEGAL_DOC_007,legal,0,75,"Neither party shall permit advertising on the Co-Branded Site from an entity which is a competitor to the other party.', 'During the Term of this Agreement and for a period of six (6) months thereafter, MediaLinx shall not use or publicly disclose the data collected from users of the Co-Branded Site if such use is for the purpose of providing health information, advertisements, or products that compete with those that reside on the Co-Branded Site."
LC00071,LEGAL_DOC_008,legal,0,235,"HCI shall not either directly or indirectly license or deliver content to or carry on or be engaged with any other Canadian portal web site, being a Web site which aggregates and markets a variety of content directed to multiple communities of interest and which offers products,\n\nSource: HEALTHCENTRAL COM, S-1/A, 11/8/1999\n\n\n\n\n\ntools and services to a broad base of Canadian end users.', 'During the Term of the Agreement, and subject to the following requirements respecting Canadian content levels as set out in paragraphs 3(f), (g) and (h), HCI shall be the exclusive health content partner in the health section of the Sympatico web site, provided however, that nothing contained herein shall prevent MediaLinx from entering into an agreement with other parties for: i) a health based web directory; or ii) other health related content whose content does not compete with the content contained on the Co-Branded Site; which in no event shall receive no more than one fifth (1/5th) of the promotion and which shall constitute no more than one fifth (1/5th) of the total health related content which resides on the home page of the Sympatico Health section.', 'If, at any time during the Term of this Agreement, HCI fails to meet the content requirements set out in paragraphs 3(f), (g) and (h), HCI shall no longer be entitled to be the exclusive health content partner in the health section of the Sympatico web site."
LC00072,LEGAL_DOC_008,legal,0,41,"Beginning on the Launch Date and continuing during the Term, VerticalNet shall not place advertising relating to the commercial printing entities listed on Exhibit ""A,"" or other such entities subsequently identified by Impresse, on the VerticalNet Area of the Co-Branded Site."
LC00073,LEGAL_DOC_008,legal,0,83,"The Insurance Center shall be hosted solely by ebix and contained in an About Wrapper and ebix shall, during the Term, provide site maintenance services relative to the Insurance Center substantially as provided for the ebix Site from time to time, subject to the uptime requirements as set forth in Section 13.4  [TERMINATION AND SURVIVAL].', 'During the Term, ebix shall be the exclusive integrated online insurance provider in the Channels and Guide Sites listed in Section 3.1  [DEVELOPMENT, OPERATION AND ADMINISTRATIO...] above. [**]"
LC00074,LEGAL_DOC_008,legal,0,364,"""Within three      business days of receiving Application Provider's written update,      Excite@Home will remove any advertising from Application Provider's listed      competitors displayed on the Co-Branded Pages."", 'Excite@Home will not serve advertising on the Co-Branded Application for      any ""Application Provider Named Competitor,"" as specified in EXHIBIT E.', 'Excite@Home shall not promote competing services in such contact                or otherwise discourage Program Members from continuing to use                the e-centives service as provided directly by e-centives.', 'Application Provider will not serve advertising on the Co-Branded      Application for any ""Excite@Home Named Competitor,"" as specified in      EXHIBIT E.', ""Within three business days of      receiving Excite@Home's written update, Application Provider will remove      any advertising from Excite@Home's listed competitors displayed on the      Co-Branded Pages."", 'Excite@Home shall not offer any Excite-branded or Excite-co-branded         service during the Term of this Agreement that is substantially similar         in functionally to the Co-Branded Application.', 'Competitors. Not more than once per quarter, Excite@Home may update the      list of Excite@Home Named Competitors, but may not add to the list any      company with which e-centives has a material existing relationship as of      the Effective Date of this Agreement.', 'Furthermore, Excite@Home may not             sell, disclose, transfer, rent, or license Shopping Category Data or             Superset Data to Data Restricted Named Companies as specified in             EXHIBIT I.', ""Subject to the terms and conditions of this Agreement,           Application Provider hereby grants to Excite@Home a royalty-free,           non-exclusive, worldwide license to use, reproduce, distribute,           transmit and publicly display the e-centives Content in accordance           with this Agreement and to sub-license the Application Content to           Excite@Home's wholly-owned subsidiaries or to joint ventures in which           Excite@Home participates for the sole purpose of using, reproducing,           distributing, transmitting and publicly displaying the e-centives           Content in accordance with this Agreement, provided that no such           sublicensing shall be to Application Provider Named Competitors."", 'Not more than once per quarter, Application Provider may             update the list of Application Provider Data Restricted Named             Companies shown in EXHIBIT I, so long as such list shall not exceed             twenty-five (25) companies.', ""In no event may either party sell, disclose, transfer, rent, or             license Payment-Eligible User Data to the other party's Named             Competitors as listed in EXHIBIT E."", 'Excite@Home may designate no more than 10 companies as Named      Competitors."
LC00075,LEGAL_DOC_008,legal,0,126,"""In the event that the Agreement is terminated pursuant to Section           16.a.v. due to e-centives' acquisition by an Excite@Home Named           Competitor, or by an entity controlling or controlled by an           Excite@Home Named Competitor, e-centives or its assigns or designates           may not contact any Users for whom User Data has been provided           pursuant to this Agreement, excluding those that have opted out in           accordance with Section 5(a) of Exhibit D."", 'Application Provider may not use Payment-Eligible User Data to                solicit User traffic to www.e-centives.com or any other                co-branded version of www.e-centives.com with the intent of                driving such Users away from using the Co-Branded Application.', 'Application Provider will not solicit any Excite@Home Member on             behalf of any Excite@Home Named Competitor during the Term of this             Agreement or thereafter."
LC00076,LEGAL_DOC_008,legal,0,50,"""VerticalNet agrees that during the term of this Agreement, it shall not enter into an agreement with Futurestep, Inc. to provide promotional opportunities to Futurestep throughout all of the VerticalNet Online Communities, nor enter into any agreement with Futurestep, Inc. for the joint marketing of each other's Sites or services."""
LC00077,LEGAL_DOC_008,legal,0,95,"During the Term, Neoforma shall not place any advertisements on a Neoforma Site for any VerticalNet Competitor.', 'Neoforma shall not enter into, and shall cause its Affiliates to not enter into, any agreement with a third party for the on-line listing of Laboratory Products on a VerticalNet Competitor or place any Link to a VerticalNet Competitor on the Neoforma Sites.', 'VerticalNet shall not enter into any agreement with a Neoforma Competitor for the on-line listing of Medical Products or place any Link to the Site of a Neoforma Competitor on the VerticalNet Medical Online Communities."
LC00078,LEGAL_DOC_008,legal,0,542,"Within 30 days after the Effective Date, Neoforma shall provide a copy of all Neoforma Laboratory Product Listings existing as of the Effective Date to VerticalNet for use on the VerticalNet Sites on an exclusive basis (even as to Neoforma), to the extent Neoforma has the right to do so.', 'Within 30 days after the Effective Date, VerticalNet shall provide a copy of all VerticalNet Medical Product Listings for New Medical Products existing as of the Effective Date to Neoforma for use on Neoforma Plan, Neoforma Shop and Neoforma Auction on an exclusive basis (even as to VerticalNet), to the extent VerticalNet has the right to do so.', 'Neoforma hereby grants VerticalNet an exclusive license to use, modify, enhance, reproduce, display, perform and transmit the Neoforma Career Content, subject to and in accordance with the terms, conditions and provisions of this Agreement.', 'Neoforma hereby grants VerticalNet an exclusive license, even as to Neoforma, to use, modify, enhance, reproduce, display, perform and transmit the Neoforma Laboratory Product Listings, subject to and in accordance with the terms, conditions and provisions of this Agreement, to the extent Neoforma has the right to do so.', 'Neoforma shall not place any Link on a Neoforma Site to, or a Neoforma Link on the Site of, any other provider or host of a service similar to the Co-Branded Training and Education Center or to any other training or education service websites.', 'From time to time during the Term, VerticalNet shall provide a copy of all VerticalNet Medical Product Listings received by VerticalNet after the Effective Date to Neoforma as such Product Listings are made available to VerticalNet for use on Neoforma Plan, Neoforma Shop and Neoforma Auction on an exclusive basis (even as to VerticalNet), to the extent VerticalNet has the right to do so.', 'During the Term, VerticalNet shall have the exclusive right to arrange for the sale of all advertising on the Co-Branded Sites, subject to reasonable approval of each such advertiser by Neoforma.', 'VerticalNet hereby grants Neoforma an exclusive license, even as to<omitted>VerticalNet, to use, modify, enhance, reproduce, display, perform and transmit the VerticalNet Medical Product Listings, subject to and in accordance with the terms, conditions and provisions of this Agreement, to the extent that VerticalNet has the right to do so.', 'Within 30 days after the Effective Date, VerticalNet shall provide a copy of all VerticalNet Medical Product Listings for Used and Excess Medical Products existing as of the Effective Date to Neoforma for use on Neoforma Plan, Neoforma Shop and Neoforma Auction on an exclusive basis (even as to VerticalNet), to the extent VerticalNet has the right to do so.', 'Neoforma hereby grants VerticalNet an exclusive license to use, modify, enhance, reproduce, display, perform and transmit the Neoforma T&E Content, subject to and in accordance with the terms, conditions and provisions of this Agreement.', 'Notwithstanding the foregoing, VerticalNet\'s activities in connection with its ""Storefronts"" and ""E-Commerce Centers"" (as conducted today, in a fashion substantially similar to the manner in which such activities are conducted today or as otherwise mutually agreed upon by the parties, which agreement shall not be unreasonably withheld or delayed) shall not be considered to be a breach of Section 2.1  [MEDICAL PRODUCTS], 2.2  [MEDICAL PRODUCTS] or 2.3  [MEDICAL PRODUCTS]."
LC00079,LEGAL_DOC_008,legal,0,535,"""During the Term, PaperExchange will not, directly or indirectly, design, host, operate, maintain or otherwise participate in a co-branded career center or a co-branded equipment listing Site with a Pulp and Paper Online Competitor or license a PaperExchange Link for use or display on any Pulp and Paper Online Competitor's Site."", ""During the Term, VerticalNet will not, directly or indirectly, design, host, operate, maintain or otherwise participate in a co-branded career center or a co-branded equipment listing Site with a PaperExchange Competitor or license a VerticalNet Link for use or display on any PaperExchange Competitor's Site."", 'During the Term, VerticalNet will not disclose, transfer or otherwise provide the VerticalNet Content and/or the VerticalNet Archived Content to any PaperExchange Competitor.', 'VerticalNet and PaperExchange shall be responsible for the sale of all advertising on the Co-Branded Sites; provided, however, that neither party shall sell advertising on the Co-Branded Sites to a competitor (as defined in 1.16 and 1.25) and provided that each party shall submit any proposed advertising for the Co-Branded Sites to the other party for its prior written approval, such approval not to be unreasonably withheld, delayed or conditioned.', 'During the Term, PaperExchange shall not place any advertisements on the PaperExchange Site from any Pulp and Paper Online Competitor.', 'During the Term, VerticalNet shall not (a) act as an advertising agent or representative for any PaperExchange Competitor and (b) place any advertisements on Pulp and Paper Online from any PaperExchange Competitor.', 'From time to time, PaperExchange shall provide to VerticalNet, at PaperExchange\'s sole cost and expense, relevant content provided to it by third parties consisting of (a) job listings for inclusion, at VerticalNet\'s reasonable business discretion and at VerticalNet\'s then current listing rate, in the Co-Branded Career Center or on any other VerticalNet Site except a Site co-branded with a PaperExchange Competitor (the ""PaperExchange Career Content"") and (b) equipment listings for inclusion, at VerticalNet\'s reasonable business discretion and at VerticalNet\'s then current listing rate, in the Co-Branded Equipment Listings or on any other VerticalNet Site except a Site co-branded with a PaperExchange Competitor (the ""PaperExchange Equipment Content"", and together with the PaperExchange Career Content, the ""PaperExchange Content"").', ""During the Term and for a period of four years after the termination of this Agreement, VerticalNet shall not, directly or indirectly, by itself, through its Affiliates or through any type of joint venture or similar affiliation with a third party, without prior written approval from PaperExchange, buy, sell or trade (a) paper pulp products through exchanges, auctions, or reverse auctions or any other e-commerce medium, (b) paper (other than finished paper-based products, including, but not limited to, books, stamps and labels) and copy paper (i) through exchanges, auctions or reverse auctions or (ii) in quantities greater than one ton through any e-commerce medium, (c) raw materials used to make paper packaging, including, but not limited to, linerboard, medium, other containerboard grades and corrugated sheet through exchanges, auctions, reverse auctions or any other e-commerce medium, or (d) paper rolls and reels weighing more than 50 pounds used by printers through exchanges, auctions, reverse auctions or any other e-commerce medium; provided, however, that this Section 5.8.1  [Non-Competition] shall not apply to advertisements, Storefronts or similar features on VerticalNet's Sites."""
LC00080,LEGAL_DOC_008,legal,0,177,"PaperExchange shall retain the right to place advertisements for its own account on the remaining ***** of the Third Party Advertising Allocation; provided, however, that if any portion of such Third Party Advertising Allocation remains unsold 45 days after it becomes available for advertising, VerticalNet shall have the exclusive right to arrange for third party advertising on such unsold Third Party Advertising Allocation.', 'During the Term, VerticalNet shall have the exclusive right to arrange for the sale of ***** of the third party advertising inventory (which shall consist of a minimum of one advertisement per page on each of the ""Co-Branded Equipment,"" ""Co-Branded Careers,"" ""Resources"" and ""Home Page"" sections or successor, replacement or substitute sections) of the PaperExchange Site and shall be consistent with the amount of advertising on other business to business vertical sites on the PaperExchange Site (the ""Third Party Advertising Allocation"").', 'PaperExchange hereby grants VerticalNet an exclusive license to use, modify, enhance, reproduce, display, perform and transmit the PaperExchange Content, subject to and in accordance with the terms, conditions and provisions of this Agreement."
LC00081,LEGAL_DOC_009,legal,0,26,The      spinwares  and  spinstore  will be  modified  to include  licensed  content      purchased directly from Spinrecords.com and to eliminate products that will      compete with the Nettaxi store.
LC00082,LEGAL_DOC_009,legal,0,48,"Except as contemplated under this Agreement, during the two year period following the Effective Date, Dassault Systemes shall not commercially offer any web service, which is (i) based upon the ACIS-based software transferred to Dassault Systemes in<omitted>connection with the Purchase Agreement and (ii) similar to the Co-Branded Service."
LC00083,LEGAL_DOC_009,legal,0,37,"During the Term of this Agreement, and for a period of one year thereafter, except as expressly provided in this Agreement, PlanetCAD shall not market any services to Customers without the prior written approval of Dassault Systemes."
LC00084,LEGAL_DOC_009,legal,0,34,"All Users shall be treated at least as favorable in all respects (including without limitation with respect to pricing, quality of service, and customer support responsiveness) as Boxlot treats users of the Boxlot Site."
LC00085,LEGAL_DOC_009,legal,0,191,"The Company shall not enter into any agreement or arrangement,      including without limitation any sale, license, service agreement,      co-branding agreement, co-marketing agreement or linking agreement with any      provider of manifesting or shipping services through non-carrier retail      shipping locations; provided, however, that:\n\n               (A) the Company may provide listings of carrier drop-boxes or      carrier-owned counter drop-off locations specific to a particular carrier      (including, without limitation, locations within retail establishments) on      the Company Site, provided that such listings do not include retail      shipping locations, including UPS authorized shipping outlets, FedEx      authorized shipping centers and other commercial mail receiving agencies;      and\n\n               (B) the Company may enter into any such agreement or arrangement      so long as MBE is given advance written notice of such agreement or      arrangement and such agreement or arrangement prohibits the use of the      Manifest or any Company Technology to manifest or ship packages for retail      customers and provided further that Company terminates service to any such      entity that uses the Manifest or any Company Technology to serve retail      customers.', 'MBE shall not enter into any agreement or arrangement with any      provider of an online or Internet-based manifest system other than the      Company."
LC00086,LEGAL_DOC_009,legal,0,83,"During the Term, except as otherwise provided in this Agreement, Network Affiliate and its affiliates agree not to engage or  participate in any business, hold equity interests, directly or indirectly, in another entity, whether currently existing or hereafter created, or  participate in any other joint venture that competes or would compete with any business that NCM is authorized to conduct in the Territory  pursuant to this Agreement, whether or not NCM is actually conducting such business in a particular portion of the Territory."
LC00087,LEGAL_DOC_009,legal,0,154,"""Except as permitted by the  Exclusivity Exceptions, during the Term, Network Affiliate shall neither engage nor permit a third party (excluding third party designees of NCM as  provided hereunder) to provide, or itself provide, to any of Network Affiliate's theatres any of the services specifically set forth in the definition of  Service."", ""Subject only to the Exclusivity Exceptions, NCM shall be Network Affiliate's exclusive representative with respect to the procurement of  Inventory (including without limitation all on-screen advertising) for the Advertising Services."", 'During the Term, except as expressly provided in this Agreement, including Section  3.6 (Policy Trailer; Branded Slots); those provisions of Part A of Exhibit A that permit Network Affiliate to engage in certain Lobby Promotions;  Section 3.11 (Grand Openings, Employee Uniforms), collectively, the ""Exclusivity Exceptions"", Network Affiliate shall subscribe for and NCM shall  be the exclusive provider to the theatres of the services specifically set forth in the definition of the ""Service."""
LC00088,LEGAL_DOC_009,legal,0,106,"""During the Term and for a period of twelve (12) months thereafter Network Affiliate will not, without NCM's prior written  consent, either alone or in concert with others directly or indirectly solicit, entice, induce, or encourage:<omitted>(ii) any client of NCM to discontinue using NCM's services  or products, (iii) any client of NCM to refer prospective clients to one or more competitors of NCM or to discontinue referring prospective clients  to NCM, (iv) any NCM employee, client, or prospective client to breach any agreement with NCM, or (v) any existing or proposed arrangement or  other community or institutional affiliation to discontinue the affiliation or relationship with NCM."""
LC00089,LEGAL_DOC_009,legal,0,56,"""During the Term and for a period of twelve (12) months thereafter Network Affiliate will not, without NCM's prior written  consent, either alone or in concert with others directly or indirectly solicit, entice, induce, or encourage: (i) any employee, contractor or agent of  NCM to terminate his or her employment, contractor or agency relationship with NCM,"""
LC00090,LEGAL_DOC_009,legal,0,45,"Network Affiliate shall not engage in any conduct which  may place NCM or any NCM Mark in a negative light or context,', 'NCM shall not engage in any conduct  which may place Network Affiliate or any Network Affiliate Mark in a negative light or context,"
LC00091,LEGAL_DOC_010,legal,0,90,"LKPL shall have the exclusive right to market and                            sell AMR Product Suites to entities whose corporate                            headquarters are physically located outside the                            United States and its territories.', 'Axiometric shall have the exclusive right to market                            and sell AMR Product Suites to entities whose                            corporate headquarters are physically located in the                            United States and U.S. territories with the exception                            of Datamatic as defined in 3.3.1 and 3.3.2 below', 'LKPL shall have the exclusive right to market and                            sell AMR Product Suites to Datamatic LTD, a Plano TX                            corporation (hereafter Datamatic)."
LC00092,LEGAL_DOC_010,legal,0,33,"Further, Marketing  Affiliate shall not market similar products from competing companies on any Web Site Landing Page containing the Equidata or Marketing Affiliate Web link as long as this Agreement is in effect."
LC00093,LEGAL_DOC_010,legal,0,28,Marketing Affiliate shall not directly or indirectly solicit an existing business customer of  Equidata during the term and condition of this Agreement other than for joint marketing purposes.
LC00094,LEGAL_DOC_010,legal,0,31,"Affiliate agrees not to sell commercial time to or for the benefit of direct competitors of the Service (e.g., music video networks carried by MVPDs such as MTV, VH1 and Fuse)"
LC00095,LEGAL_DOC_010,legal,0,251,"If the Term is renewed as described in Section 2(b), Network and Affiliate will negotiate exclusively and in good faith concerning further renewal of this Agreement upon mutually-agreed terms and conditions; provided, that unless Network and Affiliate otherwise agree in writing, the exclusive negotiation period will end six (6) months before the expiration of the Term.', 'Network hereby grants to Affiliate the exclusive right via Broadcast Television, and Affiliate hereby accepts such exclusive right and the obligation during the Term to broadcast the Service via Broadcast Television (i) over the transmission facilities of each Station identified on Exhibit A, which is licensed by the FCC to serve the community for each such Station (the ""Licensed Community""), for receipt by TV Households in the DMA in which the Licensed Community is located, as such DMA is identified on Exhibit A, and (ii) over the transmission facilities of any Acquired Station, except to the extent that, as of the date Affiliate notifies Network in writing of its binding agreement to acquire such Acquired Station, (A) another Broadcast Television station in the same DMA as the Acquired Station has exclusive rights to broadcast the Service, or (B) the Acquired Station is obligated to broadcast other material that precludes it from also carrying the Service', 'If condition (A) or (B) applies, the Acquired Station shall have no obligations hereunder, and Network shall have the right to license the transmission of the Service to another Broadcast Television station in such DMA, including on an exclusive basis."
LC00096,LEGAL_DOC_010,legal,0,447,"Agreement  may  be  terminated prior to the conclusion of the  Term  by  giving  written  notice  of  termination:<omitted>D.     By Network 1, for cause. For purpose hereof; ""cause"" shall consist of<omitted>(iii) the providing of vendor services or merchant services  by  Affiliate  or  Contractor(s)  located  by  Affiliate  which  are competitive  with  Network  1 or without the prior written consent of Network 1, contrary  to Section 1.01  [CONTRACTORS] and IV, violation of any clause of Network 1 Affiliate Office  Agreement  and  failure  to  cure  such  violation  within  30  days  of notification', 'Agreement  may  be  terminated prior to the conclusion of the  Term  by  giving  written  notice  of  termination: A.     By  either  party  as  a  result of default by the other party under this Agreement  and failure to cure said default within thirty (30) days after notice of  said  default  is  given. B.     By  either  party  in the event of insolvency, receivership, voluntary or involuntary  bankruptcy  or  an assignment for the benefit of creditors of or by the Affiliate other than in the ordinary course of business.  However, Affiliate may  pledge  or  otherwise  collateralize  assets  for  the  purpose of securing commercial  loans or lines of credit in the ordinary course of business provided that  such  pledge  is  subordinate  to an security interest associated with the Merchant  accounts  and/or  losses  from  such  accounts. C.     By  Affiliate  in  the event of any changes in the Affiliate\'s Fee (other than  direct  pass through increases related to Visa and MasterCard interchange, fees,  assessments  and  dues,  processor  communication costs, and other direct increases  including  terminal  hardware). D.     By Network 1, for cause. For purpose hereof; ""cause"" shall consist of (i) fraud,  intentional  misrepresentation  or  negligence  by  Affiliate  or  any Contractor  located  by  Affiliate  in  compiling  or  providing any information submitted  to  or relied on by Network 1 to Network 1, whether or not such fraud or  misrepresentation  is based on a misstatement, omission, a substantive fact, or  data;  (ii)  intentional  violations  by  the Affiliate or any Contractor(s) located by Affiliate of any of the rules or regulations of VISA, MasterCard, the Member Bank or Network 1; and (iii) the providing of vendor services or merchant services  by  Affiliate  or  Contractor(s)  located  by  Affiliate  which  are competitive  with  Network  1 or without the prior written consent of Network 1, contrary  to Section 1.01  [CONTRACTORS] and IV, violation of any clause of Network 1 Affiliate Office  Agreement  and  failure  to  cure  such  violation  within  30  days  of notification', 'Affiliate shall not, without the express written consent of  Network  1: i.           Contact  or  otherwise  deal directly with, VISA, MasterCard or the Member  Bank;  or ii.     Make  any representations with respect to Network 1, VISA, MasterCard or the  Member  Bank;  or"
LC00097,LEGAL_DOC_010,legal,0,13,All  such Contractors must process Merchant applications and transactions exclusively through Network 1.
LC00098,LEGAL_DOC_010,legal,0,139,"Additionally, upon termination of this contract for any  reason, all merchants recruited by Affiliate on behalf of Network 1 for any product  offered  through  Network  1,  Affiliate  shall  not approach, rewrite, pursue,  or  contract  with any current client for the purpose of obtaining said client as a new customer for Affiliate or any competing entity the Affiliate may be  in  contract  with.', ""Affiliate shall not, without the express written consent of  Network  1: i.           Contact  or  otherwise  deal directly with, VISA, MasterCard or the Member  Bank;  or ii.     Make  any representations with respect to Network 1, VISA, MasterCard or the  Member  Bank;  or iii.     Make  contact  with  or  contract  with  any vendor of Network 1 or its subsidiaries  including other Affiliate's, direct sponsored ISO/MSP's of Network 1/Member  Bank,  or  any merchants currently processing with Network 1 or Member Bank."""
LC00099,LEGAL_DOC_010,legal,0,132,"Theismann represents and warrants that, except as otherwise disclosed herein, he has not granted nor will he grant during the Term  and for a period of one (1) year thereafter to any other party any right, permission, or license to use the Property in connection with  the advertisement, sale, or promotion of the Network or in connection with networks that are identical or substantially similar to the  Network.', 'Notwithstanding the foregoing, during the term and for a period of one (1) year thereafter, Theismann shall not use,  permit the use of, or license to others the Property in connection with the advertisement, promotion, and sale of any network or Internet service,  including but limited to all computer/video games, CD-ROMs, and/or interactive video of any form, except for a pre-existing license by Theismann."
LC00100,LEGAL_DOC_010,legal,0,43,"Auriemma will not enter into any arrangement or agreement, which enables any Berkshire Competitor to be endorsed by Auriemma  (whether by using the Auriemma Identification, Auriemma providing services similar to the Endorsement Services, or otherwise) during the  Contract Period within the Contract Territory."
LC00101,LEGAL_DOC_011,legal,0,143,"Auriemma expressly agrees and undertakes that:     a) The right to use the Auriemma Identification has not been previously granted nor will it be granted to anyone other than Berkshire  for use during the Contract Period within the Contract Territory in connection with the advertisement, promotion and sale of products and services  which are the same as or similar to any of the Financial Services;', 'Auriemma grants to Berkshire the exclusive right and license (the ""License Rights"") to use the Auriemma Identification during the  Contract Period and throughout the Contract Territory solely in connection with the advertisement and promotion of Berkshire and the Financial  Services;', ""The License Rights are exclusive to Berkshire and may not be assigned or in any way conveyed by Berkshire without Auriemma's  express written consent, except in the event of a merger by Berkshire with another entity offering Banking Services."""
LC00102,LEGAL_DOC_011,legal,0,19,Berkshire may terminate this Agreement immediately by giving Auriemma notice if<omitted>(iii) Auriemma publicly disparages Berkshire and/ or its products.
LC00103,LEGAL_DOC_011,legal,0,26,NFLA agrees not to grant the right to use the NFLAs Identification to anyone other than Company in connection with the advertisement and promotion of Products.
LC00104,LEGAL_DOC_011,legal,0,51,"Talent represents and warrants that he has not granted nor will he grant to any other party any right, permission, or license to use the Property in connection with the advertisement,  sale, or promotion of the Product or in connection with products that are identical or substantially similar to the Product."
LC00105,LEGAL_DOC_011,legal,0,88,"Individual agrees that, during the Term hereof, she will not render similar services for, or permit the use of her name, nickname, likeness, voice, live or recorded performance, photograph, signature or facsimile thereof, and biographical materials in advertising or publicizing in any medium for any other Kefir product, yogurt product, cheese, frozen desserts and other products that compete with products manufactured or distributed by Lifeway and its affiliates, subsidiaries and parent companies other than those products manufactured or distributed by Lifeway and its affiliates, subsidiaries, and parent companies."
LC00106,LEGAL_DOC_011,legal,0,37,"During the Term of this Agreement and within the  Contract Territory, North agrees not to enter into an agreement with another company or entity for the purpose of endorsing or promoting  products similar to the Endorsed Products."
LC00107,LEGAL_DOC_011,legal,0,26,"""Company and North shall at all times deal with each other in good faith and strive to maintain and enhance each other's positive  image and reputation."""
LC00108,LEGAL_DOC_011,legal,0,28,"Celebrity represents and warrants that during the Term and in the Territory, Celebrity will not endorse or  make any appearances or advertisements on behalf of any other multivitamin."
LC00109,LEGAL_DOC_011,legal,0,206,"Aimmune covenants that it will not research or develop (including Develop) the Antibody itself, including not developing any modification, variant, fragment, progeny or derivatives of such Antibody, in each case, in a way that would produce a molecule that is neither the Antibody nor a molecule that falls within the definition of a Product.', 'Aimmune hereby covenants and agrees that it shall not (and shall cause the other Aimmune Agreement Entities not to), either directly or indirectly, 14\n\nSource: AIMMUNE THERAPEUTICS, INC., 8-K, 2/5/2020\n\n\n\n\n\nDevelop, Manufacture, or Commercialize the Product for use outside the Licensed Field.', '. Furthermore, Xencor hereby covenants and agrees that it shall not (and shall cause its Affiliates not to), either directly or through granting a license or other right to, or otherwise facilitating, a Third Party to (a) Develop, Manufacture or Commercialize the Antibody or the Product during the Term, (b) commence any [***] of any [***] that is not the Antibody or a Product and that [***] for use in the Licensed Field, prior to the [***] ([***]t h) anniversary of the Effective Date, or (c) Develop, Manufacture or Commercialize any [***] that is not the Antibody or a Product and that [***] for use in the Aimmune Field during the Term."
LC00110,LEGAL_DOC_011,legal,0,176,"""Subject to the terms and conditions of this Agreement, Xencor hereby grants to Aimmune during the Term an exclusive, worldwide, payment-bearing license under and with respect to Xencor Patents and Xencor's interest in Joint Collaboration Patents, and a non-exclusive, payment bearing license under and with respect to Xencor Know-How, in each case, with the right to sublicense solely in accordance with Section 2.3.2, solely to Develop, Manufacture and Commercialize the Product in and for the Licensed Field; provided that notwithstanding the foregoing, Xencor shall retain the right under and with respect to Xencor Patents and Xencor's interest in Joint Collaboration Patents to the extent necessary to perform its obligations under this Agreement."", 'Aimmune hereby grants to Xencor an exclusive license under and with respect to Aimmune Patents, and a non-exclusive license under and with respect to Aimmune Know-How, in each case, where such license is an irrevocable, perpetual, royalty-bearing license, with the right to sublicense, to Develop, Manufacture and Commercialize the Product(s), as the Product(s) exist as of the effective date of such termination, or optimized"
LC00111,LEGAL_DOC_012,legal,0,22,"The Developer shall not develop, maintain or market a similar platform and will not compete with the Client directly or indirectly worldwide."
LC00112,LEGAL_DOC_012,legal,0,41,"If the Client, in its reasonable discretion, consents, the Client is hereby granted an exclusive, worldwide, royalty-free, perpetual, irrevocable license to use, distribute, modify, publish, and otherwise exploit the incorporated items in connection with the work product developed for the Client."
LC00113,LEGAL_DOC_012,legal,0,56,"""Because of the trade secret subject matter of Developer's business, Client agrees that, during the term of this Agreement and for a period of two (2) years thereafter, it will not solicit the services of any of Developer's employees, consultants or suppliers for Client's own benefit or for the benefit of any other person or entity."""
LC00114,LEGAL_DOC_012,legal,0,134,"During the term of this Agreement, neither Party shall, and shall not permit its Affiliates to, nor grant any rights to any Third Party to, directly or indirectly, Commercialize, or Develop any New Product for Commercialization in the Territory, except as permitted in accordance with this Section 3.4.', 'Upon the consummation of such definitive agreement, if Licensee has not then divested all such Competitive Products such that a Competitor Change of Control has occurred, Bioeq may, upon sending written notice to Licensee within sixty (60) days thereafter, terminate this Agreement.', 'Bioeq may terminate this Agreement immediately upon written notice to Licensee, if Licensee conducts any clinical development of, markets, sells or distributes any Competitive Product in the Territory, whether directly or indirectly through the intermediary of a Third Party or its Affiliates (Restricted Activities);"
LC00115,LEGAL_DOC_012,legal,0,174,"For clarity, the exclusive license granted to Licensee pursuant to Section 2.1 shall extend to all Intellectual Property Rights and Know-How Controlled by Bioeq and embodied within, or claiming or covering the Bioeq Improvements.', ""Solely in the event that this Agreement is terminated by Bioeq pursuant to Sections 15.2.1, 15.2.2, 15.2.3, 15.2.4, 15.2.8 or 15.2.9 or by Licensee pursuant to Section 15.2.5 , Licensee shall grant, and hereby grants to Bioeq an exclusive, royalty-free, fully paid, sublicenseable, license to use the Licensee-Controlled Trademarks which were actually used by Licensee to Commercialize the Licensed Products in the Territory in connection with Bioeq's Commercialization of the Licensed Products in the Territory."", 'Subject to the provisions of this Agreement, Bioeq hereby grants to Licensee an exclusive (even as to Bioeq), milestone- and royalty-bearing, non-transferable license (including the right to grant sublicenses only to the extent permitted by Section 2.1.2) under the Licensed Technology (including the Licensed Patents) to use, sell, have sold, import, have imported or otherwise Commercialize the Licensed Products in the Field in the Territory."
LC00116,LEGAL_DOC_012,legal,0,95,"""Each Party agrees that, during the [***] ([***]) [***] period starting from the Effective Date, such Party will not, directly or indirectly, solicit for employment any employee of the other Party or its Affiliates or otherwise induce or attempt to induce such employees to terminate their employment with such other Party or such other Party's Affiliates; provided, however, that general public solicitations and advertisements not directed at employees of the other Party, and the extension of offers to persons who respond to such general solicitations and advertisements, will not be deemed violations of this provision."""
LC00117,LEGAL_DOC_012,legal,0,247,"In addition, Developer covenants that, except as otherwise approved in writing by the Franchisor, Developer shall not, for a continuous, uninterrupted period commencing upon the expiration, termination or assignment of this Agreement, regardless of the cause for termination, and continuing for two (2) years thereafter, either directly or indirectly, for itself, or through or on behalf of, or in conjunction with any person, partnership, corporation or other entity, own, operate, control or have any financial interest in any Competitive Business which is located or has outlets or restaurant units within the Territory.', 'For purposes of this Section 20.1, a Competitive Business shall mean a self-service restaurant or fast-food business which sells chicken and/or Mexican food products, which products individually or collectively represent more than twenty percent (20%) of the revenues from such self-service restaurant or fast-food business operated at any one location during any calendar quarter.', 'To further protect the El Pollo Loco® System while this Agreement is in effect, Developer and each officer, director, shareholder, member, manager, partner and other equity owner, as applicable, of Developer, if Developer is an entity, shall neither directly nor indirectly own, operate, control or any financial interest in any other business which would constitute a ""Competitive Business"" (as hereinafter defined) without the prior written consent of Franchisor; provided further, that Franchisor may, as its sole and absolute right, consent to the Developer\'s continued operation of any business already in existence and operating at the time of execution of this Agreement."
LC00118,LEGAL_DOC_012,legal,0,58,"(If exclusive agreement, add ""Developer expressly acknowledges that the exclusive rights granted herein apply only to the right to develop new restaurants in the Territory, and no exclusive territory or radius protection for the term of any Franchise Agreement is granted herein and any such protection shall be set forth in the particular Franchise Agreement to be signed."")"
LC00119,LEGAL_DOC_012,legal,0,20,Dr. Murray shall not directly assist in the development of any product competitive to products developed by EHS or EHN.
LC00120,LEGAL_DOC_012,legal,0,59,"""EHS and EHN shall have the exclusive rights in and to all ingredients, product specifications, goodwill, and all other intellectual property rights associated with any Product(s); provided, however, that EHS and EHN shall not have any rights in or to Dr. Murray's name or likeness except as expressly granted in writing herein or via electronic transmission by Dr. Murray."""
LC00121,LEGAL_DOC_013,legal,0,77,"Harpoon shall not, and shall cause its Affiliates not to (a) directly or indirectly, develop, commercialize or otherwise exploit any Competing Product in any country or other jurisdiction in the Territory, or (b) license, authorize, appoint, or otherwise enable any Third Party to directly or indirectly, develop, commercialize or otherwise exploit any Competing Product in any country or other jurisdiction in the Territory, except, in each case ((a) and (b)), as otherwise expressly provided in this Agreement."
LC00122,LEGAL_DOC_013,legal,0,350,"""Upon the License Option Exercise Closing Date, Harpoon (on behalf of itself and its Affiliates) hereby grants to AbbVie:\n\n(a) an exclusive (including with regard to Harpoon and its Affiliates, except as provided in Section 5.6) license (or sublicense), with the right to grant sublicenses in accordance with Section 5.3, under the Harpoon Patents, the Harpoon Know-How, and Harpoon's interests in the Joint Patents and the Joint Know-How, to Exploit the Licensed Compounds and Licensed Products in the Field in the Territory;\n\n(b) an exclusive (including with regard to Harpoon and its Affiliates, except as provided in Section 5.6) license and right of reference, with the right to grant sublicenses and further rights of reference in accordance with Section 5.3, under the Regulatory Approvals and any other Regulatory Documentation that Harpoon or its Affiliates may Control with respect to the Licensed Compounds or Licensed Products solely for purposes of Exploiting the Licensed Compounds and Licensed Products in the Field in the Territory."", ""Upon the [***], Harpoon (on behalf of itself and its Affiliates) hereby grants to AbbVie a co-exclusive (with Harpoon), royalty-free (subject to [***] [***]) license, with the right to grant sublicenses in accordance with Section 5.3, under the Harpoon Patents, the Harpoon Know-How, and Harpoon's interests in the Joint Patents and the Joint Know- How, to Develop and Manufacture the Licensed Compounds and Licensed Products solely to the extent necessary for AbbVie to perform [***]."", 'Upon the Effective Date, Harpoon hereby grants to AbbVie the exclusive right, but not the obligation, to obtain the licenses set forth in Section 5.1.3 (the ""License Option"").', ""Effective upon the date that AbbVie commences performing Initial Development Activities pursuant to Section 3.1.2, Harpoon (on behalf of itself and its Affiliates) shall grant and hereby grants AbbVie a co- exclusive (with Harpoon), royalty-free license, with the right to grant sublicenses in accordance with Section 5.3, under the Harpoon Patents, the Harpoon Know-How, and Harpoon's interests in the Joint Patents and the Joint Know-How, solely to the extent necessary for AbbVie to conduct Initial Development Activities assumed by AbbVie in accordance with Section 3.1.2 (if any)."""
LC00123,LEGAL_DOC_013,legal,0,99,"Further, during the Term, except as otherwise provided herein, neither T&B nor any of its Affiliates may (1) offer to sell or sell any product or service that is the same or similar to the Products in the Exclusive Field of Use,<omitted>provided, however, that T&B, in its sole and absolute discretion, shall have the right to terminate this Agreement, including all rights and licenses granted to LEA herein, if and as of the date that any monthly Royalty Payment (as defined in 9.3, below) payable to T&B does not exceed the Minimum Guaranteed Royalty for six (6) consecutive months."
LC00124,LEGAL_DOC_013,legal,0,145,"T&B shall not, during the Term, grant any third party a license to use the Licensed Intellectual Property within the Exclusive Field of Use.', 'T&B hereby grants to LEA, and LEA hereby accepts from T&B, during the Term, the sole and exclusive worldwide right and license in and to the Licensed Intellectual Property, which right and license shall be limited to that which is necessary for LEA to (i) develop and create Educational Materials and (ii) develop, promote and conduct the Business worldwide , unless the license is earlier terminated as provided herein.', 'In consideration of the exclusivity rights granted to LEA, commencing with the seventh (7t h) month of the Term and continuing each year of the Term thereafter, the minimum Royalties payable to T&B each month shall be the greater of the (i) applicable monthly Base Royalty and Marketing Royalty or (ii) $200,000."
LC00125,LEGAL_DOC_013,legal,0,118,"Further, during the Term, except as otherwise provided herein, neither T&B nor any of its Affiliates may<omitted>(2) contact, solicit, or direct any person or entity to contact or solicit, any of the customers of (or customers set forth in the Customer Data) for the purpose of providing any products or services that are the same or similar to the Products; provided, however, that T&B, in its sole and absolute discretion, shall have the right to terminate this Agreement, including all rights and licenses granted to LEA herein, if and as of the date that any monthly Royalty Payment (as defined in 9.3, below) payable to T&B does not exceed the Minimum Guaranteed Royalty for six (6) consecutive months."
LC00126,LEGAL_DOC_013,legal,0,176,"Eutectix agrees that in the event any Licensed Products shall be sold (1) to any Affiliate (as defined herein), or (2) to a corporation, firm, or association with which, or individual with whom Eutectix or its stockholders or Affiliates shall have any agreement, understanding, or arrangement (such as, among other things, an option to purchase stock, or an arrangement involving a division of profits or special rebates or allowances) without which agreement, understanding, or arrangement, prices paid by such a corporation, firm, association or individual for the Licensed Products would be higher than the Net Sales Price reported by Eutectix, or if such agreement, understanding, or arrangement results in extending to such corporation, firm, association, or individual lower prices for Licensed Products than those charged to outside concerns buying similar products in similar amounts and under similar conditions, then, and in any such events, the royalties to be paid hereunder in respect of such Licensed Products shall be computed based on an assumed or deemed Net Sales Price equal to those charged to such outside concerns."
LC00127,LEGAL_DOC_013,legal,0,203,"Subject to the conditions and limitations set forth in this Agreement, the Licensor hereby grants to the Licensee, and the Licensee hereby accepts, (i) an exclusive, fee-bearing, non-transferable distribution right of the Licensed Product in the Territory during the Term (the ""Distribution""), (ii) an exclusive, royalty-free, non-transferable license to the Licensor\'s Patents and Trademarks to register, import, export, store, handle, commercialize, have commercialized, promote, have promoted, distribute, have distributed, sell and have sold the Licensed Product during the Term, without the right to sublicense (the ""License""), and (iii) an exclusive, royalty-bearing, non-transferable license to the Intellectual Property (except Patents and Trademarks ) and the Developed Intellectual Property and a right to obtain the technology transfer of the Know-How to manufacture the Licensed Product in the Territory during the Term, pursuant to the conditions set forth in Article 2.3 below and elsewhere in this Agreement (the ""Technology Transfer""), all to register, import, export, store, handle, commercialize, have commercialized, promote, have promoted, distribute, have distributed, manufacture, have manufactured, sell and have sold the Licensed Product during the Term, without the right to sublicense.', 'During the entire validity of this Agreement, Licensor hereby grants to License an exclusive and royaltyfree right to use the Trademark in"
LC00128,LEGAL_DOC_013,legal,0,197,"During the applicable Exclusive Period, SFJ shall not, and shall cause its Affiliates not to, either by itself or through a Third Party, conduct human clinical trials of, or sell, offer for sale or have sold:\n\n3.19.1 any Competing Product (other than Product) alone or in combination (whether fixed dose or co-packaged) with one (1) or more other active ingredients;\n\n3.19.2 any combination (whether fixed dose or co-packaged) with one (1) or more other active ingredients of the Product and a Competing Product;\n\n3.19.3 any agent that is intended as an antidote to, or is intended to neutralize, abrogate or reverse the antiplatelet activity of, (i) any Brilinta Competing Product alone or in combination (whether fixed dose or co-packaged) with one (1) or more other active ingredients or (ii) both the Ticagrelor Compound and a Brilinta Competing Product;\n\n3.19.4 without limitation to the foregoing, any agent with dual activity as (i) an antidote to, or for use as an agent to neutralize, abrogate or reverse the antiplatelet activity of, the Ticagrelor Compound and (ii) an antidote to, or for use as an agent to neutralize, abrogate or reverse the antiplatelet activity of, any Brilinta Competing Product; or\n\n3.19.5 any Brilinta Competing Product."
LC00129,LEGAL_DOC_013,legal,0,107,"SFJ shall use commercially reasonable efforts to obtain from each Third Party contractor that SFJ or its Affiliate proposes to engage to conduct activities under or in connection with this Agreement on behalf of SFJ or its Affiliates (i) an assignment, (ii) an exclusive, worldwide, royalty-free, fully-paid, freely-assignable license, with the right to sublicense through multiple tiers, or (iii) a non‑exclusive, worldwide, royalty-free, fully-paid, freely-assignable license, with the right to sublicense through multiple tiers ((i) through (iii) in order of preference), to PB of any Trial Invention that such Third Party contractor conceives, discovers, develops or otherwise makes in connection with activities conducted relating to this Agreement."
LC00130,LEGAL_DOC_013,legal,0,90,"""Notwithstanding the foregoing, nothing herein shall restrict or preclude the Parties' right to make generalized searches for employees by way of a general solicitation for employment placed in a trade journal, newspaper or website."", 'During the Term and for a period of [***] thereafter, neither Party shall solicit an employee of the other Party who is or has been involved in the performance or oversight of any of the development activities hereunder to terminate his or her employment and accept employment or work as a consultant with the soliciting Party."
LC00131,LEGAL_DOC_014,legal,0,147,"Except pursuant to or as expressly permitted by this Agreement, RevMed shall not, shall cause its Affiliates not to, conduct or agree to conduct, outside of the Collaboration, on its own or together with one or more Third Parties, the Research, Development or Commercialization of any product that contains a SHP2 Inhibitor, including any SHP1-SHP2 Dual Inhibitor that [***]. For purposes of this Section, [***].', 'If after [***]: (i) Sanofi or its Affiliates, alone or with or through a Third Party, develop, manufacture or commercialize a Competing Product and (ii) Sanofi or its Affiliates have not commenced a Registrational Clinical Trial for a Product prior to commencing the activities in Section 12.2(d)(i), RevMed may terminate this Agreement effective [***] after it delivers written notice to Sanofi that it is exercising its rights under this Section 12.2(d) unless Sanofi elects in writing within such [***] period to [***]."
LC00132,LEGAL_DOC_014,legal,0,202,"If Sanofi provides a Notice of Interest to RevMed within [***], then (i) RevMed shall, upon request of Sanofi, provide Sanofi with reasonable access to all other then-existing Know-How in RevMed\'s Control that exists in either paper or electronic form and pertains to the relevant SHP1-SHP2 Dual Inhibitor and (ii) the Parties shall negotiate exclusively in good faith and on a commercially reasonable basis the terms of a definitive agreement under which Sanofi would be granted SHP1-SHP2 Dual Inhibitor License Rights for [***] after RevMed receives such Notice of Interest (such period, the ""SHP1-SHP2 Dual Inhibitor Licensing Negotiation Period', 'Subject to the terms and conditions of this Agreement, RevMed hereby grants to Sanofi an exclusive (even as to RevMed and its Affiliates), royalty-bearing license (which shall be sub-licensable solely as provided in Section 3.4) under the RevMed Licensed Technology, to Research, Develop, Manufacture, use, sell, offer for sale, import and otherwise Commercialize and exploit Products (including, for clarity, any Companion Diagnostics with respect to such Products) in the Field in the Licensed Territory.', 'Subject to the terms and conditions of this Agreement, RevMed hereby grants to Sanofi an exclusive option, under the Patent Rights and Know-How claiming or embodied in the [***]."
LC00133,LEGAL_DOC_014,legal,0,76,"Qualigen hereby appoints Sekisui, and Sekisui accepts the appointment to act on an exclusive basis pursuant to the terms and conditions of this Agreement, as a distributor for the sale of the Products in the Territory.', ""Qualigen shall supply Sekisui with all of Sekisui's commercial requirements for the Product in the Applicable Markets."", 'Sekisui shall purchase the Products exclusively from Qualigen, and Qualigen shall supply the Products exclusively to Sekisui, in each case for the Territory."
LC00134,LEGAL_DOC_014,legal,0,42,"Sekisui shall not, and shall cause its subdistributors not to, market, rent or sell any Products to the Qualigen Retained Customers. 3. Supply;', 'However, Qualigen shall not engage any distributors (whether exclusive or non-exclusive) other than Sekisui for the Qualigen Retained Customers"
LC00135,LEGAL_DOC_014,legal,0,141,"In the event E-House Research and Training Institute becomes entitled to charge, invoice, or otherwise receive from, Licensee any  royalties, fees or other remuneration for use of the E-House Licensed Data and Information pursuant to amendments to the Master Transaction  Agreement or through other means, Licensor and Licensee shall use good faith efforts to amend this Agreement such that Licensor becomes  entitled to charge, invoice, or otherwise receive fees from Licensee to use the Licensed Domain Names and Licensed Content, such fees to be  agreed upon by the Parties, provided that (i) such fees shall be commercially reasonable and (ii) such fees shall not exceed the fees charged by  Licensor to unaffiliated third parties for use of the Licensed Content, taking into account any other consideration received by Licensor (including,  but not limited to, discounted services offerings from the third party)."
LC00136,LEGAL_DOC_014,legal,0,156,"Subject to the terms and conditions of this Agreement, Licensor hereby grants to Licensee, and Licensee hereby accepts from Licensor, an  exclusive, non-transferable (except as set forth in Section 10.7) and non-sublicensable (except as provided in Section 2.1(c)) license to use the  Licensed Domain Names in connection with the Business during the Term', 'Subject to the terms and conditions of this Agreement, Licensor hereby grants to Licensee, and Licensee hereby accepts from Licensor, an  exclusive, non-transferable (except as set forth in Section 10.7) and non-sublicensable (except as provided in Section 2.1(c)) license to use the  Licensed Content in connection with websites associated with the Licensed Domain Names until the earlier of (i) termination or expiration of this  Agreement, or (ii) termination or expiration of the Agency Agreement, provided, however, that in the event the Agency Agreement is amended or  restated, such amendment or restatement shall not be deemed a termination or expiration of the Agency Agreement."
LC00137,LEGAL_DOC_014,legal,0,34,WPT or its affiliates shall not authorize a Zynga Competitor to commercially exploit the Licensed Property in connection with social poker gaming via a license similar to the license granted herein for the Term.
LC00138,LEGAL_DOC_014,legal,0,59,"""In this regard, it is specifically understood and agreed that CONTENT PROVIDER will not during the Term of this Agreement take any action to exploit or otherwise use, reproduce, distribute, transmit and publicly display any of the Content via the internet to Universities and College students in the People's Republic of China except for the benefit of the COMPANY."""
LC00139,LEGAL_DOC_014,legal,0,58,"""Subject to the terms and conditions of this Agreement, PACIFICAP ENTERTAINMENT hereby grants to THE HENRY FILM AND ENTERTAINMENT CORPORATION, under PACIFICAP ENTERTAINMENT'S full ownership and or fully authorized licensing Rights of Content\n\n  (a) A 10 year exclusive, worldwide license to use, modify, reproduce, distribute, display and transmit any and all PACIFICAP ENTERTAINMENT nostalgic television show library Content."""
LC00140,LEGAL_DOC_014,legal,0,27,"""Without Party A's consent, Party B may not enter into with any third party any agreement or cooperation which is identical with or similar to  this Agreement."""
LC00141,LEGAL_DOC_015,legal,0,79,"Notwithstanding anything to the contrary herein, attached as Attachment B is a list of companies (the ""Competitors II"") which are competitors with World Book and to whom sublicense may be made only with prior written consent of World Book, which World Book may withhold at its sole discretion.', 'HSWI may not sublicense the Content, Images or Affinities to any paid-subscription website which is an aggregator of third-party content (for the avoidance of doubt, such shall not include the<omitted>HSWI Websites)."
LC00142,LEGAL_DOC_015,legal,0,173,"In addition, such license for Translated Content shall be Exclusive for Display on the Open Free Web.', 'The term of the license for the Content delivered to HSWI as part of the Affinities, and the Affinities themselves, shall be perpetual, Exclusive, and irrevocable.', 'Commencing on the Effective Date and continuing for eighteen (18) months, World Book shall work exclusively with HSWI to publish Chinese language Content for the Open Free Web and shall not itself, directly or indirectly, publish Chinese language Content for the Open Free Web.', 'World Book shall not license to any third parties or otherwise use the Content as Affinities in any digital form during the term of the license.', 'World Book shall have no right to allow any party other than HSWI, including World Book, to publish, distribute, duplicate, or otherwise use the Reference Content that comprises the Affinities on the Open Free Web for purposes of creating any materials that are the same or similar to the Affinities and published online or in any other free digital media."
LC00143,LEGAL_DOC_015,legal,0,59,"Oceanic Time Warner Cable will use the content solely on channel 777, the Las Vegas channel.', 'Watchit shall have the exclusive right to sell third party advertising as sponsors of their content and will have the right to brand the content under the Watchit brand and place a ""bug"" on the screen identifying the content with a Watchit trademark."
LC00144,LEGAL_DOC_015,legal,0,116,"CEIS hereby grants XFN and its      Affiliates an exclusive license (free of all third-party liens, claims and      encumbrances) to, and to permit others to, during the Term in the      Territory:<omitted>(a)  store or cache the Content in one or more host computers controlled           directly or indirectly by XFN or its Affiliates;\n\n     (b)  adapt, translate, modify, reproduce, copy, amend, revise or encode the           Content; and\n\n     (c)  publish, broadcast, distribute, re-distribute, transmit, display, make           available to the public or otherwise exploit the Content in any manner           by any device or in media now or hereafter known.', ""During the Term, CEIS agrees not to appoint any other licensees for the      distribution of the Content in the People's Republic of China."""
LC00145,LEGAL_DOC_015,legal,0,34,"Unless accepted by the Principal, the Distributor agrees that during the term of this Agreement, the Distributor, either directly or indirectly, shall handle no products that are competitive with the Products within the Territory."
LC00146,LEGAL_DOC_015,legal,0,59,"Company agrees that no other Distributor will be appointed in any other state as a Distributor unless it is either the Company or Distributor, save and except for the state of Florida.', ""Company hereby appoints Distributor as Company's exclusive Distributor for the State of Texas, and Distributor accepts the appointment and agrees to represent the Products within the Territory."""
LC00147,LEGAL_DOC_015,legal,0,93,"""Termination by Company under this Section 12.2 shall be effective sixty (60) days following Company's giving of notice to Distributor if the occurrence giving rise to the right of termination has not been cured, or immediately in the event of a breach of Section 6 regarding Non-Disclosure of Confidential Information or Section 7.1 regarding conduct injurious to Company's reputation."", ""However, conduct which Company, in its discretion, deems detrimental to Company's image or reputation, shall be grounds for termination of this Agreement, upon reasonable notice and the failure to cure such behavior by Distributor."""
LC00148,LEGAL_DOC_015,legal,0,72,"Distributor shall (a) procure the Products solely from STAAR (or its affiliates) and not (b) procure, manufacture, market or sell in the Territory any implantable medical devices that compete directly or indirectly with the Products, during the term of this Agreement.', 'In the event that Distributor terminates this Agreement, then for one year thereafter, Distributor shall not sell, promote, advertise or market in the Territory products which are competitive with the Products."
LC00149,LEGAL_DOC_015,legal,0,31,"Distributor shall (a) procure the Products solely from STAAR (or its affiliates)', ""Subject to Section 8.3, Distributor's right to market, distribute and sell the Products in the Territory shall be exclusive."""
LC00150,LEGAL_DOC_015,legal,0,30,Refrain from making any claims or representations concerning the Products other than as set forth in the applicable specifications or labeling therefor and never disparage either STAAR or the Products.
LC00151,LEGAL_DOC_016,legal,0,58,"During the Term, without the prior written approval of Zogenix, Distributor shall not, and shall cause its Affiliates not to, either directly or indirectly, file for Regulatory Approval of, promote, market, offer for sale, sell, import or distribute in the Territory any product containing fenfluramine or any salt, enantiomer, or polymorph of fenfluramine, or any product for [***]."
LC00152,LEGAL_DOC_016,legal,0,409,"Subject to the terms and conditions of this Agreement, Zogenix hereby appoints Distributor, and Distributor accepts appointment, as the exclusive distributor (even as to Zogenix) of the Product in the Field in the Territory during the Term, and grants to Distributor the exclusive rights to maintain Regulatory Approval of (while Distributor is the MAH Party), package, promote, market, offer for sale, sell, import and distribute the Product in the Field in the Territory during the Term', ""During the Term, Zogenix shall retain and have the sole and exclusive right to supply or have supplied all of Distributors' and its Affiliates' and Sub-distributors' requirements of the Product for sale in the Field in the Territory."", 'Distributor hereby grants Zogenix an irrevocable, perpetual, royalty-free, fully paid-up, exclusive license with the right to grant sublicenses to use such Data solely generated and co-owned by Distributor outside of the Territory and a co-exclusive license in the Territory upon expiration or termination of the Agreement.', 'Distributor shall have the exclusive right to market, promote, sell, offer for sale, import, package and otherwise Commercialize the Product in the Field in the Territory, at its sole cost and expense, in accordance with Applicable Laws and the Commercialization Plan and subject to the terms and conditions of this Agreement.', ""Zogenix shall supply (or have supplied) to Distributor, in accordance with the terms set forth on Exhibit 2.3, and Distributor shall purchase exclusively from Zogenix, Distributor's and its Affiliates' and Sub- distributors' Unlabeled Drug Product requirements of the Product for sale by Distributor or its Affiliates or Sub-distributors in the Territory in the Field, subject to and under the provisions of Section 5.2 and the Supply Agreement."", 'Without limiting the foregoing, Distributor will have the exclusive right and responsibility in the Field in the Territory for the following:\n\n(i) designing the Commercialization strategy and tactics for the Product, subject to JSC approval of the Commercialization Plan;\n\n(ii) undertaking all promotional activities for the Product;<omitted>(iii) establishing and implementing post-marketing surveillance studies for the Product in the Territory as required or recommended by a Regulatory Authority;\n\n(iv) receiving, accepting and filling orders for the Product from customers;\n\n(v) warehousing and distributing the Product to customers;\n\n(vi) controlling invoicing, order processing and collection of accounts receivable for sales of the Product;\n\n(vii) recording sales of the Product in the Territory in its books of account for sales; and\n\n(viii) providing results of sales of the Product in the Territory for purposes of periodic safety reports and exposure estimates."
LC00153,LEGAL_DOC_016,legal,0,22,The Company shall not tarnish or bring into disrepute the reputation of or goodwill associated with the Seller Licensed Trademarks or Arizona.
LC00154,LEGAL_DOC_016,legal,0,434,"Under no circumstances shall Licensee enter into an exclusive distribution agreement with a CSP other than VGSL in the following territories (""VGSL Territories"") covered under the VGSL Agreement: (1) United Kingdom; (2) Ireland; (3) Germany; (4) Spain; (5) France; (6) Sweden; (7) Switzerland; (8) Portugal; (9) Netherlands; (10) Greece; (11) Italy; (12) Australia; (13) New Zealand; (14) Egypt; (15) Slovenia; (16) Belgium; (17) Austria; (18) Hungary; (19) Malta; (20) Croatia; (21) South Africa; and (22) Japan.', 'Fox has not granted and will not grant any exclusive distribution rights with respect to the Wireless Products to VGSL or any other party', ""Neither party may solicit or enter into any agreement with any third party regarding third-party promotional opportunities with respect to the Wireless Products without the other party's prior written consent; provided that the foregoing will not limit Licensee's rights to market and promote the Wireless Products directly and through (i) CSPs, subject to any Fox approval rights set forth elsewhere in this Agreement, or (ii) Fox's right to engage in third party promotions for the Properties involving wireless content otherwise sourced or created."", 'Fox grants to Licensee a limited, exclusive (except as otherwise may be provided in this Agreement), non-transferable (except as permitted in Paragraph 17(d)) right and license to use, make, have made (as set forth in Paragraph 1(a)(i) below), reproduce, modify, and create derivative works of<omitted>the PSM in each Property, solely for the purpose of developing the wireless applications specifically set forth for each of the Properties on Exhibits B through M attached hereto (""Wireless Products""), some of which Wireless Products are defined in the Glossary attached hereto as Exhibit N', 'Neither party will solicit or enter into any agreement with any third party regarding the bundling of the Wireless Products with any other property (including a Fox property) or with any other products and services including preloading, OEM and soft bundling, except as mutually agreed between the parties.', 'Furthermore, Fox grants to Licensee a limited, exclusive (except as may otherwise be provided in this Agreement), non-transferable (except as permitted in Paragraph 17(d)) right and license to make, have made, reproduce, modify, create derivative works of, advertise, promote, distribute, sell and license the Wireless Products, including any PSM included therein, solely (i) for use on mobile or cellular telephones (the ""Wireless Platform""); (ii) in the Territory (as defined in Paragraph 3), (iii) during the Term (as defined in Paragraph 4), (iv) for distribution by Licensee through the Distribution Channels (as defined in Paragraph 2(c)) granted herein; and (v) by means of periodic subscription fee, a per-download basis, or through a retail purchase"
LC00155,LEGAL_DOC_016,legal,0,21,"Licensee will<omitted>(C) avoid making disparaging, false or misleading statements or representations with regard to Fox, the Property or the Wireless Products,"
LC00156,LEGAL_DOC_016,legal,0,126,"Paragraph 1(a) of the Agreement is amended to provide that Fox grants Licensee a worldwide, exclusive (except as otherwise may be provided in the Agreement), non-transferable right and license to distribute video clips for the property ""KINGDOM OF HEAVEN"" (""KOH Video Clips"")', 'Licensee shall have the non-exclusive right and license to develop and distribute ICE AGE 2 Wireless Products during the Term of the Agreement for all Wireless Products set forth in this Paragraph 2(c) except the Game, for which Licensee shall have the exclusive right and license to develop and distribute until December 31, 2006.', 'For the avoidance of doubt, Licensee\'s right and license to develop and distribute the Game in connection with the Property ""ICE AGE 2"" shall become non-exclusive after December 31, 2006."
LC00157,LEGAL_DOC_016,legal,0,141,"In the event E-House Research and Training Institute becomes entitled to charge, invoice, or otherwise receive from, Licensee any royalties, fees or other remuneration for use of the E-House Licensed Data and Information pursuant to amendments to the Master Transaction Agreement or through other means, Licensor and Licensee shall use good faith efforts to amend this Agreement such that Licensor becomes entitled to charge, invoice, or otherwise receive fees from Licensee to use the Licensed Domain Names and Licensed Content, such fees to be agreed upon by the Parties, provided that (i) such fees shall be commercially reasonable and (ii) such fees shall not exceed the fees charged by Licensor to unaffiliated third parties for use of the Licensed Content, taking into account any other consideration received by Licensor (including, but not limited to, discounted services offerings from the third party)."
LC00158,LEGAL_DOC_016,legal,0,156,"Subject to the terms and conditions of this Agreement, Licensor hereby grants to Licensee, and Licensee hereby accepts from Licensor, an exclusive, non-transferable (except as set forth in Section 10.7) and non-sublicensable (except as provided in Section 2.1(c)) license to use the Licensed Domain Names in connection with the Business during the Term.', 'Subject to the terms and conditions of this Agreement, Licensor hereby grants to Licensee, and Licensee hereby accepts from Licensor, an exclusive, non-transferable (except as set forth in Section 10.7) and non-sublicensable (except as provided in Section 2.1(c)) license to use the Licensed Content in connection with websites associated with the Licensed Domain Names until the earlier of (i) termination or expiration of this Agreement, or (ii) termination or expiration of the Agency Agreement, provided, however, that in the event the Agency Agreement is amended or restated, such amendment or restatement shall not be deemed a termination or expiration of the Agency Agreement."
LC00159,LEGAL_DOC_016,legal,0,236,"""Subject to the terms contained herein, PAPA JOHN'S and ABG agree and acknowledge that during the Term of this Agreement and for one (1) year thereafter, ABG shall be prohibited from granting any rights for CELEBRITY identical or similar to the rights granted to PAPA JOHN'S hereunder to any entity other than PAPA JOHN'S for the purpose of directly promoting, advertising, making an appearance on behalf of, or endorsing Competitive Products; provided, however, that in the event this Agreement is terminated pursuant to Section 7.B. of this Agreement, the prohibition referenced above shall be for a period of six (6) months, except that the prohibition shall referenced above shall not apply (or shall immediately cease to apply, as applicable) in the event of any one or more of the following: (i) the Agreement is terminated due to PAPA JOHN'S failure to pay to ABG any monies under this Agreement, as set forth herein, (ii) the Agreement is terminated due to PAPA JOHN'S failure to grant, issue, or cause to vest any of the RSUs (as hereinafter defined) under this Agreement, as set forth herein, (iii) PAPA JOHN'S failure to pay to ABG any monies under Section 7.D.a. or Section 7.D.b. of this Agreement, as set forth herein, or (iv) PAPA JOHN'S failure to grant, issue, or cause to vest any of the RSUs under Section 7.E.a. or Section 7.E.b. of this Agreement, as set forth herein."""
LC00160,LEGAL_DOC_016,legal,0,80,"""PAPA JOHN'S shall not, during the Term or at any time thereafter: (I) defame or disparage CELEBRITY or the Personality Rights (or any portion thereof), nor shall PAPA JOHN'S place the CELEBRITY or the Personality Rights (or any portion thereof) in a negative light, whether in connection with this Agreement or otherwise"", 'All Parties agree not to disparage or make derogatory comments, verbal or written, regarding the other Party during the Term of the Agreement, and for one year thereafter."
LC00161,LEGAL_DOC_017,legal,0,195,"Member covenants and agrees that during the Post-Term Period (defined below), except as otherwise approved in writing by Franchisor, Member shall not, either directly or indirectly, own, manage, engage in, be employed by, advise, make loans to, consult for, or have any other interest in any Competitive Business that is, or intends to operate, within a three (3) mile radius of the premises of your Franchised Business or within a three (3) mile radius of any Franchised Business then-operating or under construction to operate under the System.', 'Member covenants and agrees that during the term of the Franchise Agreement, except as otherwise approved in writing by Franchisor, Member shall not, either directly or indirectly, for itself, or through, on behalf of, or in conjunction with any person, persons, partnership, corporation, or entity: (i) Own, manage, engage in, be employed by, advise, make loans to, consult for, rent or lease to, or have any other interest in business that (directly or indirectly) operates, or grants franchises or licenses to operate, a restaurant featuring pizza and related food specialties or that offers products or services substantially similar to those then offered by Pizza Fusions Restaurants (""Competitive Business"");"
LC00162,LEGAL_DOC_017,legal,0,63,"Member covenants and agrees that during the term of the Franchise Agreement, except as otherwise approved in writing by Franchisor, Member shall not, either directly or indirectly, for itself, or through, on behalf of, or in conjunction with any person, persons, partnership, corporation, or entity:<omitted>(ii) Divert or attempt to divert any business or customer, or potential business or customer, to any Competitive Business;"
LC00163,LEGAL_DOC_017,legal,0,58,"Member covenants and agrees that during the term of the Franchise Agreement, except as otherwise approved in writing by Franchisor, Member shall not, either directly or indirectly, for itself, or through, on behalf of, or in conjunction with any person, persons, partnership, corporation, or entity:<omitted>(iii) Induce any person to leave his or her employment with Franchisee or Franchisor."
LC00164,LEGAL_DOC_017,legal,0,428,"You agree that during the term of this Agreement, you will not, without our prior written consent, either directly or indirectly through any other person or entity:<omitted>17.1.1. Own, manage, engage in, be employed by, advise, make loans to, consult for, rent or lease to, or have any other interest in any business that (directly or indirectly) operates, or grants franchises or licenses to operate, a restaurant featuring pizza and related food specialties or that offers products or services substantially similar to those then offered by Restaurants (""Competitive Business""); 17.1.2. Divert or attempt to divert any business or customer, or potential business or customer, to any Competitive Business; or 17.1.3. Induce any person to leave his or her employment with us. 17.1.4. In any manner interfere with, disturb, disrupt, impair, diminish, or otherwise jeopardize our business or that of any of our franchisees.', 'If any of your advertising within the Delivery/Catering and Advertising Area is in media that will or may reach a significant number of persons outside of the Delivery/Catering and Advertising Area, you must notify us in advance and obtain our prior written consent (in addition to the requirements in Section 9.3 [Regional Fund] below).', 'You agree not to engage in any of the sales activities that we have reserved to ourselves in Sections 1.3 [Our Limitations and Our Reserved Rights] above.', 'For two (2) years after the expiration or termination of this Agreement or an approved Transfer to a new franchisee, you may not directly or indirectly own, manage, engage in, be employed by, advise, make loans to, consult for, or have any other interest in any Competitive Business that is, or intends to operate, within three (3) mile radius of the Premises of your Franchised Business or within a three (3) mile radius of any Restaurant then-operating or under construction to operate under the System, except as permitted by any Franchise Agreements that remain in effect between you and us. .', 'You agree not to: (a) advertise or market the services of your Franchised Business outside of the Delivery/Catering and Advertising Area; and/or (b) engage in direct solicitation of customers outside of the Delivery/Catering and Advertising Area.', 'Without our prior written approval, you may not engage in any other type of sale, including, but not limited to: selling, distributing, or otherwise providing, any services or products to third parties at wholesale, or for resale or distribution by any third party; and selling, distributing or otherwise providing any products and/or services through catalogs, mail order, toll free numbers for delivery, or electronic means (e.g., the Internet)."
LC00165,LEGAL_DOC_017,legal,0,70,"""You may not enter into any relationship with a Major Account customer that we deem to conflict with the customer's Major Account arrangement with us."", 'You agree that during the term of this Agreement, you will not, without our prior written consent, either directly or indirectly through any other person or entity:<omitted>17.1.2. Divert or attempt to divert any business or customer, or potential business or customer, to any Competitive Business;"
LC00166,LEGAL_DOC_017,legal,0,38,"You agree that during the term of this Agreement, you will not, without our prior written consent, either directly or indirectly through any other person or entity:<omitted>17.1.3. Induce any person to leave his or her employment with us."
LC00167,LEGAL_DOC_017,legal,0,27,The parties agree that Client will not be  charged a higher fee than what is being made available by EFS to its other Clients for similar services.
LC00168,LEGAL_DOC_017,legal,0,32,"Upon written request of Client, EFS shall discontinue or modify  any Advertisement that in the reasonable opinion of Client is not appropriate for the Client brand or is competitive with Client  business."
LC00169,LEGAL_DOC_017,legal,0,38,"""Subject to Client's prior written approval in each case, EFS shall have the right to work  with Client's manufacturers for the production of Merchandise that will be designed and offered for sale exclusively via the  Playboy Commerce Business."""
LC00170,LEGAL_DOC_017,legal,0,37,"EFS and its affiliates conduct their activities, both relating to the Playboy Commerce Business and otherwise, in a way that does  not jeopardize the Playboy Marks or the reputation and image of any Playboy entity or activity."
LC00171,LEGAL_DOC_018,legal,0,89,"Supplier further agrees that it will not produce,  cause to be produced or assist in the production of more units than are specified by Purchaser nor will Supplier produce, cause to be produced or assist in the production of any product or item not specifically requested by Purchaser using any  or all of the Playboy Properties or any trademark, copyright, designations, names, phrases, designs or symbols similar to  any or all of the Playboy Properties during or at any time after the completion of merchandise requested by this Contract."
LC00172,LEGAL_DOC_018,legal,0,40,"Distributor will not purchase Products for resale to any Reseller from any person or entity other than Cisco, provided that Distributor may accept returned Product from Resellers if Distributor initially sold the Product to be returned to such Reseller. [*****]"
LC00173,LEGAL_DOC_018,legal,0,98,"""The Client and the Designer both agree to never to disparage or speak ill of the other party to anyone and or post negative or disparaging comments Online regarding any of the Designer's products, services, affiliates, subsidiaries, officers, directors, employees or shareholders, and will take reasonable steps to prevent and will not knowingly permit any of their respective employees or agents to, disparage or speak ill of such persons."", 'The Client and Designer both agree not to post on defamatory websites or review websites any negative posts concerning each other, the names of our companies, and our employees."
LC00174,LEGAL_DOC_018,legal,0,200,"""Without limiting the foregoing, Consultant agrees to use his or her best efforts (A) to segregate Consultant's<omitted>Services performed under this Agreement from Consultant's work done for any other companies for whom Consultant is providing services so as to minimize any questions of disclosure of, or rights under, any inventions, (B) to notify the Company if at any time the Consultant believes that such questions may result from his or her performance under this Agreement and (C) to assist the Company in fairly resolving any questions in this regard which may arise."", 'Consultant hereby certifies that Consultant has no outstanding agreement or obligation that is in conflict with any of the provisions of this Agreement, or that would preclude Consultant from complying with the provisions hereof, and further certifies that Consultant will not enter into any such conflicting agreement during the term of this Agreement.', 'Subject to written waivers that may be provided by the Company upon request, which shall not be unreasonably withheld, Consultant agrees that, during the term of this Agreement, Consultant will not directly or indirectly (i) participate in the formation of any business or commercial entity in the Field of Interest or otherwise competitive with the Company."
LC00175,LEGAL_DOC_018,legal,0,69,"he Company further agrees that neither it nor its employees, affiliates or assigns, shall enter into, or otherwise arrange (either for it/him/herself, or any other person or entity) any business relationship, contact any person regarding such Opportunity, either directly or indirectly, or any of its affiliates, or accept any compensation or advantage in relation to such Opportunity except as directly though Consultant, without the prior written approval of Consultant."
LC00176,LEGAL_DOC_018,legal,0,250,"As used in this section, ""Competitor"" means: (i) any private or publicly traded real estate investment trust, fund or other investment vehicle or program whose principal place of business is in Virginia or any other state in which the Company owns real estate and whose business strategy is based on investing in, acquiring or developing flex/industrial, retail, multifamily and limited service hotel real estate, whether directly or indirectly through joint ventures, or (ii) any entity whose principal place of business is in Virginia or any other state in which the Company owns real estate and that advises (including any external advisor) such investment vehicles or programs.', 'CONSULTANT agrees that during its consultancy for REIT and for a period of twelve (12) months immediately following the termination of its consultancy with the Company for any reason, whether with or without cause, it will not: (a) have any ownership interest in, or participate in the financing, operation, management or control of, any Competitor; or (b) engage in or perform services for any Competitor, if such services either (1) are the same as or similar to (individually or in the aggregate) the services CONSULTANT performed for the Company during its consultancy with the Company, or (2) are performed with respect to products or services of the Competitor that are competitive with the products or services provided by the Company with which CONSULTANT was involved during its consultancy with the Company or about which it received Proprietary Information during its consultancy with the Company."
LC00177,LEGAL_DOC_018,legal,0,90,"CONSULTANT agrees that during its consultancy for REIT and for a period of twelve (12) months immediately following the termination of its consultancy with the Company for any reason, whether with or without cause, it will not: (a) solicit, entice or induce any Customer for the purpose of providing, or provide, products or services that are competitive with the products or services provided by the Company, or (b) solicit, entice, or induce any Customer to terminate or reduce its business with (or refrain from increasing its business with) the Company."
LC00178,LEGAL_DOC_018,legal,0,127,"""CONSULTANT agrees that during its consultancy for REIT and for a period of twelve (12) months immediately following the termination of its consultancy with the Company for any reason, whether with or without cause, it will not, for itself or any other person or entity: (a) solicit, induce, recruit or encourage any of the Company's employees, contractors, independent contractors or any person who provides services to the Company to terminate or reduce their employment or other relationship with the Company; (b) hire any individual who is (or was within the six (6) months immediately preceding such hiring, unless such employee was terminated from such employment by Company) an employee, exclusive contractor, or exclusive independent contractor of the Company; or (c) attempt to do any of the foregoing."""
LC00179,LEGAL_DOC_018,legal,0,84,"CONSULTANT acknowledges that any disparaging comments by him against the Company are likely to substantially depreciate the business reputation of the Company.', 'CONSULTANT further agrees that it will not directly or indirectly defame, disparage, or publicly criticize the services, business, integrity, veracity or reputation of the Company or its owners, officers, directors, or employees in any forum or through any medium of communication.', 'CONSULTANT agrees to act in good faith so as to not harm the business reputation of the Company in any way."
LC00180,LEGAL_DOC_018,legal,0,73,"""Consultant does not presently perform or intend to perform, during the term of this Agreement, consulting or other services for, or engage in or intend to engage in an employment relationship with, companies who businesses or proposed businesses in any way involve products or services which would be competitive with the Company's products or services, or those products or services proposed or in development by the Company during the term of this Agreement."""
LC00181,LEGAL_DOC_019,legal,0,84,"Consultant also expressly agrees that he will not, without the prior written consent of the Company, either directly or indirectly on his own behalf, or in the service or on behalf of others, solicit, divert, or attempt to solicit or divert any customer, client, supplier or vendor of the Company for a period of five (5) years for any reason, and without limitation for the purpose of harming the Company or of obtaining and disseminating its trade secrets, or other proprietary and confidential information"
LC00182,LEGAL_DOC_019,legal,0,85,"Consultant expressly agrees that he will not, without the prior written consent of the Company, either directly or indirectly on his own behalf, or in the service or on behalf of others, solicit, divert or hire away, or attempt to solicit, divert or hire away any person employed by the Company for a period of five (5) years for any reason, and without limitation for the purpose of harming the Company or of obtaining and disseminating its trade secrets, or other proprietary and confidential information."
LC00183,LEGAL_DOC_019,legal,0,54,"From the Effective Date and for twelve (12) months after the termination of this Agreement (the ""Restricted Period""), Consultant shall not, without Aduro\'s prior written consent, directly or indirectly, solicit or encourage any employee or contractor of Aduro or its affiliates to terminate employment with, or cease providing Services to, Aduro or its affiliates."
LC00184,LEGAL_DOC_019,legal,0,121,"During the Consultation Period and for a period of one year thereafter, the Consultant shall not, either alone or in association with others, (i) solicit, or permit any organization directly or indirectly controlled by the Consultant to solicit, any employee of the Company to leave the employ of the Company; or (ii) solicit for employment, hire or engage as an independent contractor, or permit any organization directly or indirectly controlled by the Consultant to solicit for employment, hire or engage as an independent contractor, any person who is employed or engaged by the Company; provided, that this clause (ii) shall not apply to any individual whose employment with the Company has been terminated for a period of six months or longer."
LC00185,LEGAL_DOC_019,legal,0,138,"The Consultant covenants, undertakes and agrees with the Company that during the Term and for a period of one year from the date of expiration or termination of this Agreement for any reason whatsoever, it shall not, on its own behalf or on behalf of any person, whether directly or indirectly, in any capacity whatsoever, offer employment to or solicit the employment of or otherwise entice away from the employment of the Company or any of the Affiliated Companies, any individual who is employed or engaged by the Company or any of the Affiliated Companies at the date of expiration or termination of this Agreement or who was employed or engaged by the Company or any of the Affiliated Companies, within the one year period immediately preceding the date of expiration or termination of this Agreement, as applicable."
LC00186,LEGAL_DOC_019,legal,0,1066,"If Pretzel Time exercises its right of first refusal,  Franchisee  (and its Owners)  agrees that,  for a period of twelve (12) months  commencing on the date of the closing,  neither  Franchisee (nor its Owners) shall have any direct or indirect interest  (through a member of the immediate  families of Franchisee or its Owners of  otherwise)  as a  disclosed  or  beneficial  owner,  investor, partner, director, officer, employee, consultant, representative, or agent or in any other capacity in any Competitive Business located or operating within three (3) miles of the Unit,  and/or  three (3) miles of any other  Pretzel Time Unit.', ""Franchisee  also  acknowledges  that Pretzel Time has granted the Franchise to  Franchisee  in  consideration  of and reliance  upon  Franchisee's agreement to deal  exclusively  with Pretzel Time.  Franchisee  therefore agrees that  during the term of the  Franchise  Agreement,  or the period of time which Franchisee operates a Unit under this Agreement,  whichever is shorter,  neither Franchisee  nor  any  Affiliate,  immediate  family  member,  or  in  the  event Franchisee is a corporation\n\nany Owner thereof and member of his immediate  family or in the event  Franchise is a partnership any partner  (general or limited) thereof and any member of his immediate family, shall:\n\n         (1) Have  any  direct  or  indirect  interest  as an  owner,  investor,          partner, director, officer, employee, consultant, representative, agent          or in  any  other  capacity  in any  Competitive  Business  located  or          operating  at the Site or within  three (3) miles of any  Pretzel  Time          Unit  in  operation  or  under  development  on the  effective  date of          termination or expiration of this Agreement, except a Pretzel Time Unit          operated by Franchisee under Franchise Agreements with Pretzel Time; or\n\n         (2) Recruit or hire any employee who, within the immediately  preceding          six (6) month period,  was employed by Pretzel Time or any Pretzel Time          Unit operated by Pretzel Time, its Affiliates or another  franchisee or          licensee  of  Pretzel  Time,   without   obtaining  the  prior  written          permission of Pretzel Time or such franchisee."", 'Except as  otherwise  provided  in this  Agreement  and  provided  that Franchise  is in full  compliance  with  this  Agreement,  Pretzel  Time and its Affiliates  will  not  during  the  term  of this  Agreement  operate  or  grant franchises  for the operation of Pretzel Time Units within the  Territory  other than the Franchise granted to Franchisee pursuant to this Agreement.', ""Franchisee agrees that he will at all times faithfully,  honestly,  and diligently  perform his obligations  hereunder,  that he will continuously exert his best efforts and shall  continually  train and  supervise  his  personnel to Pretzel Time's  reasonable  standards,  in  furtherance  of the mutual  business interests of both Pretzel Time and Franchisee and that he will not engage in any other business or activity that may conflict with his obligations  hereunder."", ""Neither  Franchisee  nor any of its Owners shall divert or attempt to divert any business or any customers of any Pretzel Time Unit to any  Competitive  Business or employ or seek to employ any  person who is  employed  by Pretzel  Time,  its Affiliates  or a franchisee  of Pretzel Time nor induce or attempt to induce any such person to leave said  employment  without the prior written consent of such person's employer."", 'Franchisee  therefore agrees that  during the term of the  Franchise  Agreement,  or the period of time which Franchisee operates a Unit under this Agreement,  whichever is shorter,  neither Franchisee  nor  any  Affiliate,  immediate  family  member,  or  in  the  event Franchisee is a corporation\n\nany Owner thereof and member of his immediate  family or in the event  Franchise is a partnership any partner  (general or limited) thereof and any member of his immediate family, shall:\n\n         (1) Have  any  direct  or  indirect  interest  as an  owner,  investor,          partner, director, officer, employee, consultant, representative, agent          or in  any  other  capacity  in any  Competitive  Business  located  or          operating  at the Site or within  three (3) miles of any  Pretzel  Time          Unit  in  operation  or  under  development  on the  effective  date of          termination or expiration of this Agreement, except a Pretzel Time Unit          operated by Franchisee under Franchise Agreements with Pretzel Time; or\n\n         (2) Recruit or hire any employee who, within the immediately  preceding          six (6) month period,  was employed by Pretzel Time or any Pretzel Time          Unit operated by Pretzel Time, its Affiliates or another  franchisee or          licensee  of  Pretzel  Time,   without   obtaining  the  prior  written          permission of Pretzel Time or such franchisee.', 'Franchisee (and its Owners) have executed a noncompetition covenant          in favor of Pretzel Time and the transferee agreeing that, for a period          of twelve (12) months commencing on the effective date of the Transfer,          Franchisee,  its  Owners  and  members  of the  immediate  families  of          Franchisee  and each of its Owners will not hold any direct or indirect          interest  as  a  disclosed  or  beneficial  owner,  investor,  partner,          director,  officer manager,  employee,  consultant,  representative  or          agent, or in any other capacity,  in a Competitive  Business located or          operating  within  three (3) miles of the Unit,  and  within  three (3)          miles of any other Pretzel Time Unit;', 'The Franchise  Agreement contains a covenant not to compete which extends beyond\n\n\n\n\n\nthe termination of the franchise.', 'Pretzel  Time  will not,  as long as this  Agreement  is in effect  and Franchisee  is not in default,  enfranchise  or operate any other  Pretzel  Time Franchise  within the following  enclosed  mall or building  except as otherwise provided herein (hereinafter  referred to as ""Territory""):  none.', ""Upon  termination of this  Agreement,  in accordance with its terms and conditions or by Franchisee  without cause, or upon expiration of this Agreement (unless the Franchise is renewed as provided for in this Agreement),  Franchisee and its Owners agree that for a period of TWELVE (12) months  commencing  on the effective  date of  termination  or expiration  or the date on which  Franchisee complies  with this Section,  whichever is later,  neither  Franchisee,  nor its Owners,  nor any person or entity  affiliated  with  Franchisee or  Franchisee's shareholders or partners shall have any direct or indirect  interest  (through a member of the immediate  families of Franchisee or its Owners or otherwise) as a disclosed or beneficial owner, investor,  partner, director,  officer, employee, consultant,  representative,  agent or in any other capacity in any  Competitive Business  located or operating:  (1) at the Site;  (2) within three (3) miles of the Unit;  and/or (3) within  three (3) miles of any other  Pretzel Time Unit in operation  or  under  development  on  the  effective  date  of  termination  or expiration of this  agreement for a period of one year after the  termination or expiration."""
LC00187,LEGAL_DOC_019,legal,0,82,"""Franchisee  also  acknowledges  that Pretzel Time has granted the Franchise to  Franchisee  in  consideration  of and reliance  upon  Franchisee's agreement to deal  exclusively  with Pretzel Time."", 'Except as  otherwise  provided  in this  Agreement  and  provided  that Franchise  is in full  compliance  with  this  Agreement,  Pretzel  Time and its Affiliates  will  not  during  the  term  of this  Agreement  operate  or  grant franchises  for the operation of Pretzel Time Units within the  Territory  other than the Franchise granted to Franchisee pursuant to this Agreement."
LC00188,LEGAL_DOC_019,legal,0,71,"""Neither  Franchisee  nor any of its Owners shall divert or attempt to divert any business or any customers of any Pretzel Time Unit to any  Competitive  Business or employ or seek to employ any  person who is  employed  by Pretzel  Time,  its Affiliates  or a franchisee  of Pretzel Time nor induce or attempt to induce any such person to leave said  employment  without the prior written consent of such person's employer."""
LC00189,LEGAL_DOC_019,legal,0,194,"Franchisee  therefore agrees that  during the term of the  Franchise  Agreement,  or the period of time which Franchisee operates a Unit under this Agreement,  whichever is shorter,  neither Franchisee  nor  any  Affiliate,  immediate  family  member,  or  in  the  event Franchisee is a corporation\n\nany Owner thereof and member of his immediate  family or in the event  Franchise is a partnership any partner  (general or limited) thereof and any member of his immediate family, shall:<omitted>(2) Recruit or hire any employee who, within the immediately  preceding          six (6) month period,  was employed by Pretzel Time or any Pretzel Time          Unit operated by Pretzel Time, its Affiliates or another  franchisee or          licensee  of  Pretzel  Time,   without   obtaining  the  prior  written          permission of Pretzel Time or such franchisee.', ""Neither  Franchisee  nor any of its Owners shall divert or attempt to divert any business or any customers of any Pretzel Time Unit to any  Competitive  Business or employ or seek to employ any  person who is  employed  by Pretzel  Time,  its Affiliates  or a franchisee  of Pretzel Time nor induce or attempt to induce any such person to leave said  employment  without the prior written consent of such person's employer."""
LC00190,LEGAL_DOC_019,legal,0,32,Franchisee  agrees to refrain from any business or advertising  practice which may be injurious to the business of Pretzel Time and the goodwill associated with the Marks and other Pretzel Time Units.
LC00191,LEGAL_DOC_020,legal,0,59,"During the term of this Agreement, Consultant will not, directly or indirectly (whether for compensation or without compensation) engage in or provide consulting services, or enter into any agreement either written or oral, that would present a material conflict with any of the provisions of this Agreement, or would preclude Consultant from complying with the terms and conditions hereof."
LC00192,LEGAL_DOC_020,legal,0,54,"From the Effective Date and for twelve (12) months after the termination of this Agreement (the ""Restricted Period""), Consultant shall not, without Aduro\'s prior written consent, directly or indirectly, solicit or encourage any employee or contractor of Aduro or its affiliates to terminate employment with, or cease providing Services to, Aduro or its affiliates."
LC00193,LEGAL_DOC_020,legal,0,682,"You shall not offer for sale any Menu Items or Proprietary Products by means of Internet/World Wide Web programming or advertising.', 'Each of you agrees that during the period Franchisee operates any Buffalo Wild Wings and/or bw-3 Restaurants, or has any beneficial interest therein, or holds any rights to develop one or more such Restaurants (including all renewal periods) you shall not directly or indirectly on your own account or as an employee, consultant, partner, officer, director, shareholder or member of any person, firm, entity, partnership, corporation or company, own, operate, lease franchise, engage in, be connected with, have any interest in, or assist any person or entity engaged in:  1) any restaurant business, 2) any prepared food business, or 3) any other business which sells prepared food products the same or similar as the type sold in our System.', 'Accordingly, you covenant that, except as otherwise approved in writing by us, you will not, for a period of two (2) years after the expiration or termination of this Agreement, regardless of the cause of termination, or within two (2) years of the sale of the Franchised Restaurant or any interest in you, either directly or indirectly, for yourself, or through, on behalf of, or in conjunction with any person or entity, own, manage, operate, maintain, engage in, consult with or have any interest in: i) any restaurant business, ii) any prepared food business, or iii) any other business which sells or offers to dispense prepared food products the same as or similar to the type sold in the System:\n\n            1.    At the premises of the former Franchised Restaurant;\n\n            2.    Within a radius of ten (10) miles of the former Franchised Restaurant; or\n\n            3.    Within a radius of ten (10) miles of the location of any other business using the System, whether franchised or owned by us or our affiliates.', 'We and our affiliated companies shall not engage in catering and delivery services and activities in the Designated Area.', 'You covenant that during the term of this Agreement, except as otherwise approved in writing by us, you will not, either directly or indirectly, for yourself, or through, on behalf of, or in conjunction with any person, persons, partnership, corporation or company:<omitted>3.    Directly or indirectly, for yourself or through, on behalf of, or in conjunction with any person or entity, own, manage, operate, maintain, engage in, consult with or have any interest in: a) any restaurant business, b) any prepared food business, or c) any other business which sells or offers to dispense prepared food products the same as or similar to the type sold in the System.', 'Each of you agrees that\n\n\n\n\n\nfor a two-year period after Franchisee ceases to have any interest in any Restaurants or any rights to develop Restaurants, regardless of the reasons such interest ceases or terminates, you will not directly or indirectly on your own account or as an employee, consultant, partner, officer, director, shareholder or member of any person, firm, entity, partnership, corporation or company, own operate, lease franchise, engage in, be connected with, have any interest in, or assist any person or entity engaged in:  1) any restaurant business, 2) any prepared food business, or 3) any other business which sells prepared food products the same or similar as the type sold in our System; which is located at or within a ten (10) mile radius of your former Franchised Restaurant or any Buffalo Wild Wings or bw-3 Restaurant.', 'You shall not engage in catering and delivery services and activities outside of the Designated Area.', 'You will, in the event you continue to operate or subsequently begin to operate any other business, not use any reproduction, counterfeit, copy or colorable imitation of the Marks either in connection with such other business or the promotion thereof, which is likely to cause confusion, mistake or deception, or which is likely to dilute our exclusive rights in and to the Marks\n\n\n\n\n\nand will not utilize any designation of origin or description or representation which falsely suggests or represents an association or connection with us so as to constitute unfair competition."
LC00194,LEGAL_DOC_020,legal,0,152,"If you propose to offer for sale at the Franchised Restaurant any brand of product, or to use in the operation of the Franchised Restaurant any brand of food ingredient or other material or supply which is not then approved by us as meeting its minimum specifications and quality standards, or to purchase any product from a supplier that is not then designated by us as an approved supplier, you must first notify us and shall upon our request submit samples and such other information as we require for examination and/or testing or to otherwise determine whether such product, material or supply, or such proposed supplier meets its specifications and quality standards.', 'You receive a Designated Area within which we and our affiliates shall not operate or grant to anyone else a franchise to operate a Buffalo Wild Wings or bw-3 Restaurant so long as this Agreement is in force and effect."
LC00195,LEGAL_DOC_020,legal,0,89,"You covenant that during the term of this Agreement, except as otherwise approved in writing by us, you will not, either directly or indirectly, for yourself, or through, on behalf of, or in conjunction with any person, persons, partnership, corporation or company:\n\n            1.    Divert or attempt to divert any business or customer of the Franchised Restaurant to any competitor, by direct or indirect inducement or otherwise, or do or perform, directly or indirectly, any other act injurious or prejudicial to the goodwill associated with the Marks or the System."
LC00196,LEGAL_DOC_020,legal,0,129,"You agree that from and after the date hereof, you will not solicit, entice, induce to leave employment or hire directly or indirectly, any person who has been employed by us or by our affiliates or franchisees within the previous twelve (12) month period.', 'You covenant that during the term of this Agreement, except as otherwise approved in writing by us, you will not, either directly or indirectly, for yourself, or through, on behalf of, or in conjunction with any person, persons, partnership, corporation or company:<omitted>2.    Employ or seek to employ any person who is at that time employed by us, our affiliates, or by any other franchisee of ours, or otherwise directly or indirectly induce or seek to induce such person to leave his or her employment thereat."
LC00197,LEGAL_DOC_020,legal,0,353,"orders of, and applicable restrictions imposed by, governmental authorities (collectively, the ""Applicable General Laws""), other than all applicable laws, rules and regulations in respect of ""going out of business"", ""store closing"" or similar-themed sales and permitting (collectively, the ""Liquidation Sale Laws"")', 'following the occurrence of the closing under this Agreement, which shall occur no later than April 19, 2018 (the ""Closing""), subject to payment of the Cash Purchase Price (as defined below) and Purchaser\'s compliance with its other obligations hereunder, Agent shall have the exclusive right to market and sell, and/or otherwise designate the purchasers, licensees, and/or assignees of, any or all of the Assets free and clear of all liens, claims, and encumbrances thereon without further order of the Bankruptcy Court;', 'Upon the occurrence of the Closing, Agent shall have the exclusive right to market and sell, and/or otherwise designate the purchasers, licensees, transferees, and/or<omitted>assignees of (which may in certain circumstances be Purchaser, any of the entities comprising Purchaser, any of their respective affiliates, and/or a new entity created by any of the foregoing), any or all of the Assets free and clear of all liens, claims, and encumbrances thereon, without further order of the Bankruptcy Court (the ""Asset Designation Rights"").', 'Agent, as the exclusive agent for Merchant, is authorized to conduct, advertise, post signs, utilize sign-walkers, and otherwise promote the GOB Sale as a ""going out of business"", ""store closing"", ""sale on everything"", ""everything must go"", or similar themed sale, in accordance with the Sale Guidelines (as the same may be modified and approved by the Bankruptcy Court), subject to compliance with the Sale Guidelines, the Approval Order, and all applicable federal, state, and local laws, regulations and ordinances, including, without limitation, all laws and regulations relating to advertising, privacy, consumer protection, occupational health and safety and the environment, together with all applicable statutes, rules, regulations and', 'Agent shall have the exclusive right to use the Stores and all other Assets for the purpose of conducting the GOB Sale, free of any interference from any entity or person, subject to compliance with the Sale Guidelines (as defined below) and Approval Order;"
LC00198,LEGAL_DOC_020,legal,0,79,"""Subject to the terms and conditions herein set forth, the Company and the Bank hereby appoint  the Agent as their exclusive financial advisor and marketing agent (i) to utilize its best efforts to solicit subscriptions for Common Shares and to  advise and assist the Company and the Bank with respect to the Company's sale of the Shares in the Offering and (ii) to participate in the Offering  in the areas of market making and in syndicate formation (if necessary)."""
LC00199,LEGAL_DOC_020,legal,0,53,"""Neither party shall, during the term of this Agreement and for one (1) year after its termination, solicit for hire as an employee, consultant or otherwise any of the other party's personnel who have had direct involvement with the Services, without such other party's express written consent, which shall not be unreasonably withheld."""
LC00200,LEGAL_DOC_020,legal,0,109,"During the term of this Agreement and for a period of two (2) years after expiration or termination for any reason of this Agreement, Maimon agrees not to: (a) compete with the business of the Company, whether individually or through any entity, or to use (or permit the use of) any Confidential Information, directly or indirectly, for the purpose of competing with the business of the Company;', ""Maimon agrees during the term of this Agreement not to accept work or enter into a contract or accept an obligation inconsistent or incompatible with Maimon's obligations under this Agreement or with the scope of services to be rendered for the Company"""
LC00201,LEGAL_DOC_021,legal,0,53,"During the term of this Agreement and for a period of two (2) years after expiration or termination for any reason of this Agreement, Maimon agrees not to:<omitted>suggest to, induce or persuade any customer, client, vendor, supplier, employee, consultant or agent of the Company to terminate or diminish its relationship with the Company."
LC00202,LEGAL_DOC_021,legal,0,53,"During the term of this Agreement and for a period of two (2) years after expiration or termination for any reason of this Agreement, Maimon agrees not to:<omitted>suggest to, induce or persuade any customer, client, vendor, supplier, employee, consultant or agent of the Company to terminate or diminish its relationship with the Company."
LC00203,LEGAL_DOC_021,legal,0,632,"The Executive agrees and undertakes with the Company acting on behalf of itself and as agent for each Group Company that he will not in any Relevant Capacity at any time during the Restricted Period: (a) within or in relation to the Restricted Territory take any steps preparatory to or be directly or indirectly engaged, employed, interested or concerned in: (i) any Competing Business; and/or (ii) any Target Business Entity, (b) within or in relation to the Restricted Territory acquire a substantial or controlling interest directly or by or through any nominee or nominees in any Competing Business, Target Business Entity or in any Person owning or controlling a Competing Business or Target Business Entity; or (c) solicit or attempt to solicit, canvass, interfere with or entice away from the Company or any Relevant Group Company the custom or any prospective custom of any Client or any Prospect with a view to providing to that Client or Prospect any products or services which are the same as or materially similar to any Restricted Business in competition with the Company or any Relevant Group Company; or (d) provide or agree to provide any products or services which are the same as or materially similar to any Restricted Business to any Client or any Prospect in competition with the Company or any Relevant Group Company; or (e) solicit, entice or encourage or attempt to solicit, entice or encourage any Key Individual to leave the employment of the Company or any Relevant Group Company (whether or not such person would commit any breach of his contract of employment by doing so); or (f) employ, engage, appoint, enter into partnership or association with or in any way cause to be employed, engaged or appointed any Key Individual in relation to any Person which is or is proposing to be a Competing Business or is or is proposed to be directly or indirectly owned by or controlling any Competing Business; or (g) provide or agree to provide any products or services which are the same as or materially similar to any Restricted Business in respect of any Competitor Account; or (h) be employed or engaged by any Client or Prospect if as a result the Client or Prospect will cease to use or materially reduce its usage of the products or services of the Company or any Relevant Group Company or, in the case of a Prospect, will not use the products or services of the Company or any Relevant Group Company or use them to a materially lesser extent; or (i) solicit or try to solicit or place orders for the supply of products or services from any Supplier if as a result the Supplier will cease supplying, materially reduce its supply or vary detrimentally the terms on which it supplies products or services to the Company or any Relevant Group Company; or<omitted>(j) encourage, assist or procure any Person to do anything which if done by the Executive would be a breach of sub clauses 1 (a) to (i).', ""During the Appointment, the Executive may not accept any employment with or appointment to any office, whether paid or unpaid, in relation to anybody, whether corporate or not (other than a Group Company), or directly or indirectly be interested in any manner in any other business except:<omitted>(a) as holder or beneficial owner (for investment purposes only) of any class of securities in a company if those securities are listed or dealt in on a Recognised Investment Exchange and the Executive (together with his spouse, children, parents and parents' issue) neither holds nor is beneficially interested in more than 1% of the securities of that class; or (b) with the consent in writing of the Company, which may be given subject to any terms which the Company requires."""
LC00204,LEGAL_DOC_021,legal,0,102,"The Executive agrees and undertakes with the Company acting on behalf of itself and as agent for each Group Company that he will not in any Relevant Capacity at any time during the Restricted Period:<omitted>(c) solicit or attempt to solicit, canvass, interfere with or entice away from the Company or any Relevant Group Company the custom or any prospective custom of any Client or any Prospect with a view to providing to that Client or Prospect any products or services which are the same as or materially similar to any Restricted Business in competition with the Company or any Relevant Group Company;"
LC00205,LEGAL_DOC_021,legal,0,78,"The Executive agrees and undertakes with the Company acting on behalf of itself and as agent for each Group Company that he will not in any Relevant Capacity at any time during the Restricted Period:<omitted>(e) solicit, entice or encourage or attempt to solicit, entice or encourage any Key Individual to leave the employment of the Company or any Relevant Group Company (whether or not such person would commit any breach of his contract of employment by doing so);"
LC00206,LEGAL_DOC_021,legal,0,531,"""You hereby agree with the Company that to protect the Company's and any and all Group Company's business interests, customer connections and goodwill and the stability of its or their workforce, that you will not during the Restricted Period (and in respect of sub-paragraph 14.2(f) below only, at any time):\n\n(a) in the Restricted Territory, compete with the business of the Company or any Group Company by being directly or indirectly employed or engaged in any capacity by any person, firm or company which engages in or provides Restricted Business or commercial activities competitive with the Restricted Business to Restricted Customers or Prospective Customers;\n\n(b) in the Restricted Territory, compete with the business of the Company or any Group Company either on your own account or for any person, firm or company directly or indirectly by transacting business in competition with the Restricted Business with any Restricted Customer or Prospective Customer of the Company or Group Company and with whom you personally dealt in respect of Restricted Business in the pursuance of the employment hereunder in the twelve (12) months prior to the Termination Date;<omitted>(c) in the Restricted Territory, compete with the business of the Company or any Group Company either on your own account or for any person, firm or company directly or indirectly in competition with the Restricted Business by soliciting or endeavouring to solicit or entice the business or custom of any Restricted Customer or Prospective Customer and with whom you personally dealt in respect of Restricted Business in the pursuance of the employment hereunder in the twelve (12) months prior to the Termination Date;\n\n(d) either on your own account or for any person, firm or company directly or indirectly solicit or entice away or endeavour to solicit or entice away any director or senior employee of the Company or any Group Company employed in a managerial, scientific or technical role with whom you have had material personal dealings in the twelve (12) months prior to the Termination Date;\n\n(e) from the Termination Date for the purpose of carrying on any trade, or business represent or allow you to be represented or held out as having any present association with the Company or any Group Company; and\n\n(f) from the Termination Date carry on any trade or business whose name incorporates the word Bicycle or any deviation or extension thereof which is likely or which may be confused with the name of the Company or any Group Company."", ""You shall not, without the prior written consent of the Company, either solely or jointly, directly or indirectly, carry on or be engaged, concerned or interested in any other trade or business, including, but not limited to, carrying on business with the Company's suppliers or dealers, save that nothing in this paragraph 13.2 shall prevent you from holding (with the prior written consent of the Company, which shall not be unreasonably delayed or withheld) up to three percent (3%) of the issued equity share capital of any company where those equity shares are listed on a recognised investment exchange (as defined in section 285 of the Financial Services and Markets Act 2000) or traded on the AIM market operated by the London Stock Exchange."""
LC00207,LEGAL_DOC_021,legal,0,114,"""You hereby agree with the Company that to protect the Company's and any and all Group Company's business interests, customer connections and goodwill and the stability of its or their workforce, that you will not during the Restricted Period (and in respect of sub-paragraph 14.2(f) below only, at any time):<omitted>(d) either on your own account or for any person, firm or company directly or indirectly solicit or entice away or endeavour to solicit or entice away any director or senior employee of the Company or any Group Company employed in a managerial, scientific or technical role with whom you have had material personal dealings in the twelve (12) months prior to the Termination Date;"""
LC00208,LEGAL_DOC_021,legal,0,66,"During the term of employment and for one (1) year thereafter, the Executive will not directly or indirectly, either themselves or through others, encourage or solicit any employee of the Company to leave the Company for any reason. This obligation shall not affect any responsibility the Executive has as an employee of the Company with respect to the bona fide hiring and firing of Company personnel."
LC00209,LEGAL_DOC_021,legal,0,67,"""The Company may terminate the Executive's employment under this Agreement with immediate effect without notice and with no liability to make any further payment to the Executive (other than in respect of amounts accrued at the Termination Date) if in the reasonable opinion of the Company the Executive:<omitted>makes any statement or other form of communication that disparages or undermines the goodwill or reputation of any Group Company."""
LC00210,LEGAL_DOC_021,legal,0,92,"During the Term (the ""Exclusivity Period""), Smith hereby represents, warrants and agrees that he will not: (i) render any services in commercials or advertisements on behalf of any computer game or videogame sports software product or service, or (ii) authorize the use of Smith\'s Likeness in connection with any computer game or videogame golf instruction related sports software product or service.', 'Smith hereby grants to TDA the following rights (the ""Rights""):<omitted>(d) the exclusive right to use and reuse the results and proceeds of       the in connection with TDA\'s Golf Instruction Related Products;"
LC00211,LEGAL_DOC_022,legal,0,101,"""The Sponsor acknowledges that Racing has arranged and may arrange in the future for other sponsors  for the Racing Team. Racing agrees that, during the term of this Agreement, (i) Sponsor shall have the right to approve or disapprove any  additional sponsor identified by Racing, and (ii) unless another proposed sponsor has agreed to pay a sponsorship fee that exceeds the amount  paid by Sponsor, no other sponsor shall receive any benefit of greater value (including either an equivalent or a more prominent use of another  sponsor's name, logo or other identifying information) than the Benefits provided to the Sponsor hereunder."""
LC00212,LEGAL_DOC_022,legal,0,122,"Subject to payment by the Sponsor of the sponsorship fee provided for herein, during the term of this  Agreement Racing shall cause the Racing Team to provide for the Sponsor\'s benefit all of the benefits customarily associated with the  sponsorship of a Daytona Prototype Series racing team and consistent with the benefits provided to the Sponsor in 2005 - 2009 (individually, a  ""Benefit,"" and collectively, the ""Benefits""), including but not limited to the following:<omitted>(v) prohibiting the endorsement by Racing and any members of Racing, including the drivers, of any entities, products or  services which are in direct competition or otherwise inconsistent with the Sponsor or it products or services, unless such  endorsement activity is approved in writing by Racing and the Sponsor;"
LC00213,LEGAL_DOC_022,legal,0,35,"The Sponsor shall have the right to terminate this Agreement on written  notice to Racing if any driver, the general manager or any other member of Racing<omitted>(iii)  disparages the products or services of the Sponsor"
LC00214,LEGAL_DOC_022,legal,0,109,"Throughout the Term Intuit will not place, and will not allow any party      acting on its behalf to place, any graphic, link or other form of      advertising or media on any page of the Quicken.com Site and/or on any page      on the AOL.com Personal Finance Site (other than the Channel Home Page),      which markets or promotes any electronic postage product, postage meter\n\n\n\n\n\n     and/or service (""Postage Products"") offered by a Client Competitor.', 'If Intuit elects to provide advertising, sponsorship or other      -------      promotional space on all or any portion of the Intuit Sites for a Client      Competitor, Intuit agrees to negotiate with Client in good faith regarding      such promotional opportunity."
LC00215,LEGAL_DOC_022,legal,0,287,"Without limiting Section 4(a) above, the Parties agree that *** are, at the Effective Date, primarily or exclusively known as suppliers or providers in the Product and Services Category. Accordingly, Forty Niners SC shall not solicit or enter into sponsorships with such Parties.', 'Sponsor shall receive exclusive branding and entitlement at the Stadium at (i) a ticketed entryway for the suite tower guests (currently referred to as ""Suite Tower Gate F""); (ii) an open communal space in front of the suite tower (currently referred to as the ""Suite Tower Plaza""); (iii) first floor welcome lobby of suite tower and individual suite corridors (currently referred to as the ""Suite Tower Atrium""); and (iv) an on\xadsite meeting space (currently referred to as the ""Executive Briefing Center"") located adjacent to the suite described below and Forty Niners SC will provide a *** credit towards buildout of the Executive Briefing Center.', 'Forty Niners SC shall not enter into a sponsorship agreement with a party with respect to the Product and Services Category, provided however, that Forty Niners SC shall be permitted to enter into a sponsorship agreement with any party that enters into a naming rights agreement with SCSA for the Stadium, provided that if SCSA enters into a naming rights agreement for the Stadium with a party that is in the Products and Services Category, Sponsor may immediately terminate this Agreement and receive a pro rated refund of any amounts paid by Sponsor for the unexpired Contract Year in which the termination occurs.', 'Forty Niners SC acknowledges and agrees that, except as otherwise provided herein, the rights granted to Sponsor herein are exclusive to Sponsor within the Product and Services Category with respect to Forty Niners SC at the Stadium."
LC00216,LEGAL_DOC_022,legal,0,67,"""Either Party shall have the right to immediately terminate this Agreement in the event the other Party, in such Party's reasonable discretion, engages in illegal, indecent, immoral, harmful or scandalous behavior or activities that may directly or indirectly damage such Party's reputation or goodwill or violates any rules or regulations of Team or the National Football League or if this would otherwise violate League policy or directive."""
LC00217,LEGAL_DOC_022,legal,0,60,"In  consideration  of  the  payments,  through  the  issuance  of securities  to AJR as provided for in Section 3 hereof,  AJR agrees to designate XC as an associate sponsor and the ""exclusive  technology  sponsor"" for wearable computer  technology"" of the Team for the Season and grants to XC the rights and benefits of such sponsorship as more fully set forth herein."
LC00218,LEGAL_DOC_022,legal,0,42,"AJR shall not take any action or suffer any action to occur, whether taken by the Team or others,  which could result in an adverse impact on XC, its Licensed Materials and the goodwill associated  therewith as a result of this Agreement."
LC00219,LEGAL_DOC_022,legal,0,11,"""The Vitamin Shoppe is the proud exclusive vitamin sponsor of drkoop.com."""
LC00220,LEGAL_DOC_022,legal,0,59,"Excite will in ""good faith"" ensure Client that the above mentioned             banners and promotional placements will be more prominently             presented than any other ""competitive retailer\'s"" banners or             promotional placements for the term of the Agreement. For the             purposes of this Agreement, a ""competitive retailer"" means an             on-line department store comparable to Bloomingdale\'s, Macy\'s,             Burdine\'s, Shopping.com, Chef\'s Catalog or iQVC."
LC00221,LEGAL_DOC_023,legal,0,56,"In addition, in the event that iVillage desires to form a sponsorship relationship with an automobile rental company during the term of this Agreement, iVillage shall notify Hertz and provide Hertz with an opportunity to enter into such a relationship with iVillage, on not less favorable terms than those offered to any other automobile rental company."
LC00222,LEGAL_DOC_023,legal,0,38,"For the Initial Term of this Agreement, iVillage agrees that Ford shall be the exclusive automobile manufacturer sponsor and advertiser throughout the Network, with respect to entities whose primary business is that of an automotive manufacturer and/or retailer."
LC00223,LEGAL_DOC_023,legal,0,55,"""SRP may not obtain any associate or secondary sponsors whose products or concepts compete with Logan's."", ""The Driver shall not drive for any other sponsor which competes with Logan's."", ""Furthermore, SRP shall not permit any associate or secondary sponsor to suggest in any manner that its sponsorship role is as great as that of Logan's."""
LC00224,LEGAL_DOC_023,legal,0,165,"""Logan's also shall have the exclusive right to promote its Logan's trademark on the side of the helmet, as shown on Exhibit B to this Agreement."", ""The Driver shall not drive any other race vehicle for any other sponsor than Logan's without prior written notice from SRP to Logan's."", ""The Driver shall not appear in a race uniform or driving suit other than the\n\n\n\n\n\nLogan's uniform/suit in connection with or portraying involvement in NASCAR LMSC racing, whether or not used in product advertising or promotion."", ""Logan's shall have the exclusive use of the hood, the rear quarter panel area above the tire and the bottom of the deck lid (rear facing panel, TV panel) of the Race Car, as shown on Exhibit C to this Agreement."", ""Consistent with the NASCAR rules and regulations, and excluding any patches required by NASCAR, Logan's shall have the exclusive right to promote its Logan's logo on uniforms and Driver's suit on the areas depicted on Exhibit A to this Agreement."""
LC00225,LEGAL_DOC_023,legal,0,107,"Sponsor will be the exclusive retail music store sponsor of                   the Excite Site and the Excite Broadcast Pages.', 'In no event will Excite enter                  into arrangements to make available opportunities to purchase                  Music Products from parties other than Sponsor that would                  prevent Sponsor from being the exclusive source of such Music                  Products on the Excite Site once the Music Products become                  available through Sponsor.', 'Excite will                   not permit the display of advertising banners, promotional                   buttons, promotional links or other promotional materials for                   any retail sale of Music Products on the Excite Site, except                   those Music Products offered by Sponsor, nor advertising by                   any other Retail Music Store."
LC00226,LEGAL_DOC_023,legal,0,30,"""In further consideration of this Agreement, XLI shall not in any way disparage the Trademarks, nor any of WCC's parent, subsidiary, or affiliated companies' trademarks or its or their products."""
LC00227,LEGAL_DOC_023,legal,0,32,"HPS agrees to outsource to SHPS, and hereby appoints SHPS as the exclusive provider of, Care Management Services to the Clients, subject to the terms and conditions set forth in this Agreement."
LC00228,LEGAL_DOC_023,legal,0,44,"""Except as may be provided in any Schedule, Customer agrees that, during the Term, Metavante shall be Customer's sole and exclusive provider of all Services included in Metavante's Integrated Banking Solution (deposit and loan processing services provided by Metavante as of the Commencement Date)."""
LC00229,LEGAL_DOC_023,legal,0,81,"Neither party shall solicit the employees of the other party for employment during the Term of this Agreement, for any reason.', 'The foregoing shall not preclude either party from employing any such employee (a) who seeks employment with the other party in response to any general advertisement or solicitation that is not specifically directed towards employees of such party or (b) who contacts the other party on his or her own initiative without any direct or indirect solicitation by such party."
LC00230,LEGAL_DOC_023,legal,0,26,"Dolphin will provide photo-editing services exclusively, at DGT option, when the number of downloaded photos to be edited by Dolphin totals 50,000 in a single year;"
LC00231,LEGAL_DOC_024,legal,0,104,"IBM agrees that, for a period of [*] years from the Effective Date             of this Agreement, it will not in any way solicit for employment             any Transferred Employees without the prior written consent of MSL;             provided, however, that the foregoing will not restrict or prevent             IBM from a) employing any such person who contacts IBM on his or her             own initiative without any solicitation or encouragement from IBM             or b) by using general employment advertising or communications or             independent search firms, hiring any person who responds thereto,             provided that IBM does not direct or encourage such independent             search firms to solicit such Transferred Employees."
LC00232,LEGAL_DOC_024,legal,0,51,"In addition to the other restrictions contained herein, Nexstar shall not enter into any material contractual obligation with respect to WYZZ-TV without first consulting with WYZZ to determine whether or not WYZZ (or its affiliates) is able to obtain more favorable terms with respect to the subject matter of such contract."
LC00233,LEGAL_DOC_024,legal,0,59,"Schoolpop shall have the exclusive right to resell Cards in                   the NPO Marketplace.', 'AEIS, on its own behalf, reserves the right to                   market its Cards and other products and services directly as\n\n1\n\nwell as through additional firms on terms and conditions that                   it selects in its sole discretion, provided that no such sales                   shall take place within the NPO Marketplace."
LC00234,LEGAL_DOC_024,legal,0,54,"Each party agrees that, during the Term of this      Agreement and for a period of five (5) years thereafter, neither will make      written or oral comments regarding the other that are negative,      disparaging, tend to bring the other into disrepute or call into question      the business acumen, character, honesty or integrity of the other."
LC00235,LEGAL_DOC_024,legal,0,38,"Each Item listed in Exhibit 3 (""Main Elements covered under this Agreement"") and Exhibit 6 (""LRUs covered by repair and standardexchange Services"") withdrawn from the Stock and used by the Company shall be exclusively repaired by the Repairer."
LC00236,LEGAL_DOC_024,legal,0,68,"Based on the foregoing, and subject to the terms and conditions contained in this Agreement, the Agents severally and not jointly agree to act as, and the Corporation appoints the Agents as, the exclusive agents of the Corporation to offer the Offered Shares for sale on the Closing Date (as defined herein) in the Selling Jurisdictions (as defined herein) on a private placement basis at the Offering Price."
LC00237,LEGAL_DOC_024,legal,0,73,"""MediWound's rights as per Section 3.1 will be exclusive in the sense that CBC shall not nor shall permit any Affiliate or third party to manufacture, use, supply<omitted>or sell Bromelain SP for utilization as an ingredient of any product which directly or indirectly competes with the Product."", 'MediWound shall have an exclusive license under patents and other intellectual property, to develop, use, manufacture, market and sell the Product for burn treatment in humans;"
LC00238,LEGAL_DOC_024,legal,0,63,"Subject to the terms and conditions of this Agreement, PcoMed hereby grants to Integra and its Affiliates a sole and exclusive worldwide right to sell and commercialize Integra Products treated by PcoMed, with the PcoMed Surface Modification Technology (the ""Right"") for use in the Field in the Territory, including the right to conduct research and development in support of any of the foregoing."
LC00239,LEGAL_DOC_024,legal,0,130,"In the event this Agreement is terminated pursuant to the provisions of         paragraph 19.2, then the Party whose control has changed shall not         enter into an agreement with any other Party to provide services similar         to those provided herein or to provide its services similar to those         provided for herein without an agreement, for a period of twelve (12)         months from the effective date of termination.', 'In the event this Agreement is terminated pursuant to the provisions of         paragraph 17, then the Party in default shall not enter into an         agreement with any other Party to provide services similar to those         provided herein or to provide its services similar to those provided for         herein without an agreement, for a period of six (6) months from the         effective date of termination."
LC00240,LEGAL_DOC_024,legal,0,20,Dynamex agrees not to provide sameday delivery services for any other        provider of next day or multiple day courier services.
LC00241,LEGAL_DOC_025,legal,0,60,"Except for the joint marketing efforts referred to in Section 3.1 (v)        above, Dynamex agrees not to directly or indirectly solicit overnight        freight from customers of Purolator.', 'Except for the joint marketing efforts referred to in Section 3.1 (v)         above, Purolator agrees not to directly or indirectly solicit next day         or multiple day freight from existing sameday customers of Dynamex."
LC00242,LEGAL_DOC_025,legal,0,100,"""Upon termination of this Agreement for reasons other than a default by Shipper, pursuant to any provisions of this Agreement or any other termination of this Agreement initiated by Shipper pursuant to Section 5, Shipper shall have the right to require MPL to enter into a new transportation service agreement with Shipper that (a) is consistent with the terms and objectives set forth in this Agreement and (b) has commercial terms that are, in the aggregate, equal to or more favorable to Shipper than fair market value terms as would be agreed by similarly-situated parties negotiating at arm's length provided."""
LC00243,LEGAL_DOC_025,legal,0,57,"During the Term, Green Cross shall not (either by itself, or with or through a Related Party or Third Party) Develop or Commercialize any (i) Product outside of the scope of this Agreement or (ii) Competing Product.', 'Green Cross shall pay to MacroGenics a royalty of *** on Net Sales of Competing Products for the Royalty Term."
LC00244,LEGAL_DOC_025,legal,0,130,"The license granted pursuant to this Section 10.3 shall be non\xadexclusive in the Territory and exclusive in the rest of the world outside the Territory.', 'Subject to the terms and conditions of this Agreement, MacroGenics hereby grants to Green Cross an exclusive, royalty- bearing (i) license, with the right to grant sublicenses (subject to Section 10.1(b)), under the MacroGenics Licensed Technology and the MacroGenics Licensed Trademarks; and (ii) to the extent needed under this Section 10.1(a), sublicense under the MacroGenics Licensed Technology licensed pursuant to the Upstream Agreements, in the case of each of (i) and (ii), to conduct the Phase I Clinical Development Plan and Phase II Clinical Development Plan, and to distribute, sell, offer for sale and import Products in the Field in the Territory during the Term."
LC00245,LEGAL_DOC_025,legal,0,28,"Party B shall not advertise, or make any statement favorable for, any competitor having the same or similar business scope as Party A in the services it provides."
LC00246,LEGAL_DOC_025,legal,0,66,"""Party A irrevocably undertakes that, without Party B's consent, Party A shall not conduct any other business or make any commercial arrangement, including without limitation being engaged in or otherwise participating in any commercial activities and businesses independently or together with any other person or entity, nor shall it carry out any activities that may be competitive with or cause adverse effect to Party B's business."""
LC00247,LEGAL_DOC_025,legal,0,168,"""Party A irrevocably undertakes that, without Party B's consent, Party A shall not conduct any other business or make any commercial arrangement, including without limitation being engaged in or otherwise participating in any commercial activities and businesses independently or together with any other person or entity, nor shall it carry out any activities that may be competitive with or cause adverse effect to Party B's business."", 'Party A irrevocably undertakes that it will make best efforts to assist and endeavor to achieve the exclusive operation of thecooperative business to the extent permitted by laws.', 'Party A shall not establish any same or similar cooperative relationship with any third party in respect of such businesses nor shall it make any same or similar arrangement, unless with the prior written consent of Party B.', 'Party A irrevocably undertakes that Party A will take Party B as its exclusive and sole partner to provide the business consultancy and technical services as well as technical consultancy to Party A and its subsidiaries"
LC00248,LEGAL_DOC_025,legal,0,165,"Party B guarantees that the Driver User will enjoy the most favorable treatment in accordance with the terms and conditions stipulated in This Agreement during the Period of Cooperation.', 'Party B shall provide the Driver User with long-term and stable rental sources and the most favorable financial leasing scheme, complete the vehicle leasing transactions with the Driver User through the Platform, and provide the Driver User with high-quality financial leasing services.', 'In case that the price and other substantive terms offered by Party B to such entity are more favorable than those enjoyed by the Driver User in any commercial cooperative relationship signed or formed between Party B and any entity, the Driver User and Party B shall amend the provisions in the Financial Leasing Agreement signed by both parties to enable the Driver User to enjoy the same or more favorable provisions as those enjoyed by such other entities, such modifications shall include but not limit to the modifications of the monthly rent terms."
LC00249,LEGAL_DOC_025,legal,0,101,"""The following acts constitute Class D breaches.<omitted>10.4.11 In consideration of the fact that Party B may have access to the relevant trade secrets of Didi during the cooperation, Party B or Party B's any affiliate cooperates with any entity competitive with Didi (including but not limited to Meituan, CAR, Yongche, izu, Caocao, Dida) in any form without prior written notice to and confirmation by Didi; 10.4.12 Party B introduces the entities competitive with Didi (including but not limited to Meituan, CAR, Yongche, izu, Caocao, Dida) to Driver Users, and induces Driver Users to conduct activities directly competing or conflicting with Didi;"""
LC00250,LEGAL_DOC_025,legal,0,115,"With respect to any [***],<omitted>(ii) the per unit pricing charged by BLI to Ginkgo at any time shall be no greater than the lowest of the (A) lowest price per unit charged by BLI or its Affiliates to any similarly situated Third Party customer (i.e. taking into account [***]) for such unit at any time in the [***] ([***]) months prior to the delivery of the applicable Purchase Order by Ginkgo or (B) the then- current List Price; provided, however, that in no event shall BLI be required to charge a price less than the cost of goods sold for such unit, as determined in accordance with United States generally accepted accounting principles, consistently applied."
LC00251,LEGAL_DOC_026,legal,0,187,"""During the Term and for a period of [***] ([***]) months following the Term of this Agreement, other than pursuant to Sections 13.3.2 (Effects of Termination Based Upon Ginkgo's Buy-Down Election) or 13.3.3 (Effects of Termination Based Upon an Uncured Ginkgo Breach, Insolvency or Force Majeure Event), BLI shall not, and shall cause its Affiliates not to, directly or indirectly, itself or with or through a Third Party, develop, configure, customize, license, sell, provide or otherwise give access to the Beacon Platform or any [***] to, [***] or its Affiliates for any use; provided that this restriction shall terminate as set forth in Section 13.3 (Effects of Expiration or Termination) or if Ginkgo has not satisfied its Minimum Cumulative Purchase Commitments (as such may be adjusted under this Agreement) for a full Contract Year, including [***] as permitted under Section 7.2.2(a) (Minimum Cumulative Purchase Commitments) or Section 7.2.2(b)(iii) (Development Purchase Commitments); provided that BLI will provide written notice to Ginkgo within [***] ([***]) days of the end of any Contract Year with respect to which BLI believes that Ginkgo has not satisfied its Minimum Cumulative Purchase Commitment."""
LC00252,LEGAL_DOC_026,legal,0,203,"In the event that a Party solicits and then hires an employee of the other Party in violation of this Section 14.4 (Non-Solicit), the hiring Party shall, [***], within [***] ([***]) days of such hire, pay the other Party an amount equal to the [***] cash compensation actually paid to the individual<omitted>([***]) by the non-hiring Party in the immediately prior calendar year and, further, if the individual solicited and then hired in violation of this is a Key Person under Section 5.4.1(b) (Dedicated FTEs; Key Persons), then BLI shall have [***] ([***]) months to identify an employee as the individual to replace such Key Person and any (a) [***] or (b) [***], in each case (a)-(b), to the extent due to the absence of such Key Person performing a Workflow Development Plan upon which the Key Person was engaged, shall be deemed waived for that [***] month period.', 'Neither Party will, [***], directly or indirectly with or through any Person, solicit for employment any Person who is an employee of the other Party; provided, however, that general solicitation of the public for employment shall not constitute a solicitation hereunder so long as such general solicitation is not designed to target any such Person."
LC00253,LEGAL_DOC_026,legal,0,303,"If THI does not make the obligatory payments as stated in 2(b) by the dates stated, the Exclusive License will revert back to Premier.', 'The licenses granted herein are exclusive worldwide licenses to:   1.         make, have made, use, lease, sell and import Licensed Products for the legal purposes of researching, developing, manufacturing, assembling, distributing, and selling the Licensed Products;   2.         make, have made, use and import machines, tools, materials and other instrumentalities, insofar as such machines, tools, materials and other instrumentalities are involved in or incidental to the research, development, manufacture, testing or repair of Licensed Products which are or have been made, used, leased, owned, sold or imported by the Licensee; and   3.         convey to any customer of the Licensee, with respect to any Licensed Product which is sold or leased to such customer, rights to use and resell such Licensed Product as sold or leased by Licensee (whether or not as part of a larger combination); provided, however, that no rights may be conveyed to customers with respect to any Invention which is directed to (i) a combination of such Licensed Product (as sold or leased) with any other product, (ii) a method or process which is other than the inherent use of such Licensed Product itself (as sold or leased), or (iii) a method or process involving the use of a Licensed Product to manufacture (including associated testing) any other product.', 'If THI does not make the obligatory payments as stated in 3(a) by the dates stated, the Exclusive License will revert back to Premier, provided, however, that in such event, THI would still be entitled to a proportionate interest in any Covid-19 Licensed Products, such portion being equal to a fraction, the numerator of which shall be the actual amount paid and the denominator of which shall be $2,000,000."
LC00254,LEGAL_DOC_026,legal,0,44,"""The Company acknowledges that Nantz Communications' and      Nantz's obligations to CBS or any other television station or network with      which Nantz Communications or Nantz has a contract or arrangement shall      take precedence over any other commitments of Nantz Communications or Nantz      under this Agreement."""
LC00255,LEGAL_DOC_026,legal,0,124,"""Except as otherwise provided herein, and subject to the      Restrictions, Nantz Communications agrees that such Products may      prominently bear the Company's logo and shall not bear any other logos."", ""During the Term, neither Nantz Communications nor Nantz shall enter into\n\n\n\n\n\nany activity, employment, independent contract, or other business arrangement which conflicts with Nantz Communications' or Nantz's obligations under this Agreement or perform any service which reasonably appears to be an endorsement of the sportswear apparel, hats and shoes of a third party without the Company's prior written approval."", 'Nantz Communications and Nantz expressly agree that the Endorsement will not be granted to anyone other than the Company for use during the Term in connection with the advertisement and promotion of sportswear apparel, hats and shoes."
LC00256,LEGAL_DOC_026,legal,0,136,"In consideration of the fees paid by Sponsor as set out herein, Charity Tunes agrees that during the period beginning October  1, 2009 and ending March 31, 2010, Charity Tunes shall not enable another program sponsorship for all competitive  products/product categories distributed/sold within the total Canadian consumer/retail/wholesale market place, inclusive of:     - Total Frozen Handhelds     - Total Corporation General Mills Handhelds     - Total Pizza Pops Handhelds / total Pillsbury Mini Pizzas     - Total Corporation McCain Foods Handhelds     - Total Pizza Pockets / total McCain Mini Pizzas     - Total Corporation Heinz Handhelds     - Total Heinz Hot bites (Bagel Bites and Taco Bites) / total Anchor Poppers     - Total Corporation Schneider Foods Handhelds     - Total Hot Stuffs / total Lean Stuffs     - Total Resers Burritos     - Total Corp les Plats du Chef Handhelds     - Total Hinsdale Farms Corndogs"
LC00257,LEGAL_DOC_026,legal,0,55,"PageMaster Corporation shall not engage in the same or similar                promotion with any other On-Line Casinos from June 1, 1999                through June 1, 2000.', 'Go Call shall not engage in the same or similar promotions during                the Term of this Agreement with any other entity providing paging                services, equipment or other related products and services."
LC00258,LEGAL_DOC_026,legal,0,189,"Each member of the ValueAct Group agrees that, during the Covered Period, (unless specifically requested in writing by the Company, acting through a resolution of a majority of the Company\'s directors not including the ValueAct Designee), it shall not, and shall cause each of its Affiliates or Associates (as such terms are defined in Rule 12b-2 promulgated by the SEC under the Exchange Act) (collectively and individually, the ""ValueAct Affiliates,"" provided that no portfolio company of the ValueAct Group shall be deemed a ""ValueAct Affiliate"" so long as such portfolio company (A) has not discussed any of the actions set forth in this subsection (a) with the ValueAct Group or the ValueAct Designee, (B) has not received from the ValueAct Group or the ValueAct Designee information concerning the Company or its business, and (C) is not acting at the request of, in coordination with or on behalf of the ValueAct Group or the ValueAct Designee), not to, directly or indirectly, in any manner, alone or in concert with others:<omitted>(ix) disparage or cause to be disparaged the Company or Affiliates thereof, any of its current or former officers, or directors;"
LC00259,LEGAL_DOC_026,legal,0,73,"""Subject to XENCOR's adherence to the obligations under this Agreement, BII hereby grants XENCOR a worldwide, irrevocable, exclusive, sublicensable and royalty free license to use the Process and all reasonably necessary related BII Confidential Information and Know- How, BII Technology and BII Intellectual Property for the sole purpose of making and having made the Product; provided that such license shall become effective only upon complete payment of the Technology Access Fee, as applicable."""
LC00260,LEGAL_DOC_026,legal,0,58,"During the Term, neither Company nor any of its Affiliates (including, for the avoidance of doubt, any Third Party that becomes an Affiliate of Company after the Effective Date) shall, alone or in collaboration with any Third Party, market, promote, sell, distribute or otherwise commercialize in the Territory any Competing Product without the prior written consent of Janssen."
LC00261,LEGAL_DOC_027,legal,0,218,"During the Term, Janssen shall not directly or indirectly solicit for employment any Sales Representative who is an employee of Company, and Company shall not directly or indirectly solicit for employment any employee of Janssen with whom Company has had contact in the course of the evaluation or negotiation of this Agreement or with whom Company interacts during the Term; provided, however, that the foregoing provision will not prohibit either Party from (a) conducting general solicitations of employment in publications (including but not limited to websites, newspapers and/or journals) available to the public, or solicitations through the use of search firms, and which, in any case, are not directed\n\n\n\n\n\nspecifically toward such employees of the other Party or (b) any contact with any such employee of the other Party (i) that was initiated by such employee without any solicitation prior thereto by the contacting Party (other than solicitation permitted by clause (a) of this sentence) or (ii) with whom the contacting Party is already in employment discussions as of the Effective Date, or (iii) by any person other than (A) one who was introduced to, or became aware of, the relevant employee of the other Party solely in connection with this Agreement, and (B) one who is acting at the direction or suggestion of a person described in (A)."
LC00262,LEGAL_DOC_027,legal,0,40,The grant of licenses to any third parties shall be the prerogative of the Board provided that no such license shall be granted at terms more favorable to the third party than were offered to the member(s) of such Party.
LC00263,LEGAL_DOC_027,legal,0,186,"After the Effective Date and as long as Igene and T&L continue to own an interest in the Operating Company, neither of the Parties shall, or shall cause or permit any of their Affiliates to, directly or indirectly, as stockholders, consultants, members, partners or in any other capacity, engage in any enterprise or business anywhere in the world, which (a) manufactures Astaxanthin or (b) develops, markets, or sells products falling within the Field of Agreement.', 'In the event that either (x) one Party shall transfer its entire interest in the Operating Company as permitted pursuant to this Agreement and the Operating Company shall remain a going concern after the closing of such transfer or (y) both Parties sell their interest in the Operating Company as permitted pursuant to this Agreement and the Operating Company shall remain a going concern after the closing of such transfer, then any Party which\n\n\n\n\n\nceases to own an interest in the Operating Company as a result of such transfer shall remain subject to the terms of this Article 7.2 for a period of ten (10) years after the date of such transfer."
LC00264,LEGAL_DOC_027,legal,0,162,"If the Board elects to pursue such Neutraceutical Opportunity, the Operating Company then shall have exclusive rights to exploit such Neutraceutical Opportunity, but solely with respect to use of Astaxanthin as a Neutraceutical, and, subject to Article 8.1, the Party (or its Affiliate) that has developed, discovered or acquired such opportunity, product or process will, however, be entitled to exploit such opportunity, product or process for application outside of use of Astaxanthin as a Neutraceutical.', 'If, after the date of this Agreement and continuing as long as either Party is a partner, member, or shareholder of the Operating Company, such Party or any of its Affiliates receives or discovers any opportunity within the Field of Agreement, including without limitation developing or completing the development of, or discovering, or acquiring proprietary rights over, a product or process that falls within the Field of Agreement, the Operating Company then shall have exclusive rights to exploit such opportunity, but only within the Field of Agreement."
LC00265,LEGAL_DOC_027,legal,0,46,"No Participant will engage in any business, venture or transaction, whether directly or indirectly, that might be competitive with the business of the Joint Venture or that would be in direct conflict of<omitted>interest to the Joint Venture without the unanimous written consent of the remaining Participants."
LC00266,LEGAL_DOC_027,legal,0,83,"""During the Term, CNET will not enter into more than      two other agreements under which CNET receives consideration from a      Competing Computer Products Retailer for displaying permanent links to or      other fixed promotions for such Competing Computer Products Retailer on any      CNET Site; provided that the foregoing will not restrict the display of(a)      standard advertisements for any Competing Computer Products Retailer or its      products or (b) any promotions within COMPUTERS.COM or within CNET's Snap!      Online service (which are expressly excluded from this provision)."""
LC00267,LEGAL_DOC_027,legal,0,47,"Except as expressly contemplated by this Agreement (including Article XIII hereof) and subject to Section 13.1 hereof, King shall not promote, market or distribute any product containing metformin hydrochloride as the sole active ingredient in the Territory during the Term of this Agreement, other than the Product."
LC00268,LEGAL_DOC_027,legal,0,70,"Depomed agrees to grant and hereby grants to King an exclusive option (exercisable at King\'s sole discretion by providing written notice of intent at any time, but in no event later than 180 days after the Effective Date) to obtain an exclusive license in the Territory to certain of Depomed\'s proprietary drug delivery technology in combination with both metformin hydrochloride and any other active pharmaceutical ingredients (a ""Combination Product License"")."
LC00269,LEGAL_DOC_027,legal,0,1128,"""Accordingly, (i) with respect to RemainCo's right and interest in and to the Shared Library Materials, RemainCo, for itself and as representative of all other members of the RemainCo Group, hereby grants to SpinCo (x) a perpetual (subject to Section 4.4), irrevocable, exclusive, royalty-free, worldwide right and license with the right to grant sublicenses (solely as set forth in Section 5.6) to use the Shared Library Materials, including all Know-How and Copyrights embodied therein, for any purpose in the SpinCo Core Field and (y) a perpetual (subject to Section 4.4), irrevocable, non-exclusive, royalty-free, worldwide right and license with the right to grant sublicenses (solely as set forth in Section 5.6) to use the Shared Library Materials, including all Know-How and Copyrights embodied therein, for any purpose in any field other than the RemainCo Core Field or the SpinCo Core Field and (ii) with respect to SpinCo's right and interest in and to the Shared Library Materials, SpinCo, for itself and as representative of all other members of the SpinCo Group, hereby grants to RemainCo (x) a perpetual (subject to Section 4.4), irrevocable, exclusive, royalty-free, worldwide right and license with the right to grant sublicenses (solely as set forth in Section 5.6) to use the Shared Library Materials, including all Know-How and Copyrights embodied therein, for any purpose in the RemainCo Core Field and (y) a perpetual (subject to Section 4.4), irrevocable, non- exclusive, royalty-free, worldwide right and license with the right to grant sublicenses (solely as set forth in Section 5.6) to use the Shared Library Materials, including all Know-How and Copyrights embodied therein, for any purpose in any field other than the SpinCo Core Field or the RemainCo Core Field."", ""Accordingly, (i) with respect to RemainCo's right and interest in and to the Foundational Software, RemainCo, for itself and as representative of all other members of the RemainCo Group, hereby grants to SpinCo (x) a perpetual, irrevocable, exclusive, royalty-free, worldwide right and license to use the Foundational Software, including any Intellectual Property embodied therein, for the continued operation of the SpinCo Business and any future extensions of the SpinCo Business in the SpinCo Core Field and (y) a perpetual, irrevocable, non-exclusive, royalty-free, worldwide right and license to use the Foundational Software, including any Intellectual Property embodied therein, for the continued operation of the SpinCo Business and any future extensions of the SpinCo Business in any field other than the SpinCo Core Field or the RemainCo Core Field; and (ii) with respect to SpinCo's right and interest in and to the Foundational Software, SpinCo, for itself and as representative of all other members<omitted>of the SpinCo Group, hereby grants to RemainCo (x) a perpetual, irrevocable, exclusive, royalty-free, worldwide right and license to use the Foundational Software, including any Intellectual Property embodied therein, for the continued operation of the RemainCo Business and any future extensions of the RemainCo Business in the RemainCo Core Field and (y) a perpetual, irrevocable, non-exclusive, royalty-free, worldwide right and license to use the Foundational Software, including any Intellectual Property embodied therein, for the continued operation of the RemainCo Business and any future extensions of the RemainCo Business in any field other than the SpinCo Core Field or the RemainCo Core Field. The foregoing licenses includes the right to reproduce, prepare derivative works, distribute, perform and otherwise exploit such Foundational Software and to use the Foundational Software to design, develop, manufacture, have manufactured, sell and support products and services."", 'SpinCo shall have the sole right to use the title Steam/its generation and use to publish future editions of the Steam Book.', 'SpinCo, for itself and as representative of all other members of the SpinCo Group, hereby grants to RemainCo (x) a perpetual, irrevocable, exclusive, royalty-free, worldwide right and license with the right to grant sublicenses (solely as set forth in Section 5.6) to use the SpinCo Know- How currently or previously used in connection with the RemainCo Business or otherwise in the possession of RemainCo or any member of the RemainCo Group as of Distribution Date (the ""Licensed SpinCo Know-How""), for the continued operation of the RemainCo Business and any future extensions of the RemainCo Business in the RemainCo Core Field and (y) a perpetual, irrevocable, non-exclusive, royalty-free, worldwide right and license with the right to grant sublicenses (solely as set forth in Section 5.6) to use the Licensed SpinCo Know-How for the continued operation of the RemainCo Business and any future extensions of the RemainCo Business in any field other than the RemainCo Core Field or the SpinCo Core Field; provided, however, the foregoing licenses shall not extend to (i) SpinCo Know-How<omitted>licensed by SpinCo or any other member of the SpinCo Group if and to the extent the licensing of same to RemainCo would constitute a breach of an agreement with any Third Party executed prior to the Effective Date or result in any expense to SpinCo or any member of the SpinCo Group for payments to such Third Party or (ii) any intellectual property not owned by one or more members of the SpinCo Group, or as to which no member of the SpinCo Group has the right to grant sublicenses, as of the Effective Date.', 'RemainCo, for itself and as representative of all other members of the RemainCo Group, hereby grants to SpinCo (x) a perpetual, irrevocable, exclusive, royalty-free, worldwide right and license with the right to grant sublicenses (solely as set forth in Section 5.6) to use the RemainCo Know-How currently or previously used in connection with the SpinCo Business or otherwise in the possession of SpinCo or any member of the SpinCo Group as of the Distribution Date (the ""Licensed RemainCo Know-How""), for the continued operation of the SpinCo Business and any future extensions of the SpinCo Business in the SpinCo Core Field and (y) a perpetual, irrevocable, non-exclusive, royalty-free, worldwide right and license with the right to grant sublicenses (solely as set forth in Section 5.6) to use the Licensed RemainCo Know-How for the continued operation of the SpinCo Business and any future extensions of the SpinCo Business in any field other than the RemainCo Core Field or the SpinCo Core Field; provided, however, the foregoing licenses shall not extend to (i) RemainCo Know-How licensed by RemainCo or any other member of the RemainCo Group if and to the extent the licensing of same to SpinCo would constitute a breach of an agreement with any Third Party executed prior to the Effective Date or result in any expense to RemainCo or any member of the RemainCo Group for payments to such Third Party or (ii) any intellectual property not owned by one or more members of the RemainCo Group, or as to which no member of the RemainCo Group has the right to grant sublicenses, as of the Effective Date."
LC00270,LEGAL_DOC_027,legal,0,117,"In consideration for such training, trade secrets and confidential information, you and your principals agree that during the term of this Agreement, and for a continuous uninterrupted period commencing upon expiration or termination of this Agreement, regardless of the cause for termination, and continuing for a period of three (3) years thereafter, neither you nor your principals shall, directly or indirectly, for themselves, or through, on behalf of, or in conjunction with any person, persons, partnership, limited liability company or corporation:<omitted>7.1.3 Own, maintain, operate, engage in, or have any interest in any business which is the same as or similar to the Franchised Business, or any other business which performs any type of child tutoring services, anywhere."
LC00271,LEGAL_DOC_028,legal,0,147,"We will not grant other franchises nor establish our own Unit Franchises within the Master Territory during the term of this Agreement unless you do not meet the Minimum Development Quota.', 'In order to keep your exclusivity, you agree to purchase a minimum of the following:   $170,000.00 of soup from us in 2015 $1,600,00.00 of soup from us in 2016 $3,200,000.00 of soup from us in 2017 $5,000,000.00 of soup from us in 2018 and shall increase 10% each year thereafter.', 'We grant to you, upon the terms and conditions contained in this Agreement, the exclusive right to establish and operate a Franchised Business and a license to use the methods, procedures and products developed by us in the business of selling and servicing Unit Franchises in the territory described on Attachment A attached to this Agreement and incorporated into this Agreement by reference (the ""Master Territory"")."
LC00272,LEGAL_DOC_028,legal,0,131,"In consideration for such training, trade secrets and confidential information, you and your principals agree that during the term of this Agreement, and for a continuous uninterrupted period commencing upon expiration or termination of this Agreement, regardless of the cause for termination, and continuing for a period of three (3) years thereafter, neither you nor your principals shall, directly or indirectly, for themselves, or through, on behalf of, or in conjunction with any person, persons, partnership, limited liability company or corporation:   7.1.1 Divert or attempt to divert any business or customer of the Franchised Business or any Unit Franchisee anywhere, by direct or indirect inducement or otherwise, or do or perform, directly or indirectly, any other act injurious or prejudicial to the goodwill associated with our Proprietary Marks or the System."
LC00273,LEGAL_DOC_028,legal,0,126,"In consideration for such training, trade secrets and confidential information, you and your principals agree that during the term of this Agreement, and for a continuous uninterrupted period commencing upon expiration or termination of this Agreement, regardless of the cause for termination, and continuing for a period of three (3) years thereafter, neither you nor your principals shall, directly or indirectly, for themselves, or through, on behalf of, or in conjunction with any person, persons, partnership, limited liability company or corporation:<omitted>7.1.2 Employ or seek to employ any person who is at that time employed by us or by any other master franchisee or unit franchisee in the System, or otherwise directly or indirectly induce such person to leave his or her employment without our written consent."
LC00274,LEGAL_DOC_028,legal,0,131,"In consideration for such training, trade secrets and confidential information, you and your principals agree that during the term of this Agreement, and for a continuous uninterrupted period commencing upon expiration or termination of this Agreement, regardless of the cause for termination, and continuing for a period of three (3) years thereafter, neither you nor your principals shall, directly or indirectly, for themselves, or through, on behalf of, or in conjunction with any person, persons, partnership, limited liability company or corporation:   7.1.1 Divert or attempt to divert any business or customer of the Franchised Business or any Unit Franchisee anywhere, by direct or indirect inducement or otherwise, or do or perform, directly or indirectly, any other act injurious or prejudicial to the goodwill associated with our Proprietary Marks or the System."
LC00275,LEGAL_DOC_028,legal,0,98,"Western Copper covenants and agrees with Glamis that, for a period of 2 years after the Effective Date, it will not, directly or indirectly, either individually or in partnership or  jointly or in conjunction with any Person, which will include being a principal, agent,  shareholder, or advisor of such Person or in any other manner whatsoever,\n\n(a) carry on or be engaged in Mining Activities, or<omitted>(b) advise, lend money to, guarantee the debts or obligations of or permit its name to  be used by any Person who carries on or is engaged in Mining Activities,\n\nin the Area of Non-Competition."
LC00276,LEGAL_DOC_028,legal,0,163,"""Subject to the terms of this Agreement, including without limitation Section 2.2, Theravance grants to GSK an exclusive license in the Field under the Theravance Patents, Theravance Know-How and Theravance's rights in the Joint Inventions to make and have made API Compound or formulated Collaboration Product in the Territory."", ""Subject to the terms of this Agreement, including without limitation Section 2.2, Theravance grants to GSK, and GSK accepts, an exclusive (except as to Theravance and its Affiliates) license in the Field under the Theravance Patents, Theravance Know-How and Theravance's rights in the Joint Inventions to make, have made, use and Develop Collaboration Products for Commercialization in the Territory."", ""Subject to the terms of this Agreement, including without limitation Section 2.2, Theravance hereby grants to GSK, and GSK accepts, an exclusive license in the Field under the Theravance Patents, Theravance Know-How and Theravance's rights in the Joint Inventions to make, have made use, sell, offer for sale and import Collaboration Products in the Territory."""
LC00277,LEGAL_DOC_028,legal,0,121,"FMI agrees that the pricing terms for Products and Services provided by FMI to Roche herein, and services provided under the Molecular Information Platform Program, are, and will be, at least as favorable as the pricing terms granted by FMI to any existing customer or collaborator for such (or substantially similar) products or services.', 'If FMI enters into any subsequent agreement with another customer or collaborator which provides for pricing terms for substantially the same product or services at substantially the same (or a lesser) scale, which pricing terms are more favorable than those contained herein, then FMI shall notify Roche and Roche will have the right to modify this agreement to provide Roche with those more favorable pricing terms. […***…]."
LC00278,LEGAL_DOC_028,legal,0,245,"FMI hereby grants to Roche (i) an exclusive, royalty-free, sublicensable, worldwide and perpetual license to any intellectual property rights arising from the ctDNA Development Platform Program that are necessary for Roche to develop, make, have made, use, offer for sale, sell, import and commercialize Roche products other than diagnostic products (including the use, formulation, methods of treatment, clinical data or other data, information or results relating to the Roche therapeutic product) solely for use in connection with such activities and such Roche products and (ii) a non-exclusive, royalty-free, worldwide and perpetual license, with the right to grant sublicenses solely to Roche Affiliates, to any intellectual property rights arising from the ctDNA Development Platform Program, for internal research purposes.', 'Except for Excepted Activities, for the lesser of (i) […***…] after the Effective Date or (ii) […***…] (the ""Immunotherapy Exclusivity Period""), FMI will work exclusively with Roche with respect to […***…]. Except with regard to Excepted Activities, FMI will not (i) work directly or indirectly with any Third Party in the field of […***…], (ii) use for the benefit of any Third Party the […***…] or (iii) transfer to or otherwise enable any Third Party to make use of any data, technology or results from the Immunotherapy Testing Platform Development Program for […***…].', 'Following the Immunotherapy Exclusivity Period, FMI shall have the right to work with Third Parties in the field of cancer immunotherapy, and to otherwise commercialize the Immuno-Biomarker Discovery Platform, subject to the Related Agreements."
LC00279,LEGAL_DOC_028,legal,0,56,"Party B and its Affiliates guarantee that following the Effective Date of this Contract, it will not further transfer to any Third Party: i) the proprietary technology for production of Powder (as defined below) to be made into Batteries (as defined below) or ii) the proprietary technology for production of Batteries that use the Bellcore configuration."
LC00280,LEGAL_DOC_028,legal,0,138,"Gulf Oil and Gulf India each agree during the Non-Compete Period not to acquire, directly or indirectly, control of any businesses involved in, or otherwise competing with, the business of the Combined Business from any entity on Schedule 1 hereto.', 'Each Seller agrees that for a period commencing on the Effective Date and ending two years after the Closing Date (the ""Non- Compete Period""), it shall not, other than solely through its direct or indirect ownership of Buyer\'s capital stock or any other interests in Buyer, directly, or indirectly, including through or on behalf of a subsidiary, anywhere in the world, excluding India: (i) own, manage, operate or control any business which competes with any Combined Business or (ii) be or become a shareholder, partner, member or owner of any Person who is engaged in any Combined Business;"
LC00281,LEGAL_DOC_029,legal,0,179,"Notwithstanding the above, Sellers shall not be restricted from (1) soliciting for employment or hiring former employees of Buyer or the Company (including their respective subsidiaries) whose employment was terminated by Buyer or the Company (including their respective subsidiaries) at least six months prior to such initial solicitation by such Seller or (2) soliciting employees of the Combined Business by means of a general solicitation through a public medium or general or mass mailing that is not specifically targeted at employees or former<omitted>employees of the Combined Business; provided, however, that this clause (2) shall not permit any Seller to hire any such employees during the Non-Solicit Period.', 'Each Seller agrees that for a period commencing on the Effective Date and ending three years after the Closing Date (the ""Non-Solicit Period""), each Seller shall not, directly or indirectly: (i) induce, solicit, recruit or attempt to persuade any employee of the Combined Business to terminate his or her employment with the Buyer or any of its subsidiaries, or (ii) solicit the employment of any of the employees of the Combined Business."
LC00282,LEGAL_DOC_029,legal,0,19,Moelis Holdings agrees not to open an office in Japan conducting Covered Businesses during the term of this Agreement.
LC00283,LEGAL_DOC_029,legal,0,56,"Each of SMBC/Nikko and Moelis Holdings agrees, during the term of this Agreement (except pursuant to this Agreement) and for a period of 12 months thereafter, not to solicit any Client Introduced by the other party in connection with an assignment on Covered<omitted>Businesses involving Japanese Companies where all principal parties involved are located within Covered Regions"
LC00284,LEGAL_DOC_029,legal,0,64,"Each of SMBC/Nikko and Moelis Holdings agrees not to solicit or hire any employee of the other party during the term of this Agreement and for a period of 12 months thereafter; provided, however, that the foregoing restriction shall not apply to general solicitations to the public that are not specifically directed to employees of other party (or employment of applicants to such solicitations)."
LC00285,LEGAL_DOC_029,legal,0,232,"""DIALOG will have the right to terminate this Agreement immediately upon the issuance of written notice to ENERGOUS (A) if ENERGOUS undergoes a Change of Control involving a competitor of DIALOG, or (B) if ENERGOUS acquires, whether directly through a sale of assets or through a Change of Control transaction, any competitor of DIALOG (as reasonably determined by DIALOG). ENERGOUS will provide DIALOG with notice of any such Change of Control or acquisition within [***] after the closing thereof and DIALOG's right to terminate the Agreement will expire [***] after receipt of such notice."", 'ENERGOUS will have the right to terminate this Agreement, upon not less than [***] prior written notice to DIALOG, in the event that, following termination by the [***] of its agreement with ENERGOUS, DIALOG participates in or indicates its intention to participate in the development, design or manufacture of products incorporating Uncoupled Power Transfer Technology not provided by ENERGOUS to [***].', ""Until expiration or earlier termination of the Agreement, DIALOG agrees that it and its Affiliates will not, without ENERGOUS' written approval, intentionally sell, distribute or work with any third party to develop products incorporating any Uncoupled Power Transfer Technology other than Licensed Products; provided, however, that DIALOG shall not be under any such restrictions in relation to services or products it provides to the Key Customer in the event the Key Customer terminates its agreement with ENERGOUS."""
LC00286,LEGAL_DOC_029,legal,0,108,"Subject to paragraph (b) of this Section 2.5, ENERGOUS will not, and will not enable any Semiconductor Supplier, to manufacture, have manufactured, offer for sale, sell, import or export the Products or Product Die in commercial volumes, except a Semiconductor Supplier to the Key Customer for use in the Excluded Applications.', 'If DIALOG decides to discontinue Sales of any Product, it will notify ENERGOUS at least [***] prior to such discontinuance, and following such notification, the exclusivity rights, if any, associated with that Product will cease; provided, however, this provision will not apply in the event that DIALOG continues Sales of Product Updates, repackaged Product Dies or MCMs."
LC00287,LEGAL_DOC_029,legal,0,23,"For clarity, ENERGOUS shall not intentionally supply Products, Product Die or comparable products or product die to customers directly or through distribution channels."
LC00288,LEGAL_DOC_029,legal,0,141,"During the Term and for a [***], neither party will without the written consent of the other party (which may be granted or denied in its sole discretion) (a) directly or indirectly recruit or solicit for employment or for the provision of services any employee of the other party, (b) otherwise solicit, induce or influence any employee to leave their employment with the other party, or (c) attempt to do any of the foregoing; provided, however, that the foregoing will not apply to (y) any employee of the other party that responds to a public advertisement of employment opportunities or (z) any employee that was terminated without cause by the other party. ENERGOUS and DIALOG acknowledge and agree that the covenants in this Section 18 are reasonable and necessary to protect each of their trade secrets, Confidential Information and stable workforces."
LC00289,LEGAL_DOC_029,legal,0,102,Kiromic is committed to sharing patents and know-how in relation to the following products which will be licensed to the JV exclusively for the application in the specific and limited field of sars-cov-2 threat and relative disease COVID-19: (i) VAPAs-Viral Antigen Proteins Associated © (Kiromic-2020) derived from Diamonds AI - Artificial Intelligence Platform for Discovery and Prediction Antigen Protein (ii) Platform of DC Vaccines (dendritic cell vaccine) - for therapeutic purposes - nominated BSK 01; (iii) Oral Delivery Platform for Prophylactic Vaccine - accompanying immuno-boosting therapy - therapeutic vaccine administration - nominated BSK02 (iv) Other patents eventually applicable in the specific field.
LC00290,LEGAL_DOC_029,legal,0,115,"MINDA/MIL, since it will have access to the Technical Know-How which it would not have had otherwise, expressly agree that:\n\n\n\n(a)   during the term of the Agreement, and thereafter for a period of five (5) years after the termination of the Agreement (such termination being termination by IMPCO due to default by MINDA/MIL), MIL/MINDA shall not, directly or indirectly, either alone or collectively or through any of its associates, affiliates, including subsidiaries or any entity owned or controlled by it enter into another joint venture agreement or marketing/distribution agreement with any company or persons in respect   15\n\n\n\n\n\n  of the marketing and sale of goods similar to the Products in the Territory. by using the Technical Know-How"
LC00291,LEGAL_DOC_030,legal,0,36,"IMPCO expressly agrees that during the existence of this Agreement, IMPCO shall not enter into any other Joint Venture Agreement or Marketing/Distribution Agreement, with any company or person(s) in the Territory with respect to the Products."
LC00292,LEGAL_DOC_030,legal,0,41,"In return for the exclusive appointment of Agency by MICOA to                   sell its professional liability products listed on the<omitted>attached Commission Schedule\n\n                  in Nevada, Agency agrees not to sell any competing                   professional liability products in Nevada, without the written                   consent of MICOA."
LC00293,LEGAL_DOC_030,legal,0,35,"In order to allow SC&W to expand the distribution system in Nevada with      select and controlled subagents, an exclusive agency agreement will be      negotiated which will spell out the terms and conditions of the      relationship."
LC00294,LEGAL_DOC_030,legal,0,43,"In return for this payment, for a two-year period following                   the termination date, Agency will not directly or indirectly                   sell any professional liability insurance to any individuals                   or entities who were MICOA insureds in Nevada at the time of                   termination of this Agreement."
LC00295,LEGAL_DOC_030,legal,0,61,"Except as otherwise expressly provided in the Business Plan, the Agent will at its sole expense<omitted>(e) not solicit or accept orders for the Products other than from       Customers within the Territory after the Agent Launch Date; and not       knowingly, or knowingly permit others to, distribute or resell Products       outside the Territory or for end use by other than duly licensed       veterinarians;"
LC00296,LEGAL_DOC_030,legal,0,88,"Subject to the terms and conditions herein set forth, the Blue Hills Parties hereby appoint the Agent as their exclusive financial advisor and conversion agent (i) to utilize its best efforts to solicit subscriptions for Shares and to advise and assist the Holding Company and the Bank with respect to the sale of the Shares in the Offering and (ii) to participate in the Offering in the areas of market making and in syndicate formation or to act as sole book-running manager in the Underwritten Offering (if necessary)."
LC00297,LEGAL_DOC_030,legal,0,155,"In accordance with Section 3.6 below,  at no time shall any Product price exceed the lowest price for which Zanotti sells such Product (or substantial equivalent thereof) in similar  quantities to any third party.', 'During the term of this Agreement, Zanotti agrees that Aura shall be allowed the full benefit of any and all lower prices  and/or any more favorable terms and/or conditions (""MFN"" Terms) contained in any other agreement entered into by Zanotti for the sale of any  product substantially similar to the Product in the same or lesser quantities described in this Agreement to third parties', 'Zanotti shall notify Aura  in writing of any such MFN Terms within fifteen (15) calendar days after agreeing thereto, and shall make the MFN Terms available to Aura as of  the effective date of such agreement and thereafter for the greater of (i) three (3) months or (ii) such time that the MFN Terms remain in effect."
LC00298,LEGAL_DOC_030,legal,0,37,Any such agreement\n\n\n\n\n\n\n\n\n\n  reached between Zanotti and Aura regarding such worldwide sales and marketing shall prohibit competition among Zanotti and Aura with regard  to AETRU Systems and shall be memorized in a separate agreement between the Parties.
LC00299,LEGAL_DOC_030,legal,0,222,"Pursuant to the terms and conditions set forth in this Agreement, Aura appoints Zanotti as its exclusive supplier of the Products  within the Territory and Field of Use and Zanotti hereby accepts such appointment.', 'In order to maintain the exclusivity granted hereunder, Zanotti  shall provide Aura with orders for a minimum of (i) one thousand (1,000) AETRU Systems during the first twenty-four (24) months of this  Agreement and (ii) seven hundred and fifty (750) AETRU Systems per year thereafter for so long as this Agreement remains in effect (the  ""Minimum Order"").', 'In the event that Zanotti fails to secure purchases\n\n\n\n\n\n\n\n\n\n  amounting to the Minimum Order for any particular period, the exclusive supplier rights granted pursuant to this Article 2 shall become non- exclusive commencing immediately following such period in which the Minimum Order was not achieved and Aura shall have full discretion to  purchase or otherwise obtain Product from sources other than Zanotti.', ""If, within five (5) business days of receipt of such  notice from Aura, Zanotti does not agree to match such price, the exclusive supplier rights granted pursuant to\n\n\n\n\n\n\n\n\n\n  Article 2 above shall, upon Aura's sole election, immediately become non-exclusive with respect to such specific Product to which the lower price  applies and Aura shall have full discretion to purchase or otherwise obtain such Product from sources other than Zanotti."""
LC00300,LEGAL_DOC_030,legal,0,100,"""MD Anderson also hereby grants to Adaptimmune Limited an exclusive option to negotiate an<omitted>exclusive (subject to MD Anderson's perpetual, irrevocable, no-cost right to use such Invention for non-commercial internal research, academic and patient care purposes), royalty-bearing license to any Invention in which MD Anderson has an ownership interest, provided that Adaptimmune Limited pays all reasonably incurred patent expenses for such Invention in the event Adaptimmune Limited exercises its option."", 'Neither MD Anderson nor Principal Investigator shall seek or accept reimbursement from any third-party payor for any Study items or procedures supplied by or paid for by Adaptimmune under this Agreement."
LC00301,LEGAL_DOC_031,legal,0,56,"""COOL TECH and VET TECH agree not to engage in any attempt whatsoever, to hire, or to engage as independent contractors, the other's employees or independent contractors during the term of this Agreement and for a period of six (6) months following expiration or termination of this Agreement except as may be mutually agreed in writing."""
LC00302,LEGAL_DOC_031,legal,0,202,"During the period beginning on the Effective Date and ending on the later of (i) the end of the Initial Term and (ii) the date falling two  years after completion of the most recent services provided by Rubicon under clause 7 (the ""Non-Competition Period"")  and in the Rubicon  Geographic Area, as defined below, ISA agrees not to in any capacity, engage or have a financial interest in any Rubicon Competing Business, as  defined below, or provide managerial, supervisory, administrative, or financial services relating to any Rubicon Competing Business, including  making available any information or funding to any such Rubicon Competing Business.', 'During the period beginning on the Effective Date and ending on the later of (i) the end of the Initial Term and (ii) the date falling two  years after completion of the most recent services provided by Rubicon under clause 7 (the ""Non-Competition Period"") and in the ISA Geographic  Area, as defined below, Rubicon agrees not to in any capacity, engage or have a financial interest in any ISA Competing Business, as defined  below, or provide managerial, supervisory, administrative, or financial services relating to any ISA Competing Business, including making available  any information or funding to any such ISA Competing Business."
LC00303,LEGAL_DOC_031,legal,0,139,"Rubicon hereby grants to ISA during the Term and subject to the exclusions described in 2.4 below an exclusive, non-transferable  license in the United States to grant licenses to use, display, perform and distribute the Rubicon Offerings and the Documentation to other  resellers, including, but not limited to, distributors, Original Equipment Manufacturers, system integrators and Value-Added Resellers, for further  sale and distribution to End Users for their use as described above, subject to the conditions set forth in this Agreement.', 'Rubicon hereby grants to ISA during the Term (as defined below) and subject to the exclusions described in 2.4 below an exclusive, non-transferable license in the United States to market, sell, use, display, perform, sublicense and distribute the Rubicon Offerings, the  Documentation and, subject to Section 2.2, any upgrades thereto, subject to the conditions set forth in this Agreement"
LC00304,LEGAL_DOC_031,legal,0,39,"Further, during the Non-Competition Period, ISA shall not  solicit any employee of Rubicon or any employee of any Rubicon Client.', 'Further, during the Non-Competition Period, Rubicon shall not solicit any\n\n\n\n\n\nemployee of ISA or any employee of any ISA Client."
LC00305,LEGAL_DOC_031,legal,0,111,"""During the life of the Reseller Agreement,              -----------------------                                             it is the intention of ETI that the terms of the Reseller Agreement shall be no less favourable to Nortel than the terms in effect with any of Entrust's resellers of Entrust Products at the time the Reseller Agreement is executed."", ""For so long as ETI remains a Subsidiary              -----------------------                                           of NTL, it is the intention of ETI that the terms of the Source Code License  be no less favourable to Nortel than the terms then in effect with any of Entrust's source code licensees that receives substantially similar rights taking into account the relative size of the licensee and Entrust's potential benefits."""
LC00306,LEGAL_DOC_031,legal,0,131,"""Subcontractor, during the term of this Agreement and for a period of one year thereafter, shall not, directly or indirectly, for itself or on behalf of or in conjunction with any other person, partnership, corporation, business or organization, solicit, hire, contract with or engage the employment of an employee of EDGE with whom Subcontractor or its personnel have contact as a result of Subcontractor's performance of this Agreement, unless Subcontractor (i) obtains the written consent of EDGE, as applicable, and (ii) pays EDGE as applicable a fee to be mutually agreed upon"", 'In the event Subcontractor directly employs or contracts with an employee of EDGE without the consent of EDGE, Subcontractor shall pay as liquidated damages two times the then monthly salary of the employee for a three-month period of time."
LC00307,LEGAL_DOC_031,legal,0,61,"Consultant will not, during the Term, and for a period of one (1) year thereafter, directly or indirectly:<omitted>(ii) solicit, participate in or promote the solicitation of any of the Company\'s clients, customers, or prospective customers with whom Consultant had a Material Contact (hereinafter defined) and/or regarding whom Consultant received Confidential Information, for the purpose of providing products or services (""Competitive Products/Services"")."
LC00308,LEGAL_DOC_031,legal,0,55,"""Consultant will not, during the Term, and for a period of one (1) year thereafter, directly or indirectly: (i) solicit, recruit or promote the solicitation or recruitment of any employee or consultant of the Company for the purpose of encouraging that employee or consultant to leave the Company's employ or sever an agreement for services"""
LC00309,LEGAL_DOC_031,legal,0,87,"The Company shall immediately inform HOC and provide HOC with a copy of any other standstill provisions in any agreement pertaining to the matters set forth in this Article 6, entered into by the Company with another person subsequent to the date hereof, and notwithstanding delivery of such notice and a copy of any such provisions, HOC shall have the full benefit of any materially more favourable terms, in the opinion of HOC, contained in such standstill and Section 6.1 shall be deemed to be amended accordingly."
LC00310,LEGAL_DOC_031,legal,0,63,"Subject to the provisions of Section 8.2, if the Company determines to solicit additional equity financing subsequent to exercise of the Option but prior to Commencement of Production (hereinafter defined) at the El Aguila project, it shall provide written notice to that effect to HOC and HOC shall be entitled to exclusively provide such financing upon the terms and conditions hereinafter set forth."
LC00311,LEGAL_DOC_032,legal,0,97,"Exclusivity Date means October 1, 2008, the date Intricon makes its first quarterly payment of the Minimum Payment;<omitted>Commencing on the Exclusivity Date, and continuing for so long as IntriCon continues to make such payments, the license granted to  IntriCon under this Agreement will, subject to the terms and conditions of this Agreement, be exclusive for Hearing Aids.', 'Commencing on October 1, 2008, and continuing for so long as IntriCon continues to make minimum payments as defined in 4.3,  Dynamic Hearing agrees that it will not license any Dynamic Hearing Technology for Hearing Aids, subject to Clause 3.5."
LC00312,LEGAL_DOC_032,legal,0,42,"""As between the Parties, and without limiting MD Anderson's assistance obligations under Section 7.2(b), LBIO shall have the sole and exclusive right to file patents covering or claiming Inventions and shall bear all costs with respect to the prosecution and maintenance thereof."""
LC00313,LEGAL_DOC_032,legal,0,34,MKOS will not seek to acquire any technologies presented to MKOS by UTEK from the technology developer directly or indirectly for a period of 24 months following the termination of this Strategic Alliance Agreement.
LC00314,LEGAL_DOC_032,legal,0,66,"""MKOS agrees that for a twenty four months (24) following the execution of this Agreement, MKOS shall not, without UTEK's prior written consent, directly or indirectly solicit for employment any present employee of UTEK, or request, induce or advise any employee of UTEK to leave the employ of UTEK"", 'In turn, UTEK agrees that it will not directly or indirectly solicit any present employee of MKOS."
LC00315,LEGAL_DOC_032,legal,0,78,"Should AVDU decide not to proceed in the acquisition of the technology/company as described above, then AVDU shall be prohibited from acquiring the technology/company either directly or indirectly, from the technology/company developer for a period of 24 months following the termination of this Strategic Alliance Agreement.', 'AVDU will not seek to acquire any technologies presented to AVDU by UTK directly from the technology developer for a period of 24 months following the termination of this Strategic Alliance agreement."
LC00316,LEGAL_DOC_032,legal,0,66,"""AVDU agrees that for a twenty four months (24) following the execution of this Agreement, AVDU shall not, without UTEK's prior written consent, directly or indirectly solicit for employment any present employee of UTEK, or request induce or advise any employee of UTEK to leave the employ of UTEK."", 'In turn, UTEK agrees that it will not directly or indirectly solicit any present employee of AVDU."
LC00317,LEGAL_DOC_032,legal,0,103,"During the term hereof and for a period of two years following termination, none of the PHL Parties, any of  their Affiliates, or any of their respective officers, directors, employees, agents, or representatives, shall, without the prior  written approval of ICC, knowingly and intentionally market any<omitted>products or services to an ICC Client or Certificate Owner other than the GIE, if such ICC Client or Certificate Owner is identified  from information any of the PHL Parties, any of their Affiliates, or any of their respective officers, directors, employees, agents,  or representatives, obtain pursuant to any of the Transaction Documents or any transaction contemplated thereunder."
LC00318,LEGAL_DOC_032,legal,0,166,"During the term hereof and for a period of two years following termination, ICC, any of  their Affiliates, or any of their respective officers, directors, employees, agents, or representatives will:\n\n\n\n8.07.1.1 knowingly and intentionally interfere in any way with the contractual relationships existing between or  among any of the PHL Parties or their Affiliates (as the case may be), on the one hand, and any officer,  director, employee, agent, or other representative of any of the PHL Parties or their Affiliates assigned  to assist the Parties or their Affiliates in connection with the negotiation and implementation of the GIE and any Transaction Document, or the sales and marketing of the GIE (""PHL GIE Persons""), on the  other;\n\n  8.07.1.2 knowingly and intentionally induce, solicit, or encourage PHL GIE Persons to terminate their  respective contracts, or otherwise change their relationship, with any of the PHL Parties or their  Affiliates; or\n\n  8.07.1.3 without the prior written consent of the PHL Parties, employ or otherwise contract with any PHL GIE  Persons."
LC00319,LEGAL_DOC_032,legal,0,47,"During the term of this Agreement and for a period of [***] thereafter, neither Party nor its controlled Affiliates will, without the prior written consent of the other Party, directly or indirectly solicit for employment any then-current employee of the other Party or its controlled Affiliates; [***]."
LC00320,LEGAL_DOC_032,legal,0,39,"""Pursuant to the DA, and subject to its terms, ARGO agreed to appoint YEC as the exclusive distributor of its products in the Territory specified therein, and YEC agreed to market and distribute Argo's products in a professional manner"""
LC00321,LEGAL_DOC_033,legal,0,71,"""During the performance of the any of the collaborative efforts set forth in this Agreement, each of ARGO and YEC agrees not to engage in any attempt whatsoever to hire, or to engage as independent contractors, the other's employees or independent contractors during the term of the collaboration and for a period of twelve (12) months following expiration or termination of the collaboration, except as may be mutually agreed in writing."""
LC00322,LEGAL_DOC_033,legal,0,13,Agent may not offer or promote competitive products without the consent of Kallo.
LC00323,LEGAL_DOC_033,legal,0,30,"Exclusivity is granted for the region of Nigeria,', ""Agent's appointment shall be exclusive for the Kallo Mobile care suite of  products and services marked in Schedule A to this Agreement."""
LC00324,LEGAL_DOC_033,legal,0,28,Kallo shall not allow another Agent to solicit the existing Agents book of business  unless it is understood by all parties the end user client desires the transfer.
LC00325,LEGAL_DOC_033,legal,0,178,"During the term hereof and for a period of two years thereafter, each of Agent and Kallo  agrees that it will refrain from making any representation, statement, comment or any other form of communication,  whether written or oral (hereinafter collectively referred to as a ""Communication""), to any third party, including but  not limited to the principals, customers, suppliers and competitors of the other party, which Communication reflects  any opinion, judgment, observation or<omitted>representation of fact, which has the effect or tendency to, or could have the effect or tendency to, disparage,  denigrate, criticize or otherwise reflect negatively on the other party and/or the other party\'s products, services,  officers, directors, shareholders, employees or investors (a ""Disparaging Communication"").', ""Each party agrees  that it will use all reasonable commercial efforts to prevent its employees from making any Disparaging  Communications regarding the other party and/or the other party's products, services, officers, directors,  shareholders, employees or investors; provided, however, that nothing in this Section (11), subparagraph (j) shall  restrict or impede the exercise of any rights or remedies of a Party under this Agreement."""
LC00326,LEGAL_DOC_033,legal,0,95,"Each of EA, Farids and the Company shall not, and shall cause their respective controlled Affiliates to not, either directly or indirectly solicit, hire, or contract with any of the employees of the other party or its Affiliates during the Term (as defined in the Exclusive Supplier Operating Agreement) and for one (1) year following the termination or expiration thereof; provided that this Section 8.9(a) shall not apply with respect to any such employee who employment with the other party and its Affiliates has been terminated for a period in excess of nine (9) months."
LC00327,LEGAL_DOC_033,legal,0,527,"""Neither the Company nor any of its Affiliates shall in any manner, directly or indirectly, in any capacity or manner, make or cause to be made, or in any way encourage any other person to make or cause to be made, any public statement or public announcement, including in any document or report filed with or furnished to the SEC or through the press, media, analysts or other persons, that constitutes an ad hominem attack on or otherwise disparages, defames or slanders the Farids Group or any of its Affiliates or any of their respective successors or current or former members, partners, officers, directors or employees (it being understood and agreed that the restrictions in this Section 8.8(a) shall not apply to any member of the Board of Directors based upon discussions solely among other members of the Board of Directors and/or management of the Company); provided, that the limitations set forth in this Section 8.8(a) shall not prevent the Company or any of its Affiliates from (i) responding to any public statement or announcement made by the Farids Group or any of its Affiliates that was made in breach of Section 8.8(b) below or (ii) if solicited by a Third Party, making objective statements that reflect the Company's view with respect to factual matters concerning specific acts or determinations of the Farids Group or any of its Affiliates (or their respective current or former representatives) occurring after the date hereof."", ""Neither the Farids Group nor any of its Affiliates shall in any manner, directly or indirectly, in any capacity or manner, make or cause to be made, or in any way encourage any other person to make or cause to be made, any public statement or public announcement, including in any document or report filed with or furnished to the SEC or through the press, media, analysts or other persons, that constitutes an ad hominem attack on or otherwise disparages, defames or slanders the Company or any of its Affiliates or any of their respective successors or current or former members, partners, officers, directors or employees; provided, that, the limitations set forth in this Section 8.8(b) shall not prevent the Farids Group or any of its Affiliates from (i) responding to any statement made by the Company or any of its Affiliates or representatives that was made in breach of Section 8.8(a) above or (ii) if solicited by a Third Party, making objective statements that reflect the Farids Group's or any of its Affiliates' view with respect to factual matters concerning specific acts or determinations of the Company, any of its Affiliates or any current or former representatives of the Company or any of its Affiliates occurring after the date hereof. For the avoidance of doubt, a public statement or announcement shall only be deemed to be made by the Farids Group or any of its Affiliates if such public statement or announcement is made by (X) a Farids manager, director or executive officer or an EA manager, director or executive officer (Y) an employee or representative of Farids or EA authorized to make such statement or announcement on behalf of Farids or EA, as applicable."""
LC00328,LEGAL_DOC_033,legal,0,129,"If at any time on or prior to the earlier of (i) December 31, 2007, or (ii) the date on which Global Energy completes an initial public offering (""IPO"") of its common stock, Global Energy sells additional common shares or other financial instruments convertible into its common shares, or enters into any similar transaction for the sale of an ownership interest in Global Energy which is the same or substantially the same as that sold to Oxbow under Section 1 of this Agreement, and the price of which is less than $200.00 per share, Global Energy shall issue additional common shares to Oxbow such that Oxbow\'s adjusted per-share price for its stockholdings shall be no greater than the lowest price paid by any such subsequent purchaser of its shares"
LC00329,LEGAL_DOC_033,legal,0,42,"Each Party agrees that it will not circumvent or attempt to circumvent the other by contacting or participating with any third party with respect to, or otherwise attempting to consummate, the transactions contemplated by this Agreement, except in participation with each other."
LC00330,LEGAL_DOC_033,legal,0,102,"W2E agrees not to engage in business dealings, discussions, or otherwise work directly with any third parties introduced to W2E  through SHBV, or to exploit any pre-existing relationship of SHBV with any third party that has been represented to W2E by SHBV,  without the prior consent and/or direct participation of SHBV.', 'SHBV agrees not to engage in business dealings, discussions, or otherwise work directly with any third parties introduced to SHBV  through W2E, or to exploit any pre-existing relationship of W2E with any third party that has been represented to SHBV by W2E,  without the prior consent and/or direct participation of W2E."
LC00331,LEGAL_DOC_034,legal,0,89,"Each Party agrees that during the Term of this Agreement and for a period of six (6) months thereafter it shall not, without the prior written  consent of the other Party, either on its own account or through its employees or agents or otherwise or on behalf of any other person,  firm, company or other organisation and other than by general advertising, solicit, interfere with, procure or entice away (or, in each case,  attempt so to do), either directly or indirectly, any employee or contractor of the other Party."
LC00332,LEGAL_DOC_034,legal,0,76,"During the Term of this Agreement, except as otherwise permitted by this Section 3(a)(v), VS agrees that it shall not enter into the same or substantially similar Commitments with any other company or entity which performs clinical research services the same or similar to those provided by PPD or any PPD affiliate (collectively, ""PPD Competitor""), nor shall VS provide preferred pricing to a PPD Competitor which is better than that provided by VS hereunder to PPD."
LC00333,LEGAL_DOC_034,legal,0,119,"During the Term of this Agreement, except as otherwise permitted by this Section 3(a)(v), VS agrees that it shall not enter into the same or substantially similar Commitments with any other company or entity which performs clinical research services the same or similar to those provided by PPD or any PPD affiliate (collectively, ""PPD Competitor""), nor shall VS provide preferred pricing to a PPD Competitor which is better than that provided by VS hereunder to PPD.', 'Further, during the Term of this Agreement, PPD agrees that it shall not enter into commitments which are the same or substantially similar to the PPD commitments set forth in Section 3 with any other imaging vendor for the performance of Preferred Services."
LC00334,LEGAL_DOC_034,legal,0,30,"Neither party will solicit for employment any employee of the other party during the active term of this Agreement and further, where applicable, the term of any active Work Order."
LC00335,LEGAL_DOC_034,legal,0,68,"BOSCH hereby grants CLIENT the ""Exclusive Distribution License Rights"" sell and distribute the Products within the ""Territory"".', 'Bosch hereby grants to Client the exclusive rights to sell and distribute the Product, subject to the Territory as set forth below, to certain select companies in the Automotive Industry, each of which shall be approved by Bosch in writing as requested by the Client on a case by case basis."
LC00336,LEGAL_DOC_034,legal,0,85,"During the term of this Agreement, except in the performance of its obligations or exercise of its rights under this Agreement, neither OntoChem nor any of its Affiliates will discover, research, develop, manufacture or commercialize any compound or product directed to any Target, either independently or for or in collaboration with a third party (including the grant of a license to any third party), or have any of the foregoing activities performed on behalf of OntoChem or any of its Affiliates by a third party."
LC00337,LEGAL_DOC_034,legal,0,47,"Biocept will have sole responsibility for performing the Technical Component of all Tests sold by the parties, until and unless Life Technologies obtains the right from Biocept to independently develop its own Tests in accordance with all applicable FDA regulatory requirements, as provided for in Section 7.1."
LC00338,LEGAL_DOC_034,legal,0,39,"During the Term, each Party hereby provides a worldwide, exclusive, royalty free, perpetual license of such Intellectual Property Rights for use by each licensee in its business in connection with the development and marketing and commercialization of the Product."
LC00339,LEGAL_DOC_034,legal,0,108,"During the cooperation between the parties, Party A agrees not to enter into any form of cooperation with Qihoo 360, unless PartyA needs such cooperation with Qihoo 360 for business or technology and Party B has provided its prior consent.', 'All act which may damage the right of user of Baidu promotion, damage user experience, disturb market cooperation order of the Union, adversely affect Baidu product and business reputation of Baidu, constitute unfair competition against Baidu or violate legal right of Baidu are forbidden by the Union, including but not limited to:<omitted>6. Mix of competing business\n\nAmend the pattern of the Union product or competing business to mislead users."
LC00340,LEGAL_DOC_034,legal,0,66,"All act which may damage the right of user of Baidu promotion, damage user experience, disturb market cooperation order of the Union, adversely affect Baidu product and business reputation of Baidu, constitute unfair competition against Baidu or violate legal right of Baidu are forbidden by the Union, including but not limited to:<omitted>5. Breach of exclusivity clause\n\nBreach the exclusivity agreement with Baidu to engage in competing business."
LC00341,LEGAL_DOC_035,legal,0,201,"Subject to applicable law, the Company, on the one hand, and each of the Marathon Parties on the other hand, covenants and agrees that, during the Support Period or if earlier, until such time as the other Party or any of its or her officers, directors, employees, subsidiaries, Affiliates, Associates, agents, attorneys or other representatives (collectively, the ""Representatives"") shall have breached this section, neither it nor any of its respective Representatives acting, directly or indirectly, at its direction or on its behalf, shall in any way publicly (including by any communication with other investors or prospective investors in the Company where such communications could reasonably be expected to be made public or trigger a public disclosure obligation, with securities analysts or any member of traditional or digital media) criticize, disparage, call into disrepute or otherwise defame or slander the other Party or such other Party\'s Representatives (including any current officer or director of a Party or a Party\'s subsidiaries who no longer serves in such capacity at any time following the execution of this Agreement), or any of their businesses, products or services, in any manner that would reasonably be expected to damage the business or reputation of such other Party."
LC00342,LEGAL_DOC_035,legal,0,275,"In the event of a termination of this Agreement, FG shall have an irrevocable, exclusive, license, with the right to grant and authorize sublicenses, to any trademarks used by Astellas in association with the Lead Compounds hereunder to make, use, sell, import and otherwise exploit products within the Field in the Astellas Territory.', 'FG shall have the exclusive right, including the right to authorize others, to market, sell and distribute the Lead Compounds for any use in the FG Territory. Subject to the restrictions contained in Section 8.3.4 hereof, FG retains the exclusive right, including the right to authorize others, to market, sell and distribute worldwide the Lead Compounds for use outside the Field.', 'Subject to the terms and conditions of this Agreement including Article 12 above, FG hereby grants to Astellas an exclusive license under the FG Technology to: use, package, sell, have sold, import, market and otherwise distribute the Lead Compounds for use solely in the Field in the Astellas Territory', 'Astellas shall have the exclusive right to market, sell and distribute the Lead Compounds supplied by FG for use in the Astellas Territory within the Field under the license granted in Article 13.', 'FG shall have the exclusive right and obligation to supply the Lead Compounds to Astellas and its Affiliates and Sublicensees for all development and commercial purposes, and Astellas and its Affiliates and Sublicensees shall purchase such Lead Compounds exclusively from FG.', 'FG shall have the worldwide exclusive right (itself or through third party vendors) to manufacture (or have manufactured) Lead Compounds. Astellas and its Affiliates and Sublicensees shall not directly or indirectly make, produce or manufacture any Lead Compounds."
LC00343,LEGAL_DOC_035,legal,0,292,"Subject to applicable law, each of the Parties covenants and agrees that, during the Standstill Period, neither Party nor any of its subsidiaries, Affiliates, successors, assigns, principals, partners, members, general partners, officers, key employees or directors (collectively, ""Representatives""), shall in any way, directly or indirectly, in any capacity or manner, whether written or oral, electronically or otherwise (including, without limitation, in a television, radio, internet, newspaper, magazine interview, or otherwise through the press, media, analysts or other persons or in any document or report filed with the SEC), publicly disparage, impugn, make ad hominem attacks on or otherwise defame or slander or make, express, transmit, speak, write, verbalize or otherwise publicly communicate in any way (or cause, further, assist, solicit, encourage, support or participate in any of the foregoing), any public communication or statement of any kind, whether verbal, in writing, electronically transferred or otherwise, that might reasonably be construed to be disparage, derogate or impugn, the other Party or such other Party\'s Representatives (including any current officer or director of a Party or a Parties\' subsidiaries who no longer serves in such capacity following the execution of this Agreement), employees, stockholders (solely in their capacity as stockholders of the applicable Party), or any of their businesses, products or services, in any manner that would reasonably be expected to damage the business, or reputation of the other Party or of its Representatives (including former officers and directors), directors (or former directors), employees, stockholders (solely in their capacity as stockholders of the applicable Party); provided that, with respect to any litigation, arbitration or other proceeding between the Parties, nothing in this Section 5 shall prevent either Party from disclosing any facts or circumstances with respect to any such litigation, arbitration or other proceeding."
LC00344,LEGAL_DOC_035,legal,0,35,"Party A may not make any identical or similar cooperation regarding the real estate and home furnishing information, products and data in its real estate and home furnishing channel with any competitor of Party B."
LC00345,LEGAL_DOC_035,legal,0,72,"""During the term of this Agreement, Party B and its affiliates will be the exclusive cooperator of Party A's real estate and home furnishing cooperation channel."", 'Party A grants all-round exclusive rights to Party B to construct, maintain and operate the Cooperation channel.', ""Party B and its affiliates will be the exclusive provider of real estate and home furnishing information, products and data in Party A's real estate and home furnishing channel."""
LC00346,LEGAL_DOC_035,legal,0,416,"The Company hereby agrees that, until the earlier of (i) the expiration of the Standstill Period or (ii) any material breach of this Agreement by an Investor (provided that such Investor shall have three (3) business days following written notice from the Company of any material breach to remedy such material breach if capable of remedy), neither it nor any of its Affiliates will, and it will cause each of its Affiliates not to, directly or indirectly, publicly make, express, transmit, speak, write, verbalize or otherwise publicly communicate in any way (or cause, further, assist, solicit, encourage, support or participate in any of the foregoing), any remark, comment, message, information, declaration, communication or other statement of any kind, whether verbal or in writing, that might reasonably be construed to be derogatory or critical of, or negative toward, the Investors or their Affiliates or Associates or any of their agents or representatives (collectively, the ""Investor Agents""), or that reveals, discloses, incorporates, is based upon, discusses, includes or otherwise involves any confidential or proprietary information of any Investor or its Affiliates or Associates, or to malign, harm, disparage, defame or damage the reputation or good name of any Investor, its business or any of the Investor Agents.', 'Each Investor agrees that, until the earlier of (i) the expiration of the Standstill Period or (ii) any material breach of this Agreement by the Company (provided that the Company shall have three (3) business days following written notice from such Investor of any material breach to remedy such material breach if capable of remedy), neither it nor any of its Affiliates or Associates will, and it will cause each of its Affiliates and Associates not to, directly or indirectly, publicly make, express, transmit, speak, write, verbalize or otherwise publicly communicate in any way (or cause, further, assist, solicit, encourage, support or participate in any of the foregoing), any remark, comment, message, information, declaration, communication or other statement of any kind, whether verbal or in writing, that might reasonably be construed to be derogatory or critical of, or negative toward, the Company or any of its directors, officers, Affiliates, Associates, subsidiaries, employees, agents or representatives (collectively, the ""Company Representatives""), or that reveals, discloses, incorporates, is based upon, discusses, includes or otherwise involves any confidential or proprietary information of the Company or its subsidiaries or Affiliates or Associates, or to malign, harm, disparage, defame or damage the reputation or good name of the Company, its business or any of the Company Representatives."
LC00347,LEGAL_DOC_035,legal,0,504,"""The Company agrees that, from the date of this Agreement until the earliest of (i) the date that is thirty (30) calendar days prior to any applicable deadline by which a shareholder must give notice to the Company of its intention to nominate a director for election at or bring other business before the 2015 Annual Meeting under the Company's By\xadLaws and (ii) any material breach of this Agreement by JANA (provided that JANA shall have three (3) business days following written notice from the Company of material breach to remedy such material breach if capable of remedy), neither it nor any of its Affiliates or Associates will in any manner, directly or indirectly make, or cause to be made, or in any way encourage any other person to make or cause to be made, any statement or announcement that relates to and constitutes an ad hominem attack on, or relates to and otherwise disparages, JANA, any of its members, officers or directors or any person who has served as a member, officer or director of JANA, including: (i) in any document or report filed with or furnished to the SEC or any other governmental agency, (ii) in any press release or other publicly available format or (iii) to any journalist or member of the media (including without limitation, in a television, radio, newspaper or magazine interview), or otherwise."", 'JANA agrees that, from the date of this Agreement until the earliest of (i) the date that is thirty (30) calendar days prior to any applicable deadline by which a shareholder must give notice to the Company of its intention to nominate a director for election at or bring other business before the 2015 Annual Meeting under the Company\'s By\xadLaws and (ii) any material breach of this Agreement by the Company (provided that the Company shall have three (3) business days following written notice from JANA of material breach to remedy such material breach if capable of remedy) (such period, the ""Cooperation Period""), neither it nor any of its Affiliates or Associates will in any manner, directly or indirectly, make, or cause to be made, or in any way encourage any other person to make or cause to be made, any statement or announcement that relates to and constitutes an ad hominem attack on, or relates to and otherwise disparages, the Company, any of its officers or directors or any person who has served as an officer or director of the Company, including: (i) in any document or report filed with or furnished to the Securities and Exchange Commission (the ""SEC"") or any other governmental agency, (ii) in any press release or other publicly available format or (iii) to any journalist or member of the media (including without limitation, in a television, radio, newspaper or magazine interview), or otherwise; provided, that if the Company makes any material announcement prior to the March Board Meeting, JANA will be permitted to make objective statements that solely reflect JANA\'s view, as a shareholder, with respect to such announcement."
LC00348,LEGAL_DOC_035,legal,0,511,"""In consideration of CERES' development of new markets for the COLLABORATION CROPS and the significant activities associated with the  development of this market, IGER agrees to grant CERES exclusive access to IGER's plant improvement activities specifically involving the  COLLABORATION CROPS, whether through plant breeding, transformation, propagation methods or otherwise, subject however to the  exceptions expressly set forth in this Agreement."", 'IGER will not collaborate with or perform any activities for the benefit of or grant any rights to any for-profit third party in the field of the  COLLABORATION CROPS without the prior written consent of CERES.', 'The Parties acknowledge that Defra is expected to assign or license exclusively to IGER any rights in Intellectual Property which would vest in  Defra or the Crown or the Secretary of State pursuant to the DEFRA agreement NF 0426.', ""IGER hereby grants CERES under IGER'S interest in any JOINT INTELLECTUAL PROPERTY and OTHER RESEARCH RESULTS, the IGER  INTELLECTUAL PROPERTY set forth in ANNEX I, and the IGER BACKGROUND INTELLECTUAL PROPERTY set forth in ANNEX I:\n\n  (a)   the exclusive right and license to produce COMMERCIAL PROPAGULES of the LICENSED VARIETY in the TERRITORY, including  intermediate propagation material; and<omitted>(b)   the exclusive right and license to use, sell and commercially exploit the COMMERCIAL PROPAGULES of the LICENSED VARIETY in  the TERRITORY."", ""Subject to Articles 5.1 and 5.2, IGER grants CERES an exclusive, world-wide license, with the right to grant sublicenses, to use and exploit  commercially (a) IGER's interest in any JOINT INTELLECTUAL PROPERTY (including but not limited to RELEASED VARIETIES) and OTHER  RESEARCH RESULTS; (b) IGER INTELLECTUAL PROPERTY and (c) when and only to the extent necessary for the commercialization or use of  JOINT INTELLECTUAL PROPERTY and/or OTHER RESEARCH RESULTS and/or IGER INTELLECTUAL PROPERTY for the  COLLABORATION CROPS, IGER BACKGROUND INTELLECTUAL PROPERTY, subject to paying IGER reasonable remuneration (whether as  a royalty or in some other form as the Parties may agree) to be negotiated in good faith."", 'If IGER receives an exclusive license from Defra rather  than an assignment of rights, the following will apply.\n\n18.1 To the extent the license grant to CERES on IGER BACKGROUND INTELLECTUAL PROPERTY in Article 5.3.2 relates to IGER  BACKGROUND INTELLECTUAL PROPERTY that constitutes Intellectual Property to which rights vest in Defra or the Crown or the Secretary  of State, the word ""license"" will be read as ""sublicense"" and all other terms of such Article will remain unchanged.\n\n18.2 To the extent that IGER INTELLECTUAL PROPERTY or JOINT INTELLECTUAL PROPERTY created in a RESEARCH PROJECT  constitutes or includes Intellectual Property to which rights vest in Defra or the Crown or the Secretary of State, any conveyance or grant of  rights or licenses by IGER to CERES in this Agreement with respect to such IGER INTELLECTUAL PROPERTY or JOINT INTELLECTUAL  PROPERTY, will be read as the grant of an exclusive sublicense under IGER\'s exclusive license from Defra.', 'IGER will not collaborate with or perform any activities for the benefit of or grant any rights to any not-for-profit third party with respect  to GERMPLASM IMPROVEMENT of COLLABORATION CROPS without the prior written consent of CERES."
LC00349,LEGAL_DOC_035,legal,0,22,The Company shall not tarnish or bring into disrepute the reputation of or goodwill associated with the Seller Licensed Trademarks or Arizona.
LC00350,LEGAL_DOC_035,legal,0,100,"""During the Interim Period, neither HERC nor any of its affiliates or subsidiaries shall, directly or indirectly, engage in the business of renting or leasing cars, crossovers or light trucks (including sport utility vehicles and light commercial vehicles) in [any country in which THC or any of its affiliates or subsidiaries rents or leases cars, crossovers or light trucks (including sport utility vehicles and light commercial vehicles) as of the date of this Agreement] without THC's prior written consent, except to the extent materially consistent in type and scope with HERC's operations immediately prior to the date of this IPA."""
LC00351,LEGAL_DOC_036,legal,0,170,"If and to the extent that, as a matter of Law in any jurisdiction, ownership, title, or any rights or interest in or to any of the Assigned IP cannot be assigned as provided in Section 2.1(b)(i), (A) the Seller irrevocably agrees to (and shall cause the other Seller Parties to) assign and transfer, and the Seller hereby assigns and transfers (and shall cause the other Seller Parties to assign and transfer) to the Purchaser Assignees all rights (including all economic and commercialization rights) that can be assigned pursuant to Section 2.1(b)(i) to the fullest extent permissible, and (B) the Seller hereby grants to the Purchaser Assignees, and hereby agrees to cause the other Seller Parties to grant to the Purchaser Assignees, an unlimited, exclusive, irrevocable, assignable, transferable, sublicenseable, worldwide, perpetual, royalty-free, fully-paid up license to use, exploit, and commercialize in any manner now known or in the future discovered and for whatever purpose, any and all rights to Assigned IP that cannot be assigned as contemplated by Section 2.1(b)(i)."
LC00352,LEGAL_DOC_036,legal,0,68,"Airspan warrants that during the term of this Agreement, the prices at      which Airspan sells to Distributor products supplied under this Agreement      shall be no less favorable to the Distributor than those prices at which      Airspan sells, at substantially the same time in the United States, similar      products and pursuant to similar terms and conditions as those by which      Airspan sells Products to the Distributor under this Agreement."
LC00353,LEGAL_DOC_036,legal,0,271,"""Distributor will give Airspan thirty (30) days' prior, written notice of each new potential representation role being considered by Distributor, and Distributor will not undertake such representation without Airspan's prior, written consent, such consent not to be unreasonably withheld."", ""Except as\n\n\n\n\n\nprovided above, in no event will Airspan consent to Distributor's consultation for or representation of a manufacturer or supplier, which is directly or indirectly, a competitor of Airspan."", 'During the performance of this Agreement and for three (3) months after termination of services under this Agreement, Airspan will not offer products or services to third parties which compete with the products or services provided by Distributor under this Agreement, or otherwise use the knowledge acquired from Distributor in order to compete with Distributor its customers', ""During the term of this Agreement Distributor agrees that neither it      nor any organization or entity controlled or directed by it will, without      Airspan's prior, written consent, represent a manufacturer or supplier of      products similar in design or performance to or which are of such a nature      as to be competitive with any products contained in the Airspan Products."", ""During the term of this Agreement, and for a period of three (3) months following the expiration or termination of this Agreement, Distributor agrees that neither it nor any organization or entity controlled or directed by it will, without Airspan's prior, written consent, represent a manufacturer or supplier of products similar in design or performance to or which are of such a nature as to be competitive with any products contained in the Airspan Products, nor will Distributor market or otherwise promote the sale of such products."""
LC00354,LEGAL_DOC_036,legal,0,43,"Subject to the provisions of this Agreement, Airspan hereby appoints Distributor as an independent, exclusive distributor to assist Airspan in marketing the Airspan Products to customers in the Territory, and Distributor hereby accepts such appointment as of the Effective Date of this Agreement."
LC00355,LEGAL_DOC_036,legal,0,28,"""Distributor agrees not to represent or sell other products which are deemed to be competitive with the Company's Products unless agreed to by the Company by written notice."""
LC00356,LEGAL_DOC_036,legal,0,33,"The Company hereby appoints and grants Distributor the exclusive right to sell the products of the Company, including the Snotarator™ Nasal Aspirator,  (""Products"") listed in the current ""Price List"" (Exhibit ""A"" attached hereto)."
LC00357,LEGAL_DOC_036,legal,0,39,"In the event that Vendor is forced to allocate the distribution of the Products due to limited supply, Distributor shall be treated no less favorably than any other distributor and shall receive its pro rata allocation of the Products."
LC00358,LEGAL_DOC_036,legal,0,63,"In exchange for the marketing and selling of the Products provided in Section 3, Vendor hereby agrees:<omitted>4.4. Subject to Section 4.5 of this Agreement, for a period of twenty-four (24) months after the Effective Date, not to develop, manufacture, market, distribute, sell or supply anywhere in the world to any individual or entity a gaming chip-sorting machine for use in a casino; and"
LC00359,LEGAL_DOC_036,legal,0,640,"In consideration for the purchase of the Products by Distributor from Vendor, Vendor grants Distributor the exclusive right to market, sell, rent, lease, service and maintain the Products and all improvements thereon within the Territory (as defined herein) according to the terms and conditions as set forth herein.', 'In exchange for the marketing and selling of the Products provided in Section 3, Vendor hereby agrees:\n\n4.1. To provide Distributor with the appropriate product brochures, and two (2) fully working and fit for purpose samples of each model of shuffling machine free of charge;\n\n4.2. To prominently display and advertise that Distributor is the sole and exclusive distributor of Vendor for the Products in the Territory;\n\n4.3. Subject to Section 2.6 of this Agreement, not to market, distribute, sell or supply the Products covered by this Agreement to any individual or entity in the Territory directly in response to a request from that person or entity without the prior written consent of Distributor;\n\n4.4. Subject to Section 4.5 of this Agreement, for a period of twenty-four (24) months after the Effective Date, not to develop, manufacture, market, distribute, sell or supply anywhere in the world to any individual or entity a gaming chip-sorting machine for use in a casino; and', 'In exchange for the exclusive distribution right and license granted to Distributor pursuant to this Agreement, during the Term, Distributor hereby agrees to purchase the Products from Vendor, where such Products are fit for purpose and ready for sale in the Territory, as determined by Distributor, as follows:\n\n  5.1.1. As of the Effective Date, one hundred (100) units of the PokerOne™ Shuffler at a price of Four Thousand Nine Hundred Dollars ($4,950.00 U.S.) per unit, where Vendor shall ship the units no later than the end of January 2005;\n\n  5.1.2. Upon the delivery of two (2) units of the Random Plus™ Shuffler to Distributor and the expiration of a review period ending thirty (30) calendar days after the receipt of delivery by Distributor,, where such review by Distributor determines that the Random Plus™ Shuffler is fit for purpose and ready for commercial sale in the Territory, one hundred (100) units of the Random Plus™ Shuffler at a price of Four Thousand Nine Hundred Fifty Dollars ($4,950.00 U.S.) per unit, where Vendor shall ship the units no later than 30 days after the review period;\n\n-5-\n\n\n\n\n\n  5.1.3. Upon the receipt of any necessary approvals or approval waivers and the expiration of a review period ending thirty (30) calendar days after the receipt of delivery by Distributor of two (2) units of the Continuous Plus™ Shuffler, where such review by Distributor determines that the Continuous Plus™ Shuffler is fit for purpose and ready for commercial sale in the Territory, one hundred (100) units of the Continuous Plus™ Shuffler at a price of Five Thousand Nine Hundred Fifty Dollars ($5,950.00 U.S.);\n\n  5.1.4. Within thirty (30) days of the one (1) year anniversary of the Effective Date, an additional two hundred (200) units of the Products comprising any mix of the shuffler products offered by Vendor; and\n\n  5.1.5. Any additional number of units of the Products as may be submitted by Distributor to Vendor pursuant to a Purchase Order (as defined herein).', 'In exchange for the exclusive distribution right and license provided in Section 2 of this Agreement, Distributor hereby agrees during the Term to use its best commercial efforts to promote, advertise and distribute the Products throughout the Territory, including, without limitation, the following:', 'Distributor shall not obtain, purchase, receive or source any other card shuffling machine from any third party or other source under any circumstance other than from Vendor with the exception of all Shuffle Master, Inc. shuffling machines which are held in stock at the Effective Date which Distributor is free to sell, rent purchase or lease until all of the said stock has been depleted."
LC00360,LEGAL_DOC_036,legal,0,260,"Distributor agrees that, without the prior written consent of the Vendor, for a period beginning from the date of this Agreement and ending three (3) years after the termination of this Agreement, neither Distributor nor any of its affiliates or representatives will: (1) employ or solicit to employ any of the employees of Vendor; or (2) encourage of the employees of the Vendor or its subsidiaries to leave the employment of Vendor; provided, however, this Section shall not apply to any such employee who has been terminated by or left the employment of Vendor prior to the Effective Date or, if employed by Vendor as of the Effective Date, any employee who has not been employed by Vendor for at least one (1) year after the end of such employment.', 'Vendor agrees that, without the prior written consent of the Distributor, for a period beginning from the date of this Agreement and ending three (3) years after the termination of this Agreement, neither Vendor nor any of its affiliates or representatives will: (1) employ or solicit to employ any of the employees of Distributor; or (2) encourage of the employees of the Distributor or its subsidiaries to leave the employment of Distributor; provided, however, this Section shall not apply to any such employee who has been terminated by or left the employment of Distributor prior to the Effective Date or, if employed by Distributor as of the Effective Date, any employee who has not been employed by Distributor for at least one (1) year after the end of such employment."
LC00361,LEGAL_DOC_037,legal,0,15,"""Distributor will not carry any competitive products without Tripath's consent, which shall not be unreasonable."""
LC00362,LEGAL_DOC_037,legal,0,86,"During the term of this Agreement and for a period of two (2) years after the termination hereof for any reason, Distributor will not market, or attempt to market, a computer program which competes in any way with the Products in the areas of consolidation, financial information, financial transaction processing, reporting, data collection, or modeling, including but not limited to the use of personal computers, nor which competes with any modification, alteration or enhancement to the Products which is developed during the term of this Agreement."
LC00363,LEGAL_DOC_037,legal,0,31,"Upon the terms and subject to the conditions of this Agreement, Developer hereby grants to Distributor an exclusive, non-transferable fight and license to market and distribute the Products in the Territory."
LC00364,LEGAL_DOC_037,legal,0,101,"SIERRA  hereby   appoints   ENVISION  as  its  exclusive          distributor  for the  Product  in any blend  with  Krill Oil within the          Territory  subject to ENVISION  fulfilling  the terms and conditions of          the best efforts marketing requirements set forth herein in Sections 4,          5,  and  9.', ""SIERRA  hereby  grants  ENVISION an          exclusive,  royalty-free  sub-license of  the Product's future patents,          and patent  applications  to distribute,  sell  and market the Finished          Product."", ""SIERRA  shall  cease  making  sales  to  any  customer  or          distributor who, during the term of this Agreement, violates ENVISION's          exclusivity."", 'During the  term of this  Agreement,  ENVISION          will  exclusively  purchase  the  Product  from   SIERRA."
LC00365,LEGAL_DOC_037,legal,0,35,"The Distributors will not develop, manufacture or sell any equipment or service, which in any way can be considered to be competitive to the  equipment or service offered by Lucid to the Distributor as Product."
LC00366,LEGAL_DOC_037,legal,0,28,"The Distributor is appointed as an exclusive Distributor within the following territories: [*].', 'Lucid appoints the Distributor and the Distributor accepts appointment as an exclusive authorized Lucid Distributor."
LC00367,LEGAL_DOC_037,legal,0,83,"""Company  hereby   appoints                            Distributor as Company's exclusive distributor within                            the Market and grants to  Distributor  the  exclusive                            right  to sell and  distribute  Products  within  the                            Market,   and   Distributor   hereby   accepts   such                            appointment  and such grant,  in accordance  with the                            terms and conditions of this  Agreement."", 'The  Distributor  shall  not order or                   purchase Products from any source other than the Company.', 'The Company appoints the Distributor as an  exclusive  distributor  of Products in the Market,  subject to the terms and conditions of this Agreement."
LC00368,LEGAL_DOC_037,legal,0,67,"Distributor further agrees that it will not interfere                            with or  otherwise  disrupt  the  business  relations                            between the Company or nay of its  affiliates and any                            of their current or prospective customers,  suppliers                            or distributors, during the<omitted>Term of the  Agreement  and for a period of  eighteen\n\n\n\n\n\n                           (18) months thereafter,  nor will Distributor solicit                            any  customer  or  potential  customer  of Company to                            purchase a competitive product during that period."
LC00369,LEGAL_DOC_037,legal,0,56,"During the Term of this Agreement and for a period of                            twelve (12) months  thereafter,  the  Distributor (on                            behalf of itself,  each of its affiliates and each of                            their respective representatives) agrees that it will                            not  directly  or  indirectly  solicit  or  hire  any                            executive,  managerial  or technical  employee of the                            Company or any of its affiliates."
LC00370,LEGAL_DOC_037,legal,0,71,"During the term of this Agreement, DISTRIBUTOR shall have          the exclusive right for selling the Products to Beijing Sino-US Jinche          Yingang Auto Technological Services Limited (the ""Auto Center"").', ""PPG          Shanghai or any of its direct or indirect affiliates shall not sell any          of its products directly to the Auto Center or to any of the Auto          Center's affiliates in China or throughout the world, unless PPG          Shanghai obtains Distributor's written approval."""
LC00371,LEGAL_DOC_038,legal,0,68,"""PPG SHANGHAI shall have the right to terminate this Agreement and/or          suspend its performance hereunder immediately upon giving notice to          DISTRIBUTOR, which termination shall be effective upon receipt of          notice, if any one of the following occurs:<omitted>(ii) DISTRIBUTOR, or any principal owner of DISTRIBUTOR, is convicted          of a crime which, in PPG SHANGHAI's reasonable judgment, may adversely          affect the goodwill or interest of DISTRIBUTOR or of PPG SHANGHAI;"""
LC00372,LEGAL_DOC_038,legal,0,52,"""NTC agrees that the Product Prices, benefits and allowances offered to ALFA AESAR shall not be less favorable than those offered on Products provided to agents, distributors or marketed directly by NTC to any customers, other than the Product Prices existing as of the date of this Agreement with NTC's commercial partners."""
LC00373,LEGAL_DOC_038,legal,0,258,"NTC hereby grants to ALFA AESAR, and its subsidiaries and affiliates, the exclusive right to market, sell and distribute Research Quantities of the Products within the Territory, ALFA AESAR hereby accepts such right and agrees to use its reasonable efforts to promote the marketing, sale and distribution of Research Quantities of the Products throughout the Territory in accordance with the terms and conditions of this Agreement using normal and standard practices.', ""ALFA AESAR agrees that, so long as NTC provides ALFA AESAR with Products for ALFA AESAR' S marketing, sale and distribution of Research Quantities of the Products within the Territory, ALFA AESAR shall purchase all its requirements of the Products (including nanomaterials with physical or chemical properties substantially the same as the Products) exclusively from NTC during the term of this Agreement, ALFA AESAR shall:   i) buy the Products in quantities listed in Schedule A and repackage into the research sample quantities as it deems reasonable and appropriate for distribution and sale on a worldwide basis at such resale prices it shall determine from time to time, provided that any such repackaging shall comply with applicable safety laws and regulations;   ii) attempt to keep reasonably sufficient stocks of the Products to meet customer orders and to store such stocks in such conditions as NTC may recommend from time to time to prevent deterioration or damage."", 'ALFA AESAR agrees not to manufacture, buy, sell, distribute, deal in or be the agent for any products with the specifications of any of the Products, excluding any preexisting ALFA AESAR products."
LC00374,LEGAL_DOC_038,legal,0,31,"Upon the effective date of this agreement COMWARE shall have the exclusive right to purchase, at the DISCOUNTS described below, and resell Products to potential customers during the Initial Distribution Period,"
LC00375,LEGAL_DOC_038,legal,0,49,"During the Term, Charterer agrees that Owner will be the sole and exclusive provider of marine transportation services for #2 fuel oil and high sulfur diesel owned by Charterer or owned by others and in transit for sale to Charterer so long as Owner has the required equipment available."
LC00376,LEGAL_DOC_038,legal,0,26,"""When endorsing a non-competitive product, under no circumstances shall CONSULTANT wear, play, use, hold or in any way be associated with an ADAMS GOLF competitor's Product."""
LC00377,LEGAL_DOC_038,legal,0,119,"""CONSULTANT hereby gives and grants to ADAMS GOLF the exclusive right and license to use CONSULTANT'S ENDORSEMENT in connection with the manufacture, sale, distribution, advertising and promotion of PRODUCT in the CONTRACT TERRITORY."", ""During the term of this Agreement, unless otherwise authorized at the sole discretion of ADAMS GOLF in writing, CONSULTANT shall not:   A.give the right to use or permit the use of CONSULTANT'S name, facsimile signature, nickname, voice or likeness to any other manufacturer or seller of PRODUCT;\n\nB.sponsor or endorse PRODUCT made or sold by any other manufacturer or seller; or\n\nC.serve as a CONSULTANT or advisor of any other manufacturer or seller of PRODUCT."", 'During the term of this Agreement, CONSULTANT shall exclusively play/use the MANDATORY PRODUCT."
LC00378,LEGAL_DOC_038,legal,0,122,"""Nothing in this Agreement shall be construed to prevent KI, Inc. from granting any other licenses for the use of KI's name or likeness, or from utilizing KI's name and likeness in any manner whatsoever, except that KI, Inc. agrees that except as provided herein it will grant no other licenses for the territory to which this license extends for the use of KI's name and likeness in connection with the sale of the products described in subparagraphs 2.(a)(1) and (2) of this Agreement effective during the term of this Agreement."", 'The license hereby granted shall be exclusive as to the products described in subparagraphs 2.(a)(1) and (2) of this Agreement, but nonexclusive as to all other products covered by this Agreement."
LC00379,LEGAL_DOC_038,legal,0,26,Licensor agrees not to grant the right to use the Duval Identification to anyone other than Company in connection with the advertisement and promotion of Products.
LC00380,LEGAL_DOC_038,legal,0,164,"As described in Section 1(b) above, the Professional          has granted the company an exclusive worldwide right and license          to use his name, autograph, likeness, photographs, electronic media          depiction, signature and any other words, symbols or depiction\'s          (hereinafter the ""Professional\'s Image"") which will identify the          Professional to the public in connection with the advertising,           promotion, publicizing, sale and distribution of Haley apparel.', ""The Professional agrees that, with respect to men's apparel,          he will exclusively endorse and use exclusively in play, practice,           exhibits, clinics and other events open to the media or public, Haley           brand apparel which shall consist of shirts, vests, jackets, sweaters,          pants and shorts (if permitted by applicable rules)."", ""The Professional grants to the Company the exclusive worldwide          right and license to use his name, autograph, likeness, photographs,          electronic media depiction, signature and any other words, symbols or          depiction's which would identify the Professional to the public in           connection with the advertising, promotion, publicizing, sale and           distribution of Haley apparel by the Company."""
LC00381,LEGAL_DOC_039,legal,0,47,"Subject to the terms and conditions set forth herein, Consolidated Artists grants to TPC the exclusive right and license, within the Contract Territory and during the Contract Period, to use the Ogle Endorsement in connection with the manufacture, distribution, advertisement, promotion and sale of the Endorsed Product."
LC00382,LEGAL_DOC_039,legal,0,130,"""If, at any time during the Contract Period, Company shall enter into any agreement (the terms of what are significantly the same as the terms hereof) in connection with the production and sale of Company's products using the name, likeness, photographic representation or signature of any other National Football League quarterback (active or retired), which agreement provides for the payment to such individual of remuneration in excess of that set forth herein, then Company agrees it will immediately so notify Pey Dirt<omitted>and, at the same time, shall, retroactive to the effective date of such other agreement, increase the rate of remuneration paid to Pey Dirt hereunder up to the highest then-current rate paid by Company to any such National Football League quarterback (active or retired) for a regional endorsement deal."""
LC00383,LEGAL_DOC_039,legal,0,81,"Pey Dirt expressly agrees that the right to use Manning Identification will not be granted to anyone other than Company for use within the Contract Territory during the Contract Period in connection with the advertisement, promotion and sale of Products.', 'Pey Dirt grants to Company the exclusive right and license to use Manning Identification within the Contract Territory during the Contract Period in connection with the advertisement and promotion by Company of Products in television, radio, print and point of purchase."
LC00384,LEGAL_DOC_039,legal,0,236,"In addition, in the event that Array terminates this Agreement for Ono\'s breach pursuant to Section 13.3 during the [ * ], or Ono exercises its right to terminate this Agreement ""at will"" pursuant to Section 13.2 during the Initial Royalty Term, then neither Ono nor its Affiliates shall Commercialize a Competing Product or grant the right to a licensee or distributor to Commercialize a Competing Product in the Ono Territory prior to the [ * ] anniversary of the date such termination takes effect. If during the [ * ], Array Commercializes a Competing Product in the Ono Territory, the royalty payment period shall terminate and Ono may continue to Commercialize the Product.', ""Neither Party shall conduct Clinical Studies in the other Party's Territory without the prior written approval of the other Party, except that Array shall be entitled to conduct Declined Clinical Studies utilizing sites within the Ono Territory without obtaining Ono's consent (but prior notification is required), subject to the following:<omitted>Array shall not conduct Clinical Studies for a Product in the Ono Territory with respect to an Indication for which such Product has received Marketing Approval in the Ono Territory if Ono reasonably believes that the conduct of such Clinical Studies is likely to materially adversely affect the commercial value of such Product."", 'If Ono Commercializes a Competing Product in the Ono Territory during [ * ], Array may immediately terminate this Agreement."
LC00385,LEGAL_DOC_039,legal,0,388,"Array shall own rights to, and shall be responsible, at its own expense, for registering and maintaining, the Internet domain names listed on Exhibit 12.6 (each of the foregoing, a ""Domain Name"") and agrees to grant, and hereby grants to Ono a royalty-free, fully paid-up exclusive license to use those particular Domain Names which Ono elects to use (and actually uses) in connection with Ono\'s commercialization of the Product in the Ono Territory in accordance with this Agreement.', 'From and after the expiration of this Agreement, Ono shall have the exclusive, fully paid up, royalty- free right to use (i) Product Trademarks assigned to Ono under Section 12.2, and (ii) those Domain Names licensed to Ono under Section 12.6, in each case solely for purposes of, and to the extent necessary, for Ono to continue to Commercialize the Products in the Field in the Ono Territory.', 'Prior to the [ * ], neither Ono or its Affiliates, nor Array or its Controlled Affiliates, shall Commercialize in the Ono Territory: (i) a product that includes, as an active pharmaceutical ingredient, an agent that is a [ * ] (other than Binimetinib), or (ii) a product that includes, as an active pharmaceutical ingredient, an agent that is a [ * ] (other than Encorafenib), or grant the right to a licensee or distributor to Commercialize in the Ono Territory any of the above described products (each a ""Competing Product""). I', ""Subject to the terms and conditions of this Agreement, Array hereby grants to Ono an exclusive license, with the right to grant sublicenses and appoint distributors as provided in Section 2.2, under the Array Patents, Array Know-How and Array's interests in the Joint Patents and Joint Know-How to Commercialize the Products in the Field in the Ono Territory."", ""Subject to the terms and conditions of this Agreement, including without limitation Array's retained rights under Section 2.1(e) below, Array hereby grants to Ono an exclusive license, with the right to grant sublicenses as provided in Section 2.2, under the Array Patents, Array Know-How and Array's interests in the Joint Patents and Joint Know- How to Develop the Products in accordance with the Development Plan and Joint Development Plan(s) in the Ono Territory solely for purposes of obtaining Marketing Approval for use of the Product in the Field in the Ono Territory."""
LC00386,LEGAL_DOC_039,legal,0,41,"During the Term, and without limiting Section 4.2, Achaogen hereby grants to Microgenics a royalty-free, exclusive, worldwide license to use the Achaogen<omitted>Know-How, Achaogen Patents, and Achaogen Materials to research, develop, manufacture, use, market and sell the Assay in the Territory. [***]."
LC00387,LEGAL_DOC_039,legal,0,215,"You covenant and agree that during the term of this Agreement, and subject to the post-termination provisions contained herein, You shall not, except as otherwise approved in writing by AIRSOPURE, either directly or indirectly:\n\nA. Divert or attempt to divert any business or customer of the Franchise to any competitor, or competing business, by direct or indirect inducement or otherwise, or do or perform, directly or indirectly, any other act injurious or prejudicial to AIRSOPURE or the goodwill associated with the Licensed Marks and Products.<omitted>C. Own, maintain, engage in, be employed by, advise, consult, assist, invest in or have any interest whatsoever in any business or entity which competes with or offers products or services which are the same or similar to those of AIRSOPURE or the Franchise.', 'You covenant and agree that You (or any shareholder if Your Franchise is a corporation) shall not, for a period of two years following termination of this Agreement for any reason, either directly or indirectly own, maintain, engage in, be employed by, advise, consult, assist, invest in or have any interest whatsoever in any business or entity which competes with or offers products or services which are the same or similar to those of AIRSOPURE or the Franchise within a radius of 25 miles of Your Exclusive Territory."
LC00388,LEGAL_DOC_039,legal,0,324,"You have been granted an exclusive trade area by this Agreement.', 'You shall not purposely solicit sales and service to customers located outside Your Exclusive Territory, provided such activity in not within an assigned Exclusive Territory.', 'AIRSOPURE grants to You, and You accept from AIRSOPURE, the right and license to operate an AIRSOPURE Center (or the ""Franchise"") for the sale or lease of AIRSOPURE\'s exclusive line of Products or at a location in the Exclusive Territory to be approved in writing by AIRSOPURE and listed in attached Exhibit A (the ""Exclusive Territory and Center Location""), to purchase Products from AIRSOPURE or its affiliates for resale at the Center to customers in the Exclusive Territory, and to use the Licensed Marks only in connection with the operation of the Franchise in accordance with the terms and conditions of this Agreement.', 'The Parties recognize the importance of fully developing the market for Products in the Exclusive Territory, and a substantial part of the consideration for and inducement to AIRSOPURE to enter into this Agreement is Your agreement to devote Your best efforts to market, sell and support Products to customers located in Your Exclusive Territory. You agree to concentrate Your marketing efforts to customers located in Your Territory, and You agree not to advertise the Products using media or publications whose primary coverage area is outside Your Exclusive Territory.', 'You will not sell or lease Products at any location other than within Your Exclusive Territory, engage in mail order sales of Products or supply Products to others for resale or lease at any other location.', 'Other AIRSOPURE franchisees will not be permitted to solicit customers for Products by advertising in Your Exclusive Territory.', 'AIRSOPURE hereby grants to You the exclusive right to solicit customers for the Products by direct mail advertising, or other approved means, but not including the World Wide Web (Internet) nor by printed catalogues, in<omitted>the Exclusive Territory described above and in Exhibit A."
LC00389,LEGAL_DOC_039,legal,0,120,"You covenant and agree that during the term of this Agreement, and subject to the post-termination provisions contained herein, You shall not, except as otherwise approved in writing by AIRSOPURE, either directly or indirectly:\n\nA. Divert or attempt to divert any business or customer of the Franchise to any competitor, or competing business, by direct or indirect inducement or otherwise, or do or perform, directly or indirectly, any other act injurious or prejudicial to AIRSOPURE or the goodwill associated with the Licensed Marks and Products.', 'Likewise, You may not target or solicit customers for Products by advertising in other Franchisees respective Exclusive Territories.', 'Other AIRSOPURE franchisees will not be permitted to solicit customers for Products by advertising in Your Exclusive Territory."
LC00390,LEGAL_DOC_039,legal,0,64,"You covenant and agree that during the term of this Agreement, and subject to the post-termination provisions contained herein, You shall not, except as otherwise approved in writing by AIRSOPURE, either directly or indirectly:<omitted>B. Employ or seek to employ any person who is at that time employed by AIRSOPURE or by another AIRSOPURE franchisee or induce such person to leave his or her employment."
LC00391,LEGAL_DOC_040,legal,0,91,"You must:<omitted>5.1.15 not become a Competitor, or permit your Affiliate to become a Competitor, in the upscale hotel market segment, or any substantially equivalent market segment, as determined by Smith Travel Research (""STR"") (or, if STR is no longer in existence, STR\'s successor or other such industry resource that is as equally as reputable as STR);', 'We may immediately terminate this Agreement on notice to you and without any opportunity to cure the default if:<omitted>14.2.10 you, your Affiliate or a Guarantor become a Competitor except as otherwise permitted by Subsection 5.1.15;"
LC00392,LEGAL_DOC_040,legal,0,124,"You must:<omitted>5.1.13 not engage, directly or indirectly, in any cross-marketing or cross-promotion of the Hotel with any Other Hotel or related business, without our prior written consent. You agree to refer guests and customers, wherever reasonably possible, only to System Hotels or Network Hotels.', 'The only reservation service or system you may use for outgoing reservations referred by or from the Hotel to other Network Hotels will be the Reservation Service or other reservation services we designate;', 'You must display all material, including brochures and promotional material we provide for System Hotels and Network Hotels, and allow advertising and promotion only of System Hotels and Network Hotels on the Hotel Site, unless we specifically direct you to include advertising or promotion of Other Hotels;"
LC00393,LEGAL_DOC_040,legal,0,116,"The  Franchisee  agrees,  during  the  term  of this Agreement and thereafter,  not to directly or indirectly engage in the operation of any  restaurant,  except as licensed by BKC, which utilizes or duplicates the Burger King System or any part thereof.', 'Neither the  Principals  nor the  Franchisee  shall directly or indirectly  (through  stock  ownership,  partnership,  trust,  joint venture,  management  contract,  or otherwise)  (a) have any interest in another ""Fast Food Hamburger Restaurant"" during the term of this Agreement, or (b) for a period of one ye ar after termination or expiration of this Agreement,  have any interest in another Fast Food  Hamburger  Restaurant  business at or within such distance of the Location as is stated  SCHEDULE 1."
LC00394,LEGAL_DOC_040,legal,0,60,"The Franchisee will not attempt,  directly or  indirectly,  to entice or induce any employee of BKC or of an  Affiliate  of BKC or of  another  franchisee  of BKC to leave such employment,  nor to employ such employee  within six (6) months after his or her termination  of  employment  with such  employer,  except with the prior written consent of such employer."
LC00395,LEGAL_DOC_040,legal,0,54,"""The Franchisee  will not directly or indirectly,  at any time during the term of this Agreement or thereafter,  do or cause to be done any act or thing  disputing,  attacking or in any way impairing the validity of and BKC's right,  title or interest in the Burger King Marks and the Burger King System."""
LC00396,LEGAL_DOC_040,legal,0,585,"Accordingly, you covenant and agree that, during the term of this Agreement and for a continuous period of two (2) years after the expiration or termination of this Agreement, and/or a transfer as contemplated in Section 16 above, you will not directly, indirectly, for yourself, or through, on behalf of, or in conjunction with any party, in any manner whatsoever, do any of the following:<omitted>19.3.1 Divert or attempt to divert any actual or potential business or customer of any Goosehead Business to any competitor or otherwise take any action injurious or prejudicial to the goodwill associated with the Marks and the System.<omitted>19.3.3 Own, maintain, develop, operate, engage in, franchise or license, make loans to, lease real or personal property to, be associated with, accept any compensation or remuneration from, and/or have any whatsoever interest in, or render services or give advice to, any Competitive Business.', 'Member covenants and agrees that during the term of the Franchise Agreement, except as otherwise approved in writing by Franchisor, Member will not, either directly or indirectly, for itself, or through, on behalf of, or in conjunction with any person, persons, partnership, corporation, or entity:<omitted>(iii) Either directly or indirectly for him/herself or on behalf of, or in conjunction with any person, persons, partnership, corporation, or entity, own, maintain, operate, engage in, be employed by or accept any compensation or remuneration from, or have any interest in any Competitive Business.', 'Member covenants and agrees that during the Post-Term Period (defined below), except as otherwise approved in writing by Franchisor, Member will not, either directly or indirectly, for itself, or through, on behalf of, or in conjunction with any person, persons, partnership, corporation, or entity, Member will not own, maintain, operate, engage in, be associated with or accept any compensation or remuneration from, or have any interest in or render services or give<omitted>advice to any Competitive Business and which business is, or is intended to be, located within the city or county in which the Approved Location is situated.', 'You further covenant and agree that, for a continuous period of two (2) years after (1) the expiration of this Agreement, (2) the non-renewal of this Agreement, (3) the termination of this Agreement, and/or (4) a transfer as contemplated in Section 16 above: 19.5.1 you will not directly or indirectly, for yourself, or through, on behalf of, or in conjunction with any person, firm, partnership, corporation, or other entity, sell, assign, lease, and/or transfer the Approved Location to any person, firm, partnership, corporation, or other entity that you know, or have reason to know, intends to operate a Competitive Business at the Approved Location; and 19.5.2 you will not solicit, divert, or attempt to solicit or divert any actual or potential business or customer of the Franchised Business to any Competitive Business.', ""Member covenants and agrees that during the term of the Franchise Agreement, except as otherwise approved in writing by Franchisor, Member will not, either directly or indirectly, for itself, or through, on behalf of, or in conjunction with any person, persons, partnership, corporation, or entity:<omitted>(i) Solicit, divert or attempt to solicit or divert any business or customer of the Franchised Business or of any Franchised Business using the System to a Competitive Business, by direct or indirect inducement or otherwise, or do or perform, directly or indirectly, any other act injurious or prejudicial to the goodwill associated with Franchisor's Proprietary Marks and the System."", 'The Franchise Agreement contains a covenant not to compete which extends beyond the termination of the franchise."
LC00397,LEGAL_DOC_040,legal,0,377,"Member covenants and agrees that during the Post-Term Period, Member will not, either directly or indirectly, solicit, divert, or attempt to solicit or divert any actual or potential business or customer of the Franchised Business to any Competitive Business.', 'You further covenant and agree that, for a continuous period of two (2) years after (1) the expiration of this Agreement, (2) the non-renewal of this Agreement, (3) the termination of this Agreement, and/or (4) a transfer as contemplated in Section 16 above: 19.5.1 you will not directly or indirectly, for yourself, or through, on behalf of, or in conjunction with any person, firm, partnership, corporation, or other entity, sell, assign, lease, and/or transfer the Approved Location to any person, firm, partnership, corporation, or other entity that you know, or have reason to know, intends to operate a Competitive Business at the Approved Location; and 19.5.2 you will not solicit, divert, or attempt to solicit or divert any actual or potential business or customer of the Franchised Business to any Competitive Business.', 'Accordingly, you covenant and agree that, during the term of this Agreement and for a continuous period of two (2) years after the expiration or termination of this Agreement, and/or a transfer as contemplated in Section 16 above, you will not directly, indirectly, for yourself, or through, on behalf of, or in conjunction with any party, in any manner whatsoever, do any of the following:<omitted>19.3.1 Divert or attempt to divert any actual or potential business or customer of any Goosehead Business to any competitor or otherwise take any action injurious or prejudicial to the goodwill associated with the Marks and the System.', ""Member covenants and agrees that during the term of the Franchise Agreement, except as otherwise approved in writing by Franchisor, Member will not, either directly or indirectly, for itself, or through, on behalf of, or in conjunction with any person, persons, partnership, corporation, or entity:<omitted>(i) Solicit, divert or attempt to solicit or divert any business or customer of the Franchised Business or of any Franchised Business using the System to a Competitive Business, by direct or indirect inducement or otherwise, or do or perform, directly or indirectly, any other act injurious or prejudicial to the goodwill associated with Franchisor's Proprietary Marks and the System."""
LC00398,LEGAL_DOC_040,legal,0,265,"Member covenants and agrees that during the term of the Franchise Agreement, except as otherwise approved in writing by Franchisor, Member will not, either directly or indirectly, for itself, or through, on behalf of, or in conjunction with any person, persons, partnership, corporation, or entity:<omitted>(ii) Employ or seek to employ any person who is at that time employed by Franchisor, Franchisee, any other franchisee, master franchisee, developer, or development agent, or otherwise directly or indirectly induce such person to leave his or her employment; or', ""Accordingly, you covenant and agree that, during the term of this Agreement and for a continuous period of two (2) years after the expiration or termination of this Agreement, and/or a transfer as contemplated in Section 16 above, you will not directly, indirectly, for yourself, or through, on behalf of, or in conjunction with any party, in any manner whatsoever, do any of the following:<omitted>19.3.2 Employ or seek to employ any person who is then employed by us or any other Goosehead Business franchisee or developer, or otherwise directly or indirectly induce such person to leave his or her employment. In addition to any other rights and remedies available to us under this Agreement, in the event of a violation of this Section, we will have the right to require you to pay to us (or such other Goosehead Business developer or franchisee, as the case may be) an amount equal to three times the annual salary of the person(s) involved in such violation, plus an amount equal to our costs and attorney's fees incurred in connection with such violation."""
LC00399,LEGAL_DOC_040,legal,0,178,"you and your Principal Owners must enter into a non-competition agreement wherein you agree not to engage in a competitive business for a period of two (2) years after the Transfer and within twenty-five (25) miles of your Franchise Premises or any other The Joint Corp. Location franchise location;', 'Therefore, during the term of this Agreement, neither you, nor any Principal Owner, nor any member of your immediate family or of the immediate family of any Principal Owner, shall perform services for, or have any direct or indirect interest as a disclosed or beneficial owner, investor, partner, director, officer, employee, manager, consultant, representative, or agent in, any business that offers products or services the same as or similar to those offered or sold at The Joint Corp. Location franchises.', 'Upon expiration or termination of this Agreement for any reason, you agree not to engage in a competitive business for a period of two (2) years after the termination or expiration and within twenty-five (25) miles of your Franchise Premises or any other The Joint Corp. Location franchise location."
LC00400,LEGAL_DOC_040,legal,0,35,"Although we will not seek to operate or grant others the right to operate a The Joint Corp. Location within the same general area as the Premises, we make no guarantee of any protected territory."
LC00401,LEGAL_DOC_041,legal,0,80,"We have the right to terminate this Agreement effective upon delivery of notice of termination to you, if:<omitted>(8) you are involved in any action that is likely to adversely affect the reputation of the Company, the Franchise, and/or the goodwill associated with the Marks;', 'You further agree to refrain from any business or advertising practice that may be harmful to the business of the Company, the Franchise, and/or the goodwill associated with the Marks and other The Joint Corp. franchises."
LC00402,LEGAL_DOC_041,legal,0,133,"""During the term of this Agreement and for a period of two years after the expiration date of this Agreement, HDI shall not participate in any project similar to the Site on the Internet from which products substantially similar to Deerskin Products (including, without limitation, the products of Wilson's House of Leather, Excelled and and companies similar to Wilson's House of Leather and Excelled) are offered for sale to consumers on the Internet."", ""Except as provided in Section 6.2, during the term of this Agreement, the Company shall not participate in any project similar to the Site on the Internet with respect to Deerskin Products or products substantially similar to Deerskin Products (including, without limitation, the products of Wilson's House of Leather, Excelled and companies similar to Wilson's House of Leather and Excelled)"""
LC00403,LEGAL_DOC_041,legal,0,30,"HDI shall have the exclusive right to use of the ""Deerskin"" brand for a self-contained web site for the offering of Deerskin Products directly to the consumer on the Internet."
LC00404,LEGAL_DOC_041,legal,0,33,"""The Destination shall not contain any links to           any third party sites for the purchase of Competitor's Goods; provided           that the Destination will link to the Co-Host Site (which will sell           Competitor's Goods)."""
LC00405,LEGAL_DOC_041,legal,0,59,"Co-Host shall be the exclusive reseller of           software products (""Software"") at the Originating Locatio', 'Short Term Product Exclusives. For a period of fourteen (14) days           following release of any new NAI Goods or major version releases           (i.e., version 3.0 to 4.0) of existing NAI Goods, Co-Host shall be the           exclusive online seller of any such<omitted>release released during the Term."
LC00406,LEGAL_DOC_041,legal,0,40,"KCI pledges that it will not circumvent the relationships among venders, providers and clients developed by Provider either directly or indirectly, during the contract period and for a period of up to 2 (two) years following termination of this contract"
LC00407,LEGAL_DOC_041,legal,0,82,"""During the term of this Agreement, Corio agrees not          to provide the Software in connection with Corio Services or distribute          the Software under Section 2.5 of this Agreement to the following          companies or their subsidiaries: ***. Corio and Changepoint agree that          on an semi-annual basis, this list of companies will be reviewed by          the parties and each party agrees that its consent to the other          party's request for changes to this list (additions and deletions)          will not be unreasonably withheld or delayed."""
LC00408,LEGAL_DOC_041,legal,0,43,"Starting on the Effective Date, Antares or its Subcontractor shall provide the Manufacturing Services in order to manufacture Devices, Products, sample Products and Trainers exclusively for AMAG for the Territory, all in accordance with the Specifications, Applicable Laws, Quality Agreement and this Agreement."
LC00409,LEGAL_DOC_041,legal,0,148,"""Subject to the terms of this Agreement, subject to Manufacturer meeting EMV's requirements for quality, price and lead- time, EMV hereby grants Manufacturer an exclusive, non-transferable, license (without the right to sublicense) under EMV's Proprietary Rights in the Territory, during the term of this Agreement, to copy the EMV firmware as may be provided by EMV from time to time onto Product units in the manufacturing process at each EMV-approved Manufacturer manufacturing facility."", ""Subject to the terms of this Agreement, subject to Manufacturer meeting EMV's requirements for quality, price and lead- time, EMV hereby grants Manufacturer an exclusive, non-transferable, license (without the right to sublicense) under EMV's Proprietary Rights in the Territory, during the term of this Agreement, to use the Specifications solely for the purpose of manufacturing the Products to fulfil Purchase Orders for EMV."", 'The manufacturing license granted in this Agreement is exclusive within the Territory."
LC00410,LEGAL_DOC_041,legal,0,25,"Unless otherwise instructed by Sonos in writing, IAC is not authorized at any time to sell Custom Components to any third party or IAC Affiliate."
LC00411,LEGAL_DOC_042,legal,0,41,"During the Term of this Agreement and during the three year period after the expiration or termination of this  Agreement, the Licensee will not solicit any person employed by Licensor and/or its Affiliates to leave his or her employment with Licensor."
LC00412,LEGAL_DOC_042,legal,0,62,"During the term of this Agreement and for a period of one year thereafter, both parties agree not to hire or allow its respective affiliates to hire any employee of the other party, or any person who was an employee of the other party during the previous six months and who was directly involved in the provision of services under this Agreement."
LC00413,LEGAL_DOC_042,legal,0,43,"TELKOM shall not copy the source code, nor disclose it to any third party except   agents retained by TELKOM to assist in maintaining the SOFTWARE, provided   that no such agent is in the business of marketing or developing SOFTWARE   competitive with the SOFTWARE."
LC00414,LEGAL_DOC_042,legal,0,174,"""In the event of a Vert-Non-Renewal Election, in addition to any rights or remedies that may be available to Converge under the Subscription License Agreement, the provisions of Section 8 above shall cease to apply with respect to Converge's solicitation or encouragement of any of the VNE Service Personnel to terminate their employment or independent contracting relationship with VNE and become an employee or independent contractor of Converge or its Affiliate."", ""During the Term of this Agreement and for a period of one year thereafter, Converge and Vert each agree not to directly or indirectly solicit, encourage or cause others to solicit or encourage any employees or individual independent contractors of the other party to terminate their employment or independent contracting relationship with the other party and become an employee or independent contractor of the soliciting party or its Affiliate. This provision does not prohibit a party's responding to unsolicited employment inquiries and/or any<omitted>indirect solicitations and other employment activities (e.g., job postings, advertising of positions) that are not specifically targeted at any particular individual."""
LC00415,LEGAL_DOC_042,legal,0,115,"Subject to the condition above, HEMISPHERX hereby grants SCIEN the exclusive license to sell, market, and distribute Product for use in the Field in the Territory for Direct Access/EAP and Regulatory Agency-Approved (RAA) purposes.', 'HEMISPHERX hereby grants to SCIEN and SCIEN hereby accepts the right, privilege and exclusive license to use of ""Interferon alfa-n3 (human leukocyte derived)"" solely in connection with the terms of the Sales, Marketing, Distribution and Supply Agreement of Product in the Territory for the Term of this Agreement. S', 'Subject to the terms and conditions of this Agreement, HEMISPHERX agrees to exclusively supply Product to SCIEN in the Territory with a minimum expiry of 6 months from the date of shipment."
LC00416,LEGAL_DOC_042,legal,0,559,"The Agent covenants and agrees that during the Noncompetition Period, the Agent will not, nor will it permit any Affiliate to, directly or indirectly, own, manage, operate or control, or participate in the ownership, management, operation or control of, or be connected with or have any interest in, as a shareholder, partner, creditor or otherwise, any Competitive Business; provided, however, this Section 6.13(c) shall not apply to those actions of the Agent or any Affiliate (i) to the extent such actions are expressly contemplated by this Agreement, for such term of this Agreement; (ii) to the extent such actions relate to the products listed on Exhibit D hereto in the countries listed therein, the products that the Agent either owns, has contracted to purchase or entered into a letter of intent with respect to as of the Effective Date and such additional products as the parties may from time to time agree (the ""Permitted Products""); (iii) to the extent that the Agent\'s interest in a Competitive Business, as a shareholder, partner, creditor or otherwise, is equal to or less than 5%; or (iv) to any separate agreement with Monsanto with respect to transgenic technology sharing.', 'Except as provided for in Section 3.8, Monsanto covenants and agrees that for the Noncompetition Period, Monsanto will not, nor will it permit any Affiliate to, directly or indirectly, own, manage, operate or control, or participate in the ownership, management, operation or control of, or be connected with or have any interest in, as a shareholder, partner, creditor or otherwise, any ""Competitive Business.""', ""A Competitive Business shall be any business which, anywhere within the Included Markets, (x) manufactures, sells, markets or<omitted>distributes any non-selective weed control product, whether residual or non-residual, for Lawn and Garden Use or (y) competes with the Roundup L&G Business; provided, however, this Section 6.13(b) shall not apply to those actions of Monsanto or any Affiliate (i) to the extent such actions are expressly contemplated by this Agreement, for the duration of this Agreement, (ii) to the extent that immediately upon termination of this Agreement for whatever reason Monsanto or any Affiliates or successor to the Roundup L&G Business shall continue to operate the Roundup L&G Business without infringing this covenant, or (iii) to the extent that Monsanto's interest in a Competitive Business, as a shareholder, partner, creditor or otherwise, is equal to or less than 5%."", ""In the event of a termination of this Agreement by Monsanto pursuant to Section 10.4(a)(2) hereof, or by the Agent pursuant to Section 10.6(c)(1) hereof, then notwithstanding the provisions of Section 6.13 hereof, either party may, no earlier than three (3) years prior to the expiration of the Noncompetition Period, commence non- commercial activities (including formulation development, regulatory registrations, packaging and delivery systems development, and advertising and promotional material development and any other activities not prohibited by Section 6.13 of this Agreement during the Noncompetition Period, but excluding consumer-facing efforts or communications) for the sole purpose of such party's preparation to launch any competing product upon expiration of the Noncompetition Period; and provided, that either party may, no earlier than twelve (12) months prior to the expiration of the Noncompetition Period, engage with retail customers for the sole purpose of selling-in competing products (provided that no product may be shipped to a retail customer or distributor prior to the end of the Noncompetition Period)."""
LC00417,LEGAL_DOC_042,legal,0,170,"During the Exclusive Roundup Sale Period, neither Monsanto nor any of its Affiliates shall, directly or indirectly through its or their agents, employees or representatives or otherwise, solicit, or cause the solicitation of, or in any way encourage the making of, any offer, proposal or indication of interest involving a Roundup Sale or negotiate with, respond to any inquiry from (except for ""no comment"" or another statement agreed to by the Agent), cooperate with or furnish or cause or authorize to be furnished any information to, any third party or its agents, employees or representatives with respect thereto, or disclose to any third party that a Roundup Sale Notice has been provided to the Agent.', ""Subject to the terms and conditions hereof, Monsanto hereby appoints and agrees to use the Agent, and the Agent hereby agrees to serve, as Monsanto's exclusive agent in the Lawn and Garden Market, commencing on the Effective Date, to provide certain services in connection with Monsanto's marketing, sales, and distribution of Roundup Products to Customers."""
LC00418,LEGAL_DOC_042,legal,0,194,"The Agent agrees that for the duration of the Noncompetition Period, without the prior written consent of Monsanto, it will not, nor will it permit any of its Affiliates to (i) solicit for employment any person then employed who works primarily with Roundup Products or with other products with Lawn & Garden Uses (""Lawn & Garden Employee"") by Monsanto or any of its Affiliates or (ii) knowingly employ any Lawn & Garden Employee of Monsanto or any of its Affiliates who voluntarily terminates such employment with Monsanto (or such Affiliate) after the Effective Date, until three months have passed following termination of such employment.', 'Monsanto agrees that for the duration of the Noncompetition Period and for the two years thereafter, without the prior written consent of the Agent, it will not, nor will it permit any of its Affiliates to (i) solicit for employment any person<omitted>then employed by the Agent or any of its Affiliates or (ii) knowingly employ any employee of the Agent or any of its Affiliates who voluntarily terminates such employment with the Agent (or such Affiliate) after the Effective Date, until three months have passed following termination of such employment."
LC00419,LEGAL_DOC_042,legal,0,68,"The parties will ensure that marketing, promotional and selling plans promote the sale of the Natural Products in a manner that is consistent with this Agreement and complementary to Roundup Products, and does not directly or indirectly disparage or advertise against Roundup Products, as set forth in this Agreement.', 'The Agent shall not use or facilitate the use of promotional materials which disparage Roundup Products or Industrial Property."
LC00420,LEGAL_DOC_042,legal,0,43,"Where Oak Ridge has identified a specific market opportunity which has been qualified together with Leclanché pursuant to 5.3 above, the Parties shall undertake to work exclusively with each other on such opportunities;\n\nOtherwise there is no exclusivity expressed or implied by either Party."
LC00421,LEGAL_DOC_043,legal,0,71,"Both Parties agree that during the Term of this Agreement and for a period of two (2) years following the termination, both Parties will not (i) solicit, encourage, or take any other action, which is intended, directly or indirectly, to induce any employee to terminate his or her employment with a Party; or (ii) interfere in any manner with the contractual or employment relationship between the Parties and any their employees."
LC00422,LEGAL_DOC_043,legal,0,178,"Joint Venture Company shall not, and shall cause each SPV and each of their Affiliates not to, directly or indirectly, market or sell any Loop-branded Products or any Products produced using Licensed Subject Matter to any person or entity except to Authorized Customers pursuant to a Transferred Contract (the ""Marketing and Sale Restriction""); provided that if at any time during the term of this Agreement, Loop has delivered Proposed Contract Notices that result in Transferred Contracts having binding purchase and supply obligations for less than [***] of the then existing actual production capacity of a Licensed Facility (taking into account Joint Venture Company\'s reasonable forecasts based on customer requirements, seasonal variations, and other factors) in the subsequent three months (the ""[***]""), Joint Venture Company may market and solicit orders for Licensed Products produced in such Licensed Facility directly to customers and potential customers and enter into supply contracts for the sale of Loop-branded Products or any Products produced using Licensed Subject Matter produced in such Licensed Facility with customers without being restricted by the Marketing and Sale Restriction."
LC00423,LEGAL_DOC_043,legal,0,102,"The Fund hereby appoints [●], and [●] hereby accepts such appointment, as the exclusive Remarketing Agent of the VRRM-MFP Shares for the Variable Rate Remarketed Mode for the purpose of establishing on each Business Day the Dividend Rate in respect of the VRRM-MFP Shares and, in connection with a tender, remarketing such VRRM-MFP Shares on behalf of the Beneficial Owners or Holders thereof, as applicable, and calculating the Purchase Price therefor, among other things; and performing such other duties as are assigned to the Remarketing Agent in the Supplement, all pursuant to the procedures set forth in the Supplement and this Agreement."
LC00424,LEGAL_DOC_043,legal,0,118,"During the Term, PPI and its Affiliates shall not: (i) file for Marketing Authorization with respect to any Competing Product in  any country in the Territory, (ii) manufacture or have manufactured any Competing Product in any country in the Territory, (iii) market or  have marketed any Competing Product in any country in the Territory or (iv) license any Third Party to do any of the foregoing.', 'EKR shall not, during [**], market, distribute or sell a Competing Product in the Territory unless during such time an A/B  rated generic product of the Product(s) is launched in such country of the Territory or in the event this Agreement is terminated or EKR  exercises its rights under Section 17.4 hereof."
LC00425,LEGAL_DOC_043,legal,0,195,"PPI hereby grants EKR the exclusive right and license (with the right to sublicense) to use, market, promote, sell, distribute and warehouse the Products (the ""Distribution Rights"") in the Field in the Territory during the Term, as  well as to make or have made the Products anywhere in the world for import or sale in the Field in the Territory in each case, under the PPI  IP provided that PPI retains all rights necessary to manufacture and supply the Products to EKR in accordance with this Agreement and the  Supply Agreement.', 'Subject to the terms of this Agreement, PPI hereby appoints EKR and EKR agrees to be retained as the exclusive  distributor, and Authorized Distributor of Record, of the Products in the Field in the Territory during the Term to market, distribute,  warehouse and sell the Products.', 'PPI hereby grants to EKR a royalty free and exclusive license (with the right to sublicense) to use the  Trademarks in the Territory solely in connection with the exercise of the Distribution Rights in the Territory during the Term (and thereafter  as set forth in Section 17.4) and EKR shall market and sell the Products under the Trademarks."
LC00426,LEGAL_DOC_043,legal,0,68,"The Company and the Trust (together, the ""Issuers"") hereby appoint  Barclays as exclusive remarketing agent (the ""Remarketing Agent""), and Barclays hereby accepts appointment as Remarketing Agent, for the  purpose of (i) remarketing the Remarketing Securities on behalf of the holders thereof and (ii) performing such other duties as are assigned to the  Remarketing Agent in the Remarketing Procedures, all in accordance with and pursuant to the Remarketing Procedures."
LC00427,LEGAL_DOC_043,legal,0,65,"Surgical shall not promote, market or sell any products for any third party during the Term, which directly or indirectly compete with the Product.', 'During the Term of this Agreement, Surgical will not to enter into any other agreement or arrangement that will directly or indirectly compete with the Services to be rendered hereunder, as such agreement shall be considered a breach of this Agreement."
LC00428,LEGAL_DOC_043,legal,0,92,"During the term hereof and for a period of five (5) years thereafter, each Party agrees not to, either directly or indirectly, for itself or on behalf of any other person, firm, partnership, corporation or other entity hire, solicit, contract for, attempt to solicit, or cause to be solicited, the employment or services of any current or previous employee of the other Party (unless a period of sixty months has elapsed from the last date that such employee was employed by such party) without the prior written consent of such other Party."
LC00429,LEGAL_DOC_043,legal,0,100,"NCB appoints NPC, and NPC agrees to serve, as NCB\'s sole agent (i) to provide authorization, processing and settlement services with respect to Visa and MasterCard transactions (""Merchant Processing Services"") to merchants who desire to receive Merchant Processing Services from NCB or NPC (""Merchants"") and (ii) to enter into contracts with merchants (""Merchant Contracts"") for the provision of Merchant Processing Services as agent of NCB; provided, however, that nothing herein shall limit NPC\'s right to provide, as agent for other members of Visa and MasterCard, Merchant Processing Services to merchants who desire to receive such services from NCB or others."
LC00430,LEGAL_DOC_043,legal,0,31,"During the term of this Agreement, Sabco will not             ----------- represent or accept as a primary, secondary, or associate sponsor any other  company reasonably deemed to be competitive with Prolong products."
LC00431,LEGAL_DOC_044,legal,0,122,"For the purposes of this Agreement, ""Competitors"" means                   online supermarkets, which offer selections of consumer                   packaged goods and groceries comparable to NetGrocer or                   off-Web supermarkets, as listed in Exhibit A. The parties may                   amend Exhibit A from time to time and Excite will not                   unreasonably withhold its consent to the inclusion of bona                   fide Competitors submitted by NetGrocer.', 'EXHIBIT A\n\n                         LIST OF NETGROCER COMPETITORS\n\nPeapod\n\nShoppers Express/Oncart', 'For the term of the Agreement, Excite will not enter into any                   agreement to display and shall not display on the Excite Site                   content created by Excite promoting NetGrocer\'s                   ""Competitors"", content created by NetGrocer\'s Competitors,                   promotional placements and/or advertising banners from                   NetGrocer\'s Competitors or make available on the Excite Site                   online supermarket sales offered by NetGrocer\'s Competitors"
LC00432,LEGAL_DOC_044,legal,0,32,No marketing exclusivity in any category or with respect to any competitors of Sponsor is conferred or implied by this Agreement except to the extent explicitly set forth in the Agreement Summary.
LC00433,LEGAL_DOC_044,legal,0,68,"Subject to the terms and conditions of this Agreement, PivX hereby grants to Detto a non-transferable, exclusive license to distribute PivX\'s Qwik-Fix Pro and any documentation supporting Qwik-Fix Pro provided from time to time by PivX (the ""Documentation"") within North America, solely to third parties to whom Detto licenses Qwik-Fix Pro (""Third Parties""), and as governed by the terms set forth in Exhibit A (PivX/Detto Reseller Agreement Addendum)."
LC00434,LEGAL_DOC_044,legal,0,61,"Subject to payment of the Annual Minimum Commitment (""AMC""  - defined herein), Diversinet hereby grants to Reseller an exclusive, non- transferable and non-assignable right to market, sell, and sub-license those Diversinet products listed in Schedule 2 (the ""Products"") within the  territory listed in Schedule 3 (the ""Territory"") to Canadian headquartered companies, and governmental and broader public sector entities located  in Canada."
LC00435,LEGAL_DOC_044,legal,0,31,"""During the Term, the Reseller agrees that it shall not induce any person employed by Diversinet to leave Diversinet's employ to become an  employee of Reseller or its agents or contractors."""
LC00436,LEGAL_DOC_044,legal,0,24,"Reseller shall not import, promote,\n\n\n\n\n\n          distribute, license, market or sell any products in<omitted>the Territory which directly compete with the TouchStar Software or           Support Services."
LC00437,LEGAL_DOC_044,legal,0,33,Reseller shall not obtain the           TouchStar Software or Support Services (or any software or services           which compete with the TouchStar Software) for sale from any Entity           other than TouchStar or its authorized agents.
LC00438,LEGAL_DOC_044,legal,0,127,"Reseller will not make an offer of<omitted>employment to any former employee of TouchStar for a period of four           (4) months after such employee leaves the employ of TouchStar.', ""During the Term, and for a period of one year           following the termination or expiration of this Agreement, Reseller           will not, directly or indirectly, make an offer of employment to any           current employee of TouchStar or otherwise encourage or solicit any           current employee of TouchStar to leave the employ of TouchStar for any           reason, or to devote less than all of such employee's efforts to the           affairs of TouchStar, without (a) the prior written agreement of           TouchStar, which TouchStar may grant in its sole discretion, and (b)           the payment by Reseller to TouchStar of a mutually agreeable severance           fee."""
LC00439,LEGAL_DOC_044,legal,0,113,"""Subject to the terms and conditions of this Agreement, Supplier agrees that it will, on a non-exclusive basis (but exclusive for supply of the Product in the United States of America including Puerto Rico and the U.S. Virgin Islands), Manufacture (directly or through a designee) for and provide and supply to CUTANEA, and CUTANEA agrees that it will purchase exclusively from Supplier, all of its requirements of the Products as follows: Supplier shall supply Products in accordance with the Specifications and in sufficient quantity to meet CUTANEA's Forecasted Needs for the length of this Agreement. All deviations from the Specifications must be approved by CUTANEA, in writing, prior to Supplier Manufacturing the Product."""
LC00440,LEGAL_DOC_044,legal,0,56,"During the term and for a period of [***] thereafter, neither party shall solicit, induce, encourage or attempt to induce or encourage any employee of the other party with whom such party has had direct contact to terminate his or her employment with such other party or to breach any other obligation to such other party."
LC00441,LEGAL_DOC_045,legal,0,17,"Cremer shall supply Ultragenyx exclusively with the Product worldwide', 'Ultragenyx shall purchase the Product exclusively from Cremer."
LC00442,LEGAL_DOC_045,legal,0,52,"""After a Second Source commences supply of Product, in the event of a shortage of Materials or Product, MediWound will allocate to Vericel its pro rata share of MediWound's supply of the same in a manner no less favorable than those of its equivalently situated customers or MediWound's own similarly situated products."""
LC00443,LEGAL_DOC_045,legal,0,141,"During the first five (5) years of the Term, with respect to the Bulk Vehicle Gel, Intermediate Drug Product and Finished Product, Vericel shall order and purchase such Products exclusively from MediWound in accordance with the terms of this Agreement; provided, however, Vericel may Manufacture or have Manufactured the Products (a) upon the occurrence of a Supply Failure with respect to any Product hereunder, or (b) as otherwise permitted under the terms of the License Agreement or this Agreement.', 'MediWound hereby grants to Vericel an exclusive (even as to MediWound), sublicensable, royalty- free, fully paid-up, license in the Territory to use the Licensed Trademarks (as defined in the License Agreement) and a non- exclusive, sublicensable, royalty-free, fully paid-up, license to use the MediWound name and trademark, in<omitted>each case, in connection with the Manufacture of Licensed Products in or for the Territory."
LC00444,LEGAL_DOC_045,legal,0,25,Publishers may not use either Proprietary Software or             Source Code held in escrow to develop a product that competes with             those services offered by HealthGate.
LC00445,LEGAL_DOC_045,legal,0,43,"""The Publishers grant HealthGate an exclusive right to carry out the       Services, with the exception that the Publishers shall honour current       contracts with third parties and Publisher may publish and licence content       themselves as long as it does not materially reduce HealthGate's revenue."""
LC00446,LEGAL_DOC_045,legal,0,106,"This restriction shall apply to any succinic acid biocatalyst other than E. coli,  be it a biocatalyst developed in-house, licensed-in, or under development at a third party lab that is funded by Bioamber or to which  Bioamber has secured a future right or right of first refusal through direct payment, in kind contribution, grant, gift, differed payment or  commitment to a future payment.', 'Bioamber will not itself or with or through third parties engage in the development of biocatalysts  other than E. coli for the production of succinic acid or salts thereof, except for the development activities under the terms and conditions  of this Development Agreement."
LC00447,LEGAL_DOC_045,legal,0,99,"Bioamber hereby grants Cargill, and Cargill hereby accepts, an exclusive, worldwide, royalty-free license with an unlimited right to  sublicense under and to Bioamber Improvements for use outside the Field during the term of this Development Agreement', 'Cargill hereby grants Bioamber, and Bioamber hereby accepts, an exclusive, royalty-free license to Cargill Improvements and Joint  Improvements for use in the Field during the term of this Development Agreement with a reservation of right for Cargill to practice  such Cargill Improvements and Joint Improvements for use in the field of succinic acid and salts thereof during the term of this  Development Agreement."
LC00448,LEGAL_DOC_045,legal,0,66,"During the initial one year period beginning on the Amendment Date,          Distributor shall be the only distributor appointed by NETGEAR in [*],          subject to Distributor conducting mutually agreed to marketing          activities as described in the Marketing Plan for [*] to be developed          and agreed to by and between the parties and which shall be attached to          and made a part of this Agreement as Exhibit 4a."
LC00449,LEGAL_DOC_045,legal,0,92,"""NETGEAR's agreement not to appoint additional distributors of NETGEAR Products in the Territory during the [*] of this Agreement is predicated upon Distributor performing the mutually agreed upon activities included in the Marketing Plan attached as Exhibit 4."", 'Distributor shall be the only distributor appointed by NETGEAR in the Territory, subject to Distributor conducting mutually agreed to marketing activities as described in the Marketing Plan to be developed and agreed to by and between the parties and which shall be attached to and made a part of this Agreement as Exhibit 4."
LC00450,LEGAL_DOC_045,legal,0,19,Distributor may not sell or license Products directly to end use customers without the express written consent of NETGEAR.
LC00451,LEGAL_DOC_046,legal,0,95,"""Licensor and Licensee do hereby agree that this Amendment shall effect a change in the nature of the distributorship granted to Licensee pursuant to the Distributor Agreement from a non-exclusive to an exclusive distributorship (provided, however, that with respect to Licensor's Partitioned Database Facility product, Licensor also may license such product to International Business Machines Corporation for sublicensing and distribution)."", 'Any and all references in the Distributor Agreement to the rights granted to Licensee as non-exclusive rights are hereby amended to provide that such rights are<omitted>exclusive rights (including without limitation such references in Sections 2.1"
LC00452,LEGAL_DOC_046,legal,0,85,"""Each of Licensor and Licensee understands and acknowledges that Licensor shall be entitled to protect and preserve the going concern value of Licensor's business to the extent permitted by law and that Licensor would not have entered into this Agreement absent the provisions of this Section 10.1 and, therefore, each of Licensor and Licensee agrees that during the term of this Agreement Licensee shall not engage in, represent in any way or be connected with directly or indirectly any business competing with the Licensed Products."""
LC00453,LEGAL_DOC_046,legal,0,139,"Licensor hereby grants to Licensee an exclusive in the Territory to (1) make Sublicense Copies and copies of the Documentation to meet the demand of Redistributors and Customers and (2) market and sublicense Sublicense Copies and copies of the Documentation, together with any copies of promotional and other materials which Licensor may produce or obtain from time to time to assist Licensee in marketing and sublicensing the Licensed Products during the term of this Agreement by any one or more of the following means:\n\n     (a)  TO A REDISTRIBUTOR: To a Redistributor pursuant to a Redistributor           Agreement containing substantially the same terms and conditions as           are set forth in this Agreement (subject to Section 2.5) and a           Sublicense with each Customer of Redistributor in accordance with           subsection 2.2(b); or\n\n     (b)  TO CUSTOMERS: Pursuant to a Sublicense signed by the Customer."
LC00454,LEGAL_DOC_046,legal,0,141,"""To avoid any possibility of confusion of the public, trademark infringement or interference with the rights of the Company, the Professional agrees not to endorse, license or otherwise authorize the use of her name, likeness or image in connection with another company's golf clubs or golf-related clothing or equipment during the Term and for a period of two (2) years thereafter."", 'The Professional agrees (i) to use no golf bag bearing any identification of a competitor of the Company and (ii) to wear no apparel bearing any identification of a competitor of the Company, and will prohibit any caddy of hers from bearing any such identification.', 'The Professional agrees to divest herself of any management or control interest that she currently has in any entity that is a competitor of\n\n\n\n\n\nthe Company, and not to acquire any such interest during the Term."
LC00455,LEGAL_DOC_046,legal,0,247,"The Professional hereby grants to the Company an exclusive license to use her name, likeness, image and personal identification, singly or in any combination, in connection with the production, use, marketing and sale of a ""Kathy Whitworth"" signature line of women\'s golf clubs (the ""Products""), as described more fully in Section 3 below.', 'The Professional hereby grants to the Company the exclusive and worldwide right to use her name, likeness, image and personal identification, singly or in any combination, during the Term and for a period of six (6) months after the Term as provided in Section 2.8, in the creation of two (2) print advertisements per year and one (1) television advertisement per year (together, the ""Advertisements"") for any golf equipment, along with all rights in any images, videos, advertisement copy or other materials created by the Professional or others.', ""The Professional hereby grants to the Company an exclusive license to use her name, likeness, image and personal identification in the Company's catalog of products."", 'The Professional agrees to use only the golf clubs and golf bags of the Company in any golf event, whether professional or social, during the Term.', 'The Professional hereby grants an exclusive, worldwide license to the Company to use the name, likeness, image and personal identification of the Professional, during the Term and for a period of six (6) months after the Term as provided in Section 2.8, in connection with the creation, manufacture, marketing, sale and promotion of the Products."
LC00456,LEGAL_DOC_046,legal,0,101,"acts or omissions reasonably determined by the          Company to be prejudicial or injurious to the business or goodwill of          the Company, its officers, employees, shareholders or products, the          golf industry or professional golf; and', 'use of controlled substances, except as prescribed by          a licensed medical professional in the treatment of illness or disease;', 'conduct which could reasonably be expected to degrade          the Professional, devalue the services of the Professional or to          bring the Professional into public hatred, contempt, scorn or          ridicule, or that could reasonably be expected to shock, insult or          offend the community or to offend public morals or decency."
LC00457,LEGAL_DOC_046,legal,0,67,"During the Term and any renewal terms of the Agreement, and for a period of one (1) year following the expiration or earlier termination thereof, Customer agrees not to work with, directly or indirectly, any Third-Party that Customer comes to know through disclosure by Kubient as part of the Services, without the express written consent of Kubient and compensation to Kubient under the applicable exhibit and/or schedule."
LC00458,LEGAL_DOC_046,legal,0,160,"""During the Term and any renewal terms of the Agreement, and for a period of one (1) year following the expiration or earlier termination thereof, Customer shall not, without Kubient's prior written consent, directly or indirectly (i) solicit or encourage any person to leave the employment or other service of Kubient; or (ii) hire, on behalf of Customer or any other person or entity, any person who has left the employment of Kubient within the one (1) year period following the termination or end of that person's employment."", 'During the Term and any renewal terms of the Agreement, and for a period of one (1) year following the expiration or earlier termination thereof, Customer shall not, whether for its own account or for the account of any other person or entity, interfere with the relationship of Kubient with, or endeavor to entice away from Kubient, any person or entity who was or is a an employee or Third-Party of Kubient."
